name,city,country,iata,lat,lon
Goroka Airport,Goroka,Papua New Guinea,GKA,-6.081689834590001,145.391998291
Madang Airport,Madang,Papua New Guinea,MAG,-5.20707988739,145.789001465
Mount Hagen Kagamuga Airport,Mount Hagen,Papua New Guinea,HGU,-5.826789855957031,144.29600524902344
Nadzab Airport,Nadzab,Papua New Guinea,LAE,-6.569803,146.725977
Port Moresby Jacksons International Airport,Port Moresby,Papua New Guinea,POM,-9.44338035583496,147.22000122070312
Wewak International Airport,Wewak,Papua New Guinea,WWK,-3.58383011818,143.669006348
Narsarsuaq Airport,Narssarssuaq,Greenland,UAK,61.1604995728,-45.4259986877
Godthaab / Nuuk Airport,Godthaab,Greenland,GOH,64.19090271,-51.6781005859
Kangerlussuaq Airport,Sondrestrom,Greenland,SFJ,67.0122218992,-50.7116031647
Thule Air Base,Thule,Greenland,THU,76.5311965942,-68.7032012939
Akureyri Airport,Akureyri,Iceland,AEY,65.66000366210938,-18.07270050048828
Egilsstaðir Airport,Egilsstadir,Iceland,EGS,65.2833023071289,-14.401399612426758
Hornafjörður Airport,Hofn,Iceland,HFN,64.295601,-15.2272
Húsavík Airport,Husavik,Iceland,HZK,65.952301,-17.426001
Ísafjörður Airport,Isafjordur,Iceland,IFJ,66.05809783935547,-23.135299682617188
Keflavik International Airport,Keflavik,Iceland,KEF,63.985000610352,-22.605600357056
Patreksfjörður Airport,Patreksfjordur,Iceland,PFJ,65.555801,-23.965
Reykjavik Airport,Reykjavik,Iceland,RKV,64.1299972534,-21.9405994415
Siglufjörður Airport,Siglufjordur,Iceland,SIJ,66.133301,-18.9167
Vestmannaeyjar Airport,Vestmannaeyjar,Iceland,VEY,63.42430114746094,-20.27890014648437
Sault Ste Marie Airport,Sault Sainte Marie,Canada,YAM,46.48500061035156,-84.5093994140625
St. Anthony Airport,St. Anthony,Canada,YAY,51.3918991089,-56.083099365200006
Tofino / Long Beach Airport,Tofino,Canada,YAZ,49.079833,-125.775583
Kugaaruk Airport,Pelly Bay,Canada,YBB,68.534401,-89.808098
Baie Comeau Airport,Baie Comeau,Canada,YBC,49.13249969482422,-68.20439910888672
CFB Bagotville,Bagotville,Canada,YBG,48.33060073852539,-70.99639892578125
Baker Lake Airport,Baker Lake,Canada,YBK,64.29889678960001,-96.077796936
Campbell River Airport,Campbell River,Canada,YBL,49.950801849365234,-125.27100372314452
Brandon Municipal Airport,Brandon,Canada,YBR,49.91,-99.951897
Cambridge Bay Airport,Cambridge Bay,Canada,YCB,69.1081008911,-105.138000488
Nanaimo Airport,Nanaimo,Canada,YCD,49.0549702249,-123.869862556
Castlegar/West Kootenay Regional Airport,Castlegar,Canada,YCG,49.2963981628,-117.632003784
Miramichi Airport,Chatham,Canada,YCH,47.007801,-65.449203
Charlo Airport,Charlo,Canada,YCL,47.990799,-66.330299
Kugluktuk Airport,Coppermine,Canada,YCO,67.816704,-115.143997
Coronation Airport,Coronation,Canada,YCT,52.0750007629,-111.444999695
Chilliwack Airport,Chilliwack,Canada,YCW,49.1528015137,-121.939002991
Clyde River Airport,Clyde River,Canada,YCY,70.4860992432,-68.5167007446
Coral Harbour Airport,Coral Harbour,Canada,YZS,64.1932983398,-83.3593978882
Dawson City Airport,Dawson,Canada,YDA,64.04309844970703,-139.1280059814453
Burwash Airport,Burwash,Canada,YDB,61.37110137939453,-139.04100036621094
Deer Lake Airport,Deer Lake,Canada,YDF,49.21080017089844,-57.39139938354492
Dease Lake Airport,Dease Lake,Canada,YDL,58.4221992493,-130.031997681
Dauphin Barker Airport,Dauphin,Canada,YDN,51.10079956054688,-100.052001953125
Dawson Creek Airport,Dawson Creek,Canada,YDQ,55.7422981262207,-120.18299865722656
Edmonton International Airport,Edmonton,Canada,YEG,53.3097000122,-113.580001831
Arviat Airport,Eskimo Point,Canada,YEK,61.0942001343,-94.0708007812
Estevan Airport,Estevan,Canada,YEN,49.2103004456,-102.966003418
Edson Airport,Edson,Canada,YET,53.5788993835,-116.464996338
Eureka Airport,Eureka,Canada,YEU,79.9946975708,-85.814201355
Inuvik Mike Zubko Airport,Inuvik,Canada,YEV,68.30419921880001,-133.483001709
Iqaluit Airport,Iqaluit,Canada,YFB,63.756402,-68.555801
Fredericton Airport,Fredericton,Canada,YFC,45.868900299072266,-66.53720092773438
Forestville Airport,Forestville,Canada,YFE,48.74610137939453,-69.09719848632812
Flin Flon Airport,Flin Flon,Canada,YFO,54.6781005859375,-101.68199920654295
Fort Resolution Airport,Fort Resolution,Canada,YFR,61.1808013916,-113.690002441
Fort Simpson Airport,Fort Simpson,Canada,YFS,61.76020050048828,-121.23699951171876
Kingston Norman Rogers Airport,Kingston,Canada,YGK,44.22529983520508,-76.5969009399414
La Grande Rivière Airport,La Grande Riviere,Canada,YGL,53.625301361083984,-77.7042007446289
Gaspé (Michel-Pouliot) Airport,Gaspe,Canada,YGP,48.7752990723,-64.4785995483
Geraldton Greenstone Regional Airport,Geraldton,Canada,YGQ,49.77830123901367,-86.93939971923828
Îles-de-la-Madeleine Airport,Iles De La Madeleine,Canada,YGR,47.42470169067383,-61.778099060058594
Hudson Bay Airport,Hudson Bay,Canada,YHB,52.8166999817,-102.310997009
Dryden Regional Airport,Dryden,Canada,YHD,49.831699,-92.744202
Ulukhaktok Holman Airport,Holman Island,Canada,YHI,70.76280212402344,-117.80599975585938
Gjoa Haven Airport,Gjoa Haven,Canada,YHK,68.635597229,-95.8497009277
John C. Munro Hamilton International Airport,Hamilton,Canada,YHM,43.1735992432,-79.93499755859999
Montréal / Saint-Hubert Airport,Montreal,Canada,YHU,45.5175018311,-73.4169006348
Hay River / Merlyn Carter Airport,Hay River,Canada,YHY,60.8396987915,-115.782997131
Halifax / Stanfield International Airport,Halifax,Canada,YHZ,44.8807983398,-63.5085983276
Atikokan Municipal Airport,Atikokan,Canada,YIB,48.7738990784,-91.6386032104
Pond Inlet Airport,Pond Inlet,Canada,YIO,72.6832962036,-77.9666976929
St Jean Airport,St. Jean,Canada,YJN,45.29439926147461,-73.28109741210938
Stephenville Airport,Stephenville,Canada,YJT,48.5442008972168,-58.54999923706055
Kamloops Airport,Kamloops,Canada,YKA,50.7022018433,-120.444000244
Waterloo Airport,Waterloo,Canada,YKF,43.4608001709,-80.3786010742
Schefferville Airport,Schefferville,Canada,YKL,54.805301666259766,-66.8052978515625
Kindersley Airport,Kindersley,Canada,YKY,51.5175018311,-109.180999756
Buttonville Municipal Airport,Toronto,Canada,YKZ,43.86220169067383,-79.37000274658203
Chapleau Airport,Chapleau,Canada,YLD,47.81999969482422,-83.3467025756836
Meadow Lake Airport,Meadow Lake,Canada,YLJ,54.125301361083984,-108.52300262451172
Lloydminster Airport,Lloydminster,Canada,YLL,53.309200286865234,-110.072998046875
Alert Airport,Alert,Canada,YLT,82.51779937740001,-62.2806015015
Kelowna International Airport,Kelowna,Canada,YLW,49.9561004639,-119.377998352
Mayo Airport,Mayo,Canada,YMA,63.61640167236328,-135.8679962158203
Moose Jaw Air Vice Marshal C. M. McEwen Airport,Moose Jaw,Canada,YMJ,50.330299377441406,-105.55899810791016
Fort McMurray Airport,Fort Mcmurray,Canada,YMM,56.653301239,-111.222000122
Moosonee Airport,Moosonee,Canada,YMO,51.29109954833984,-80.60780334472656
Maniwaki Airport,Maniwaki,Canada,YMW,46.2728004456,-75.9906005859
Montreal International (Mirabel) Airport,Montreal,Canada,YMX,45.679501,-74.038696
Natashquan Airport,Natashquan,Canada,YNA,50.18999862670898,-61.78919982910156
Ottawa / Gatineau Airport,Gatineau,Canada,YND,45.5217018127,-75.5635986328
Matagami Airport,Matagami,Canada,YNM,49.76169967651367,-77.80280303955078
Old Crow Airport,Old Crow,Canada,YOC,67.57060241699219,-139.83900451660156
CFB Cold Lake,Cold Lake,Canada,YOD,54.40499877929688,-110.27899932861328
High Level Airport,High Level,Canada,YOJ,58.62139892578125,-117.16500091552734
Ottawa Macdonald-Cartier International Airport,Ottawa,Canada,YOW,45.3224983215332,-75.66919708251953
Prince Albert Glass Field,Prince Albert,Canada,YPA,53.2141990662,-105.672996521
Peace River Airport,Peace River,Canada,YPE,56.226898,-117.446999
Southport Airport,Portage-la-prairie,Canada,YPG,49.903099,-98.273817
Pickle Lake Airport,Pickle Lake,Canada,YPL,51.4463996887207,-90.21420288085938
Port Menier Airport,Port Menier,Canada,YPN,49.83639907836914,-64.2885971069336
Peterborough Airport,Peterborough,Canada,YPQ,44.22999954223633,-78.36329650878906
Prince Rupert Airport,Prince Pupert,Canada,YPR,54.2860984802,-130.445007324
Fort Chipewyan Airport,Fort Chipewyan,Canada,YPY,58.7672004699707,-111.11699676513672
Muskoka Airport,Muskoka,Canada,YQA,44.974700927734375,-79.30329895019531
Quebec Jean Lesage International Airport,Quebec,Canada,YQB,46.7911,-71.393303
Red Deer Regional Airport,Red Deer Industrial,Canada,YQF,52.18220138549805,-113.8939971923828
Windsor Airport,Windsor,Canada,YQG,42.27560043334961,-82.95559692382812
Watson Lake Airport,Watson Lake,Canada,YQH,60.11640167236328,-128.82200622558594
Kenora Airport,Kenora,Canada,YQK,49.78829956054688,-94.36309814453124
Lethbridge County Airport,Lethbridge,Canada,YQL,49.6302986145,-112.800003052
Greater Moncton International Airport,Moncton,Canada,YQM,46.11220169067383,-64.67859649658203
Comox Airport,Comox,Canada,YQQ,49.71080017089844,-124.88700103759766
Regina International Airport,Regina,Canada,YQR,50.43190002441406,-104.66600036621094
Thunder Bay Airport,Thunder Bay,Canada,YQT,48.37189865112305,-89.32389831542969
Grande Prairie Airport,Grande Prairie,Canada,YQU,55.1796989441,-118.885002136
Yorkton Municipal Airport,Yorkton,Canada,YQV,51.26470184326172,-102.46199798583984
North Battleford Airport,North Battleford,Canada,YQW,52.76919937133789,-108.24400329589844
Gander International Airport,Gander,Canada,YQX,48.9369010925293,-54.56809997558594
Sydney / J.A. Douglas McCurdy Airport,Sydney,Canada,YQY,46.1614,-60.047798
Quesnel Airport,Quesnel,Canada,YQZ,53.026100158691406,-122.51000213623048
Resolute Bay Airport,Resolute,Canada,YRB,74.7169036865,-94.9693984985
Rivière-du-Loup Airport,Riviere Du Loup,Canada,YRI,47.76440048217773,-69.58470153808594
Roberval Airport,Roberval,Canada,YRJ,48.52000045776367,-72.2656021118164
Rocky Mountain House Airport,Rocky Mountain House,Canada,YRM,52.4296989441,-114.903999329
Rankin Inlet Airport,Rankin Inlet,Canada,YRT,62.8114013672,-92.1157989502
Sudbury Airport,Sudbury,Canada,YSB,46.625,-80.79889678955078
Sherbrooke Airport,Sherbrooke,Canada,YSC,45.4385986328125,-71.69139862060547
Saint John Airport,St. John,Canada,YSJ,45.31610107421875,-65.89029693603516
Fort Smith Airport,Fort Smith,Canada,YSM,60.020301818847656,-111.96199798583984
Nanisivik Airport,Nanisivik,Canada,YSR,72.982201,-84.613602
Summerside Airport,Summerside,Canada,YSU,46.44060134887695,-63.83359909057617
Sachs Harbour (David Nasogaluak Jr. Saaryuaq) Airport,Sachs Harbour,Canada,YSY,71.9938964844,-125.242996216
Cape Dorset Airport,Cape Dorset,Canada,YTE,64.2300033569,-76.5267028809
Thompson Airport,Thompson,Canada,YTH,55.80110168457031,-97.86419677734376
CFB Trenton,Trenton,Canada,YTR,44.118900299072266,-77.5280990600586
Timmins/Victor M. Power,Timmins,Canada,YTS,48.5696983337,-81.376701355
Billy Bishop Toronto City Centre Airport,Toronto,Canada,YTZ,43.627499,-79.396202
Tuktoyaktuk Airport,Tuktoyaktuk,Canada,YUB,69.43329620361328,-133.0260009765625
Montreal / Pierre Elliott Trudeau International Airport,Montreal,Canada,YUL,45.4706001282,-73.7407989502
Repulse Bay Airport,Repulse Bay,Canada,YUT,66.5214004517,-86.22470092770001
Hall Beach Airport,Hall Beach,Canada,YUX,68.77610015869999,-81.2425
Rouyn Noranda Airport,Rouyn,Canada,YUY,48.20610046386719,-78.83560180664062
La Ronge Airport,La Ronge,Canada,YVC,55.1514015198,-105.262001038
Vermilion Airport,Vermillion,Canada,YVG,53.3558006287,-110.823997498
Qikiqtarjuaq Airport,Broughton Island,Canada,YVM,67.5457992554,-64.03140258789999
Val-d'Or Airport,Val D'or,Canada,YVO,48.0532989502,-77.7827987671
Kuujjuaq Airport,Quujjuaq,Canada,YVP,58.096099853515625,-68.4269027709961
Norman Wells Airport,Norman Wells,Canada,YVQ,65.28160095214844,-126.7979965209961
Vancouver International Airport,Vancouver,Canada,YVR,49.193901062,-123.183998108
Buffalo Narrows Airport,Buffalo Narrows,Canada,YVT,55.8418998718,-108.417999268
Wiarton Airport,Wiarton,Canada,YVV,44.7458,-81.107201
Petawawa Airport,Petawawa,Canada,YWA,45.95220184326172,-77.31919860839844
Winnipeg / James Armstrong Richardson International Airport,Winnipeg,Canada,YWG,49.9099998474,-97.2398986816
Wabush Airport,Wabush,Canada,YWK,52.92190170288086,-66.8644027709961
Williams Lake Airport,Williams Lake,Canada,YWL,52.1831016541,-122.054000854
Wrigley Airport,Wrigley,Canada,YWY,63.20940017700195,-123.43699645996094
Cranbrook/Canadian Rockies International Airport,Cranbrook,Canada,YXC,49.610801696777,-115.78199768066
Edmonton City Centre (Blatchford Field) Airport,Edmonton,Canada,YXD,53.5724983215,-113.521003723
Saskatoon John G. Diefenbaker International Airport,Saskatoon,Canada,YXE,52.17079925537109,-106.6999969482422
Medicine Hat Airport,Medicine Hat,Canada,YXH,50.01890182495117,-110.72100067138672
Fort St John Airport,Fort Saint John,Canada,YXJ,56.23809814453125,-120.73999786376952
Sioux Lookout Airport,Sioux Lookout,Canada,YXL,50.11389923095703,-91.9052963256836
Pangnirtung Airport,Pangnirtung,Canada,YXP,66.1449966431,-65.71360015869999
Earlton (Timiskaming Regional) Airport,Earlton,Canada,YXR,47.6974006546,-79.8473453522
Prince George Airport,Prince George,Canada,YXS,53.8894004822,-122.679000854
Northwest Regional Airport Terrace-Kitimat,Terrace,Canada,YXT,54.468498,-128.576009
London Airport,London,Canada,YXU,43.035599,-81.1539
Abbotsford Airport,Abbotsford,Canada,YXX,49.025299072265625,-122.36100006103516
Whitehorse / Erik Nielsen International Airport,Whitehorse,Canada,YXY,60.7095985413,-135.067001343
North Bay Jack Garland Airport,North Bay,Canada,YYB,46.363602,-79.422798
Calgary International Airport,Calgary,Canada,YYC,51.113899231,-114.019996643
Smithers Airport,Smithers,Canada,YYD,54.82469940185547,-127.18299865722656
Fort Nelson Airport,Fort Nelson,Canada,YYE,58.8363990784,-122.597000122
Penticton Airport,Penticton,Canada,YYF,49.46310043334961,-119.60199737548828
Charlottetown Airport,Charlottetown,Canada,YYG,46.290000915527344,-63.12110137939453
Taloyoak Airport,Spence Bay,Canada,YYH,69.5466995239,-93.5766983032
Victoria International Airport,Victoria,Canada,YYJ,48.646900177,-123.426002502
Lynn Lake Airport,Lynn Lake,Canada,YYL,56.86389923095703,-101.07599639892578
Swift Current Airport,Swift Current,Canada,YYN,50.2919006348,-107.691001892
Churchill Airport,Churchill,Canada,YYQ,58.739200592041016,-94.06500244140624
Goose Bay Airport,Goose Bay,Canada,YYR,53.3191986084,-60.4258003235
St. John's International Airport,St. John's,Canada,YYT,47.618598938,-52.7518997192
Kapuskasing Airport,Kapuskasing,Canada,YYU,49.41389846801758,-82.46749877929688
Armstrong Airport,Armstrong,Canada,YYW,50.29029846191406,-88.90969848632812
Mont Joli Airport,Mont Joli,Canada,YYY,48.60860061645508,-68.20809936523438
Lester B. Pearson International Airport,Toronto,Canada,YYZ,43.6772003174,-79.63059997559999
Downsview Airport,Toronto,Canada,YZD,43.74250030517578,-79.4655990600586
Gore Bay Manitoulin Airport,Gore Bay,Canada,YZE,45.88529968261719,-82.56780242919922
Yellowknife Airport,Yellowknife,Canada,YZF,62.462799072265625,-114.44000244140624
Slave Lake Airport,Slave Lake,Canada,YZH,55.2930984497,-114.777000427
Sandspit Airport,Sandspit,Canada,YZP,53.25429916379999,-131.813995361
Chris Hadfield Airport,Sarnia,Canada,YZR,42.9994010925293,-82.30889892578125
Port Hardy Airport,Port Hardy,Canada,YZT,50.68059921264648,-127.36699676513672
Whitecourt Airport,Whitecourt,Canada,YZU,54.14390182495117,-115.78700256347656
Sept-Îles Airport,Sept-iles,Canada,YZV,50.22330093383789,-66.2656021118164
Teslin Airport,Teslin,Canada,YZW,60.17279815673828,-132.7429962158203
CFB Greenwood,Greenwood,Canada,YZX,44.98440170288086,-64.91690063476562
Faro Airport,Faro,Canada,ZFA,62.20750045776367,-133.37600708007812
Fort Mcpherson Airport,Fort Mcpherson,Canada,ZFM,67.40750122070312,-134.86099243164062
Blida Airport,Blida,Algeria,QLD,36.50360107421875,2.814169883728028
Bou Saada Airport,Bou Saada,Algeria,BUJ,35.33250045776367,4.206389904022217
Soummam Airport,Bejaja,Algeria,BJA,36.7120018005,5.0699200630200005
Houari Boumediene Airport,Algier,Algeria,ALG,36.69100189208984,3.215409994125366
Djanet Inedbirene Airport,Djanet,Algeria,DJG,24.292801,9.45244
Illizi Takhamalt Airport,Illizi,Algeria,VVZ,26.7234992981,8.62265014648
Aguenar – Hadj Bey Akhamok Airport,Tamanrasset,Algeria,TMR,22.8115005493,5.45107984543
Jijel Ferhat Abbas Airport,Jijel,Algeria,GJL,36.7951011658,5.87361001968
Mecheria Airport,Mecheria,Algeria,MZW,33.535900116,-0.242353007197
Rabah Bitat Airport,Annaba,Algeria,AAE,36.822201,7.809174
Mohamed Boudiaf International Airport,Constantine,Algeria,CZL,36.2760009765625,6.620389938354492
Cheikh Larbi Tébessi Airport,Tebessa,Algeria,TEE,35.4315986633,8.12071990967
Hassi R'Mel Airport,Tilrempt,Algeria,HRM,32.93040084838867,3.311539888381958
Bou Chekif Airport,Tiaret,Algeria,TID,35.3410987854,1.46315002441
Tindouf Airport,Tindouf,Algeria,TIN,27.7003993988,-8.167099952700001
Ech Cheliff Airport,Ech-cheliff,Algeria,CFK,36.2126998901,1.33176994324
Tafaraoui Airport,Oran,Algeria,TAF,35.54240036010742,-0.5322780013084412
Zenata – Messali El Hadj Airport,Tlemcen,Algeria,TLM,35.0167007446,-1.45000004768
Es Senia Airport,Oran,Algeria,ORN,35.6239013672,-0.6211829781529999
Sidi Bel Abbes Airport,Sidi Bel Abbes,Algeria,BFW,35.1717987061,-0.593275010586
Ghriss Airport,Ghriss,Algeria,MUW,35.207698822021484,0.1471419930458068
Touat Cheikh Sidi Mohamed Belkebir Airport,Adrar,Algeria,AZR,27.83760070800781,-0.1864140033721923
Biskra Airport,Biskra,Algeria,BSK,34.7933006287,5.73823022842
El Golea Airport,El Golea,Algeria,ELG,30.5713005065918,2.8595900535583496
Noumérat - Moufdi Zakaria Airport,Ghardaia,Algeria,GHA,32.38410186767578,3.794110059738159
Oued Irara Airport,Hassi Messaoud,Algeria,HME,31.6730003357,6.140439987180001
In Salah Airport,In Salah,Algeria,INZ,27.2509994507,2.51202011108
Touggourt Sidi Madhi Airport,Touggourt,Algeria,TGR,33.06779861450195,6.088669776916504
Laghouat Airport,Laghouat,Algeria,LOO,33.7644004822,2.92833995819
Timimoun Airport,Timimoun,Algeria,TMX,29.2371006012,0.276033014059
Ain el Beida Airport,Ouargla,Algeria,OGX,31.917200088500977,5.412779808044434
In Aménas Airport,Zarzaitine,Algeria,IAM,28.0515,9.64291
Cadjehoun Airport,Cotonou,Benin,COO,6.357230186462402,2.384350061416626
Ouagadougou Airport,Ouagadougou,Burkina Faso,OUA,12.3532,-1.51242
Bobo Dioulasso Airport,Bobo-dioulasso,Burkina Faso,BOY,11.160099983215332,-4.33096981048584
Kotoka International Airport,Accra,Ghana,ACC,5.605189800262451,-0.1667860001325607
Tamale Airport,Tamale,Ghana,TML,9.55718994140625,-0.8632140159606934
Sunyani Airport,Sunyani,Ghana,NYI,7.361830234527588,-2.3287599086761475
Takoradi Airport,Takoradi,Ghana,TKD,4.896059989929199,-1.7747600078582764
Port Bouet Airport,Abidjan,Cote d'Ivoire,ABJ,5.261390209197998,-3.9262900352478023
Bouaké Airport,Bouake,Cote d'Ivoire,BYK,7.738800048828125,-5.073669910430908
Daloa Airport,Daloa,Cote d'Ivoire,DJO,6.792809963226318,-6.473189830780029
Korhogo Airport,Korhogo,Cote d'Ivoire,HGO,9.38718032837,-5.55666017532
Man Airport,Man,Cote d'Ivoire,MJC,7.272069931030273,-7.58735990524292
San Pedro Airport,San Pedro,Cote d'Ivoire,SPY,4.746719837188721,-6.660820007324219
Yamoussoukro Airport,Yamoussoukro,Cote d'Ivoire,ASK,6.9031701088,-5.36558008194
Nnamdi Azikiwe International Airport,Abuja,Nigeria,ABV,9.006790161132812,7.263169765472412
Akure Airport,Akure,Nigeria,AKR,7.246739864349365,5.3010101318359375
Benin Airport,Benin,Nigeria,BNI,6.316979885101318,5.599500179290772
Margaret Ekpo International Airport,Calabar,Nigeria,CBQ,4.976019859313965,8.347200393676758
Akanu Ibiam International Airport,Enugu,Nigeria,ENU,6.474269866943359,7.561960220336914
Ibadan Airport,Ibadan,Nigeria,IBA,7.362460136413574,3.97832989692688
Ilorin International Airport,Ilorin,Nigeria,ILR,8.440210342407227,4.493919849395752
Yakubu Gowon Airport,Jos,Nigeria,JOS,9.639829635620115,8.869050025939941
Kaduna Airport,Kaduna,Nigeria,KAD,10.696000099182127,7.320109844207764
Mallam Aminu International Airport,Kano,Nigeria,KAN,12.0476,8.52462
Maiduguri International Airport,Maiduguri,Nigeria,MIU,11.855299949645996,13.080900192260742
Makurdi Airport,Makurdi,Nigeria,MDI,7.70388,8.61394
Murtala Muhammed International Airport,Lagos,Nigeria,LOS,6.5773701667785645,3.321160078048706
Minna Airport,Minna,Nigeria,MXJ,9.652170181274414,6.462259769439697
Port Harcourt International Airport,Port Hartcourt,Nigeria,PHC,5.0154900550842285,6.94959020614624
Sadiq Abubakar III International Airport,Sokoto,Nigeria,SKO,12.916299819946287,5.207190036773682
Yola Airport,Yola,Nigeria,YOL,9.257550239562988,12.430399894714355
Zaria Airport,Zaria,Nigeria,ZAR,11.1302,7.68581
Maradi Airport,Maradi,Niger,MFQ,13.5024995803833,7.1267499923706055
Diori Hamani International Airport,Niamey,Niger,NIM,13.4815,2.18361
Tahoua Airport,Tahoua,Niger,THZ,14.875699996948242,5.265359878540039
Mano Dayak International Airport,Agadez,Niger,AJY,16.965999603271484,8.000109672546387
Zinder Airport,Zinder,Niger,ZND,13.779000282287598,8.983759880065918
Monastir Habib Bourguiba International Airport,Monastir,Tunisia,MIR,35.75809860229492,10.75469970703125
Tunis Carthage International Airport,Tunis,Tunisia,TUN,36.85100173950195,10.22719955444336
Gafsa Ksar International Airport,Gafsa,Tunisia,GAF,34.422000885009766,8.822500228881836
Gabès Matmata International Airport,Gabes,Tunisia,GAE,33.87689971923828,10.103300094604492
Djerba Zarzis International Airport,Djerba,Tunisia,DJE,33.875,10.775500297546388
El Borma Airport,El Borma,Tunisia,EBM,31.70429992675781,9.254619598388672
Sfax Thyna International Airport,Sfax,Tunisia,SFA,34.71799850463867,10.690999984741213
Tozeur Nefta International Airport,Tozeur,Tunisia,TOE,33.939701080322266,8.110560417175293
Niamtougou International Airport,Niatougou,Togo,LRL,9.767330169677734,1.091249942779541
Lomé-Tokoin Airport,Lome,Togo,LFW,6.165609836578369,1.2545100450515747
Antwerp International Airport (Deurne),Antwerp,Belgium,ANR,51.1893997192,4.46027994156
Brussels Airport,Brussels,Belgium,BRU,50.9014015198,4.48443984985
Brussels South Charleroi Airport,Charleroi,Belgium,CRL,50.459202,4.45382
Wevelgem Airport,Kortrijk-vevelgem,Belgium,KJK,50.817199707,3.20472002029
Liège Airport,Liege,Belgium,LGG,50.63740158081055,5.443220138549805
Ostend-Bruges International Airport,Ostend,Belgium,OST,51.1988983154,2.8622200489
Zoersel (Oostmalle) Airfield,Zoersel,Belgium,OBL,51.264702,4.75333
Altenburg-Nobitz Airport,Altenburg,Germany,AOC,50.981945,12.506389
Riesa-Göhlis Airport,Riesa,Germany,IES,51.2936096191,13.3561105728
Rechlin-Lärz Airport,Rechlin-laerz,Germany,REB,53.306388855,12.7522220612
Schönhagen Airport,Schoenhagen,Germany,QXH,52.203609,13.156389
Barth Airport,Barth,Germany,BBH,54.338253,12.710515
"Magdeburg ""City"" Airport",Magdeburg,Germany,ZMG,52.073612,11.626389
Cottbus-Drewitz Airport,Cottbus,Germany,CBU,51.889442,14.531944
Berlin-Schönefeld Airport,Berlin,Germany,SXF,52.380001,13.5225
Dresden Airport,Dresden,Germany,DRS,51.1328010559082,13.767200469970703
Erfurt Airport,Erfurt,Germany,ERF,50.97980117797852,10.958100318908691
Frankfurt am Main Airport,Frankfurt,Germany,FRA,50.033333,8.570556
Münster Osnabrück Airport,Munster,Germany,FMO,52.134601593,7.68483018875
Hamburg Airport,Hamburg,Germany,HAM,53.630401611328,9.9882297515869
Berlin-Tempelhof International Airport,Berlin,Germany,THF,52.47299957275391,13.403900146484377
Cologne Bonn Airport,Cologne,Germany,CGN,50.8658981323,7.1427397728
Düsseldorf Airport,Duesseldorf,Germany,DUS,51.289501,6.76678
Munich Airport,Munich,Germany,MUC,48.353802,11.7861
Nuremberg Airport,Nuernberg,Germany,NUE,49.498699,11.078056
Leipzig/Halle Airport,Leipzig,Germany,LEJ,51.423889,12.236389
Saarbrücken Airport,Saarbruecken,Germany,SCN,49.2145996094,7.10950994492
Stuttgart Airport,Stuttgart,Germany,STR,48.6898994446,9.22196006775
Berlin-Tegel Airport,Berlin,Germany,TXL,52.5597,13.2877
Hannover Airport,Hannover,Germany,HAJ,52.461101532,9.68507957458
Bremen Airport,Bremen,Germany,BRE,53.0475006104,8.78666973114
Frankfurt-Egelsbach Airport,Egelsbach,Germany,QEF,49.959999,8.645833
Frankfurt-Hahn Airport,Hahn,Germany,HHN,49.9487,7.26389
Mannheim-City Airport,Mannheim,Germany,MHG,49.473057,8.514167
Eisenach-Kindel Airport,Eisenach,Germany,EIB,50.991604,10.47973
Siegerland Airport,Siegerland,Germany,SGE,50.70769882202149,8.082969665527344
Hamburg-Finkenwerder Airport,Hamburg,Germany,XFW,53.5352783203125,9.835556030273438
Kiel-Holtenau Airport,Kiel,Germany,KEL,54.37944412231445,10.145277976989746
Lübeck Blankensee Airport,Luebeck,Germany,LBC,53.8054008484,10.7192001343
Essen Mulheim Airport,Essen,Germany,ESS,51.40230178833008,6.9373297691345215
Bielefeld Airport,Bielefeld,Germany,BFE,51.964722,8.544444
Mönchengladbach Airport,Moenchengladbach,Germany,MGL,51.230278,6.504444
Paderborn Lippstadt Airport,Paderborn,Germany,PAD,51.6141014099,8.616319656369999
Dortmund Airport,Dortmund,Germany,DTM,51.51829910279999,7.61223983765
Augsburg Airport,Augsburg,Germany,AGB,48.425278,10.931667
Oberpfaffenhofen Airport,Oberpfaffenhofen,Germany,OBF,48.081402,11.2831
Straubing Airport,Straubing,Germany,RBM,48.90083312988281,12.516667366027832
Friedrichshafen Airport,Friedrichshafen,Germany,FDH,47.6712989807,9.51148986816
Schwerin Parchim Airport,Parchim,Germany,SZW,53.426998,11.7834
Bayreuth Airport,Bayreuth,Germany,BYU,49.985001,11.64
Burg Feuerstein Airport,Burg Feuerstein,Germany,URD,49.794166564941,11.133610725403
Hof-Plauen Airport,Hof,Germany,HOQ,50.288612365722656,11.856389045715332
Zweibrücken Airport,Zweibruecken,Germany,ZQW,49.2094,7.40056
Donaueschingen-Villingen Airport,Donaueschingen,Germany,ZQL,47.97333145139999,8.52222156525
Braunschweig-Wolfsburg Airport,Braunschweig,Germany,BWE,52.319199,10.5561
Kassel-Calden Airport,Kassel,Germany,KSF,51.417273,9.384967
Bremerhaven Airport,Bremerhaven,Germany,BRV,53.506943,8.572778
Emden Airport,Emden,Germany,EME,53.391109,7.2275
Wilhelmshaven-Mariensiel Airport,Wilhelmshaven,Germany,WVN,53.502220153808594,8.05222225189209
Borkum Airport,Borkum,Germany,BMK,53.59639,6.709167
Norderney Airport,Norderney,Germany,NRD,53.70694351196289,7.230000019073486
Flensburg-Schäferhaus Airport,Flensburg,Germany,FLF,54.77333450317383,9.378889083862305
Westerland Sylt Airport,Westerland,Germany,GWT,54.9132003784,8.34047031403
Kärdla Airport,Kardla,Estonia,KDL,58.99079895019531,22.830699920654297
Kuressaare Airport,Kuressaare,Estonia,URE,58.22990036010742,22.50950050354004
Pärnu Airport,Parnu,Estonia,EPU,58.41899871826172,24.47279930114746
Lennart Meri Tallinn Airport,Tallinn-ulemiste International,Estonia,TLL,59.41329956049999,24.8327999115
Tartu Airport,Tartu,Estonia,TAY,58.3074989319,26.690399169900004
Enontekio Airport,Enontekio,Finland,ENF,68.362602233887,23.424299240112
Halli Airport,Halli,Finland,KEV,61.856039,24.786686
Helsinki Malmi Airport,Helsinki,Finland,HEM,60.25460052490234,25.042800903320312
Helsinki Vantaa Airport,Helsinki,Finland,HEL,60.317199707031,24.963300704956
Hyvinkää Airfield,Hyvinkaa,Finland,HYV,60.6543998718,24.8810997009
Kitee Airport,Kitee,Finland,KTQ,62.1661,30.073601
Ivalo Airport,Ivalo,Finland,IVL,68.607299804688,27.405300140381
Joensuu Airport,Joensuu,Finland,JOE,62.662899017334,29.607500076294
Jyvaskyla Airport,Jyvaskyla,Finland,JYV,62.399501800537,25.678300857544
Kauhava Airport,Kauhava,Finland,KAU,63.127102,23.051399
Kemi-Tornio Airport,Kemi,Finland,KEM,65.778701782227,24.582099914551
Kajaani Airport,Kajaani,Finland,KAJ,64.285499572754,27.692399978638
Kauhajoki Airport,Kauhajoki,Finland,KHJ,62.4625015259,22.3931007385
Kokkola-Pietarsaari Airport,Kruunupyy,Finland,KOK,63.721199035645,23.143100738525
Kuusamo Airport,Kuusamo,Finland,KAO,65.987602233887,29.239400863647
Kittilä Airport,Kittila,Finland,KTT,67.700996398926,24.846799850464
Kuopio Airport,Kuopio,Finland,KUO,63.007099151611,27.797800064087
Lahti Vesivehmaa Airport,Vesivehmaa,Finland,QLF,61.144199,25.693501
Lappeenranta Airport,Lappeenranta,Finland,LPP,61.044601,28.144743
Mariehamn Airport,Mariehamn,Finland,MHQ,60.122200012207,19.898199081421
Mikkeli Airport,Mikkeli,Finland,MIK,61.6866,27.201799
Oulu Airport,Oulu,Finland,OUL,64.930099487305,25.354600906372
Pori Airport,Pori,Finland,POR,61.461700439453,21.799999237061
Rovaniemi Airport,Rovaniemi,Finland,RVN,66.564796447754,25.830400466919
Savonlinna Airport,Savonlinna,Finland,SVL,61.943099975586,28.945100784302
Sodankyla Airport,Sodankyla,Finland,SOT,67.3949966431,26.6191005707
Tampere-Pirkkala Airport,Tampere,Finland,TMP,61.414100646973,23.604400634766
Turku Airport,Turku,Finland,TKU,60.514099121094,22.262800216675
Utti Air Base,Utti,Finland,UTI,60.89640045166,26.938400268555
Vaasa Airport,Vaasa,Finland,VAA,63.050701141357,21.762199401855
Varkaus Airport,Varkaus,Finland,VRK,62.171100616455,27.868600845337
Ylivieska Airfield,Ylivieska-raudaskyla,Finland,YLI,64.0547222,24.7252778
Belfast International Airport,Belfast,United Kingdom,BFS,54.6575012207,-6.21582984924
St Angelo Airport,Enniskillen,United Kingdom,ENK,54.39889907836914,-7.651669979095459
George Best Belfast City Airport,Belfast,United Kingdom,BHD,54.61809921264648,-5.872499942779541
City of Derry Airport,Londonderry,United Kingdom,LDY,55.04280090332031,-7.161109924316406
Birmingham International Airport,Birmingham,United Kingdom,BHX,52.4538993835,-1.74802994728
Coventry Airport,Coventry,United Kingdom,CVT,52.3697013855,-1.47971999645
Gloucestershire Airport,Golouchestershire,United Kingdom,GLO,51.89419937133789,-2.167220115661621
Cotswold Airport,Pailton,United Kingdom,GBA,51.668095,-2.05694
Manchester Airport,Manchester,United Kingdom,MAN,53.35369873046875,-2.2749500274658203
Newquay Cornwall Airport,Newquai,United Kingdom,NQY,50.44060134887695,-4.995409965515137
RAF Lyneham,Lyneham,United Kingdom,LYE,51.5051,-1.99343
RNAS Yeovilton,Yeovilton,United Kingdom,YEO,51.0093994140625,-2.638819932937622
Haverfordwest Airport,Haverfordwest,United Kingdom,HAW,51.833099365234375,-4.9611101150512695
Cardiff International Airport,Cardiff,United Kingdom,CWL,51.39670181274414,-3.343329906463623
Swansea Airport,Swansea,United Kingdom,SWS,51.60530090332031,-4.0678300857543945
Bristol Airport,Bristol,United Kingdom,BRS,51.382702,-2.71909
Liverpool John Lennon Airport,Liverpool,United Kingdom,LPL,53.33359909057617,-2.849720001220703
London Luton Airport,London,United Kingdom,LTN,51.874698638916016,-0.3683330118656158
Plymouth City Airport,Plymouth,United Kingdom,PLH,50.422798,-4.10583
Bournemouth Airport,Bournemouth,United Kingdom,BOH,50.77999877929688,-1.8424999713897705
Southampton Airport,Southampton,United Kingdom,SOU,50.95029830932617,-1.3567999601364136
Lasham Airport,Lasham,United Kingdom,QLA,51.187198638916016,-1.0334999561309814
Alderney Airport,Alderney,Guernsey,ACI,49.706104,-2.21472
Guernsey Airport,Guernsey,Guernsey,GCI,49.435001373291016,-2.601969957351685
Jersey Airport,Jersey,Jersey,JER,49.20790100097656,-2.195509910583496
Shoreham Airport,Shoreham By Sea,United Kingdom,ESH,50.835602,-0.297222
London Biggin Hill Airport,Biggin Hill,United Kingdom,BQH,51.33079910279999,0.0324999988079
London Gatwick Airport,London,United Kingdom,LGW,51.148102,-0.190278
London City Airport,London,United Kingdom,LCY,51.505299,0.055278
Farnborough Airport,Farnborough,United Kingdom,FAB,51.2757987976,-0.776332974434
Blackbushe Airport,Blackbushe,United Kingdom,BBS,51.32389831542969,-0.8475000262260437
London Heathrow Airport,London,United Kingdom,LHR,51.4706,-0.461941
Southend Airport,Southend,United Kingdom,SEN,51.5713996887207,0.6955559849739075
Lydd Airport,Lydd,United Kingdom,LYX,50.95610046386719,0.939167022705078
Kent International Airport,Manston,United Kingdom,MSE,51.342201,1.34611
Carlisle Airport,Carlisle,United Kingdom,CAX,54.9375,-2.8091700077056885
Blackpool International Airport,Blackpool,United Kingdom,BLK,53.77170181274414,-3.0286099910736084
Humberside Airport,Humberside,United Kingdom,HUY,53.57440185546875,-0.350832998752594
Barrow Walney Island Airport,Barrow Island,United Kingdom,BWF,54.1286111,-3.2675
Leeds Bradford Airport,Leeds,United Kingdom,LBA,53.86589813232422,-1.6605700254440308
Warton Airport,Warton,United Kingdom,WRT,53.745098,-2.88306
Hawarden Airport,Hawarden,United Kingdom,CEG,53.1781005859375,-2.977780103683472
Isle of Man Airport,Isle Of Man,Isle of Man,IOM,54.08330154418945,-4.623889923095703
Newcastle Airport,Newcastle,United Kingdom,NCL,55.03749847412109,-1.6916699409484863
Durham Tees Valley Airport,Teesside,United Kingdom,MME,54.50920104980469,-1.4294099807739258
East Midlands Airport,East Midlands,United Kingdom,EMA,52.8311004639,-1.32806003094
Kirkwall Airport,Kirkwall,United Kingdom,KOI,58.957801818847656,-2.9049999713897705
Sumburgh Airport,Sumburgh,United Kingdom,LSI,59.87889862060547,-1.295560002326965
Wick Airport,Wick,United Kingdom,WIC,58.45890045166016,-3.09306001663208
Aberdeen Dyce Airport,Aberdeen,United Kingdom,ABZ,57.20190048217773,-2.197779893875122
Inverness Airport,Inverness,United Kingdom,INV,57.54249954223633,-4.047500133514404
Glasgow International Airport,Glasgow,United Kingdom,GLA,55.8718986511,-4.43306016922
Edinburgh Airport,Edinburgh,United Kingdom,EDI,55.95000076293945,-3.372499942779541
Islay Airport,Islay,United Kingdom,ILY,55.68190002441406,-6.256669998168945
Glasgow Prestwick Airport,Prestwick,United Kingdom,PIK,55.5093994140625,-4.586669921875
Benbecula Airport,Benbecula,United Kingdom,BEB,57.48109817504883,-7.362780094146728
Scatsta Airport,Scatsta,United Kingdom,SCS,60.43280029296875,-1.2961100339889526
Dundee Airport,Dundee,United Kingdom,DND,56.45249938964844,-3.025830030441284
Stornoway Airport,Stornoway,United Kingdom,SYY,58.215599060058594,-6.331110000610352
Tiree Airport,Tiree,United Kingdom,TRE,56.49919891357422,-6.869170188903809
RAF Leuchars,Leuchars,United Kingdom,ADX,56.37289810180664,-2.8684399127960205
RAF Lossiemouth,Lossiemouth,United Kingdom,LMO,57.7052001953125,-3.339169979095459
Cambridge Airport,Cambridge,United Kingdom,CBG,52.205002,0.175
Norwich International Airport,Norwich,United Kingdom,NWI,52.6758003235,1.28278005123
London Stansted Airport,London,United Kingdom,STN,51.8849983215,0.234999999404
Exeter International Airport,Exeter,United Kingdom,EXT,50.73440170288086,-3.4138898849487305
Bristol Filton Airport,Bristol,United Kingdom,FZO,51.5194015503,-2.59083008766
Oxford (Kidlington) Airport,Oxford,United Kingdom,OXF,51.8368988037,-1.32000005245
RAF Benson,Benson,United Kingdom,BEX,51.6164016724,-1.09582996368
RAF Lakenheath,Lakenheath,United Kingdom,LKZ,52.4093017578,0.56099998951
RAF Mildenhall,Mildenhall,United Kingdom,MHZ,52.36190032958984,0.486405998468399
RAF Wyton,Wyton,United Kingdom,QUY,52.3572006226,-0.107832998037
RAF Fairford,Fairford,United Kingdom,FFD,51.6822013855,-1.7900300025900002
RAF Brize Norton,Brize Norton,United Kingdom,BZZ,51.75,-1.58362
RAF Odiham,Odiham,United Kingdom,ODH,51.2341003418,-0.94282501936
RAF Northolt,Northolt,United Kingdom,NHT,51.5530014038,-0.418166995049
RAF Coningsby,Coningsby,United Kingdom,QCY,53.0929985046,-0.166014000773
RAF Honington,Honington,United Kingdom,BEQ,52.34260177612305,0.7729390263557434
RAF Scampton,Scampton,United Kingdom,SQZ,53.307800293,-0.550832986832
RAF Linton-On-Ouse,Linton-on-ouse,United Kingdom,HRT,54.0489006042,-1.2527500391
RAF Waddington,Waddington,United Kingdom,WTN,53.1661987305,-0.523810982704
RAF Marham,Marham,United Kingdom,KNF,52.648395,0.550692
Mount Pleasant Airport,Mount Pleasant,Falkland Islands,MPN,-51.82279968261719,-58.44720077514648
Amsterdam Airport Schiphol,Amsterdam,Netherlands,AMS,52.308601,4.76389
Maastricht Aachen Airport,Maastricht,Netherlands,MST,50.911701,5.77014
Eindhoven Airport,Eindhoven,Netherlands,EIN,51.4500999451,5.37452983856
Eelde Airport,Groningen,Netherlands,GRQ,53.1197013855,6.57944011688
Gilze Rijen Air Base,Gilze-rijen,Netherlands,GLZ,51.56740188598633,4.931829929351807
De Kooy Airport,De Kooy,Netherlands,DHR,52.92340087890625,4.780620098114014
Lelystad Airport,Lelystad,Netherlands,LEY,52.4603,5.52722
Leeuwarden Air Base,Leeuwarden,Netherlands,LWR,53.22859954833984,5.760560035705566
Rotterdam The Hague Airport,Rotterdam,Netherlands,RTM,51.956902,4.43722
Soesterberg Air Base,Soesterberg,Netherlands,UTC,52.1273002625,5.27618980408
Twente Airport,Enschede,Netherlands,ENS,52.275833,6.889167
Valkenburg Naval Air Base,Valkenburg,Netherlands,LID,52.1660995483,4.41794013977
Woensdrecht Air Base,Woensdrecht,Netherlands,WOE,51.4491,4.34203
Cork Airport,Cork,Ireland,ORK,51.84130096435547,-8.491109848022461
Galway Airport,Galway,Ireland,GWY,53.300201416015625,-8.941590309143066
Dublin Airport,Dublin,Ireland,DUB,53.421299,-6.27007
Ireland West Knock Airport,Connaught,Ireland,NOC,53.910301208496094,-8.818490028381348
Kerry Airport,Kerry,Ireland,KIR,52.18090057373047,-9.52377986907959
Shannon Airport,Shannon,Ireland,SNN,52.702,-8.92482
Sligo Airport,Sligo,Ireland,SXL,54.280200958252,-8.5992097854614
Waterford Airport,Waterford,Ireland,WAT,52.187198638916016,-7.086959838867188
Aarhus Airport,Aarhus,Denmark,AAR,56.2999992371,10.619000434899998
Billund Airport,Billund,Denmark,BLL,55.7402992249,9.15178012848
Copenhagen Kastrup Airport,Copenhagen,Denmark,CPH,55.617900848389,12.656000137329
Esbjerg Airport,Esbjerg,Denmark,EBJ,55.525902,8.5534
Karup Airport,Karup,Denmark,KRP,56.29750061035156,9.124629974365234
Læsø Airport,Laeso,Denmark,BYR,57.27719879150391,11.000100135803224
Lolland Falster Maribo Airport,Maribo,Denmark,MRW,54.699299,11.4401
Odense Airport,Odense,Denmark,ODE,55.47669982910156,10.330900192260742
Copenhagen Roskilde Airport,Copenhagen,Denmark,RKE,55.58560180664063,12.131400108337402
Bornholm Airport,Ronne,Denmark,RNN,55.06330108642578,14.759599685668944
Sønderborg Airport,Soenderborg,Denmark,SGD,54.96440124511719,9.791729927062988
Skrydstrup Air Base,Skrydstrup,Denmark,SKS,55.221048,9.26702
Skive Airport,Skive,Denmark,SQW,56.550201416015625,9.172980308532717
Thisted Airport,Thisted,Denmark,TED,57.06880187988281,8.705220222473145
Vagar Airport,Vagar,Faroe Islands,FAE,62.0635986328125,-7.277219772338867
Stauning Airport,Stauning,Denmark,STA,55.9901008605957,8.353910446166992
Aalborg Airport,Aalborg,Denmark,AAL,57.0927589138,9.84924316406
Luxembourg-Findel International Airport,Luxemburg,Luxembourg,LUX,49.6233333,6.2044444
Ålesund Airport,Alesund,Norway,AES,62.5625,6.119699954986572
Andøya Airport,Andoya,Norway,ANX,69.292503356934,16.144199371338
Alta Airport,Alta,Norway,ALF,69.976097106934,23.371700286865
Brønnøysund Airport,Bronnoysund,Norway,BNN,65.461097717285,12.217499732971
Bodø Airport,Bodo,Norway,BOO,67.26920318603516,14.365300178527832
Bergen Airport Flesland,Bergen,Norway,BGO,60.29339981,5.218140125
Båtsfjord Airport,Batsfjord,Norway,BJF,70.60050201416,29.691400527954
Kristiansand Airport,Kristiansand,Norway,KRS,58.204201,8.08537
Geilo Airport Dagali,Geilo,Norway,DLD,60.41730117797852,8.518349647521973
Bardufoss Airport,Bardufoss,Norway,BDU,69.055801391602,18.540399551392
"Harstad/Narvik Airport, Evenes",Harstad/Narvik,Norway,EVE,68.491302490234,16.678100585938
Leirin Airport,Fagernes,Norway,VDB,61.015598297119,9.2880601882935
Florø Airport,Floro,Norway,FRO,61.583599090576,5.0247201919556
Oslo Lufthavn,Oslo,Norway,OSL,60.121,11.0502
Haugesund Airport,Haugesund,Norway,HAU,59.34529876709,5.2083601951599
Hasvik Airport,Hasvik,Norway,HAA,70.486701965332,22.139699935913
Kristiansund Airport (Kvernberget),Kristiansund,Norway,KSU,63.111801147461,7.824520111084
Kirkenes Airport (Høybuktmoen),Kirkenes,Norway,KKN,69.725799560547,29.891300201416
Lista Airport,Farsund,Norway,FAN,58.0994987487793,6.626049995422363
Molde Airport,Molde,Norway,MOL,62.744701385498,7.2624998092651
Mosjøen Airport (Kjærstad),Mosjoen,Norway,MJF,65.783996582031,13.214900016785
Banak Airport,Lakselv,Norway,LKL,70.068801879883,24.973499298096
Notodden Airport,Notodden,Norway,NTB,59.565701,9.21222
Ørland Airport,Orland,Norway,OLA,63.69889831542969,9.604000091552734
Røros Airport,Roros,Norway,RRS,62.578399658203,11.342300415039
"Moss Airport, Rygge",Rygge,Norway,RYG,59.378817,10.785439
"Svalbard Airport, Longyear",Svalbard,Norway,LYR,78.246101379395,15.465600013733
Skien Airport,Skien,Norway,SKE,59.185001373291016,9.566940307617188
Stord Airport,Stord,Norway,SRP,59.791900634765625,5.340849876403809
Sandnessjøen Airport (Stokka),Sandnessjoen,Norway,SSJ,65.956802368164,12.468899726868
"Tromsø Airport,",Tromso,Norway,TOS,69.68329620361328,18.91889953613281
"Sandefjord Airport, Torp",Sandefjord,Norway,TRF,59.1866989136,10.258600235
Trondheim Airport Værnes,Trondheim,Norway,TRD,63.4578018,10.9239998
Stavanger Airport Sola,Stavanger,Norway,SVG,58.876701354,5.6377801895
Gdańsk Lech Wałęsa Airport,Gdansk,Poland,GDN,54.37760162353516,18.46619987487793
Kraków John Paul II International Airport,Krakow,Poland,KRK,50.077702,19.7848
Katowice International Airport,Katowice,Poland,KTW,50.4743,19.08
Poznań-Ławica Airport,Poznan,Poland,POZ,52.4210014343,16.8262996674
Rzeszów-Jasionka Airport,Rzeszow,Poland,RZE,50.1100006104,22.0189990997
"Szczecin-Goleniów ""Solidarność"" Airport",Szczecin,Poland,SZZ,53.584701538100006,14.9021997452
Redzikowo Air Base,Slupsk,Poland,OSP,54.47890090942383,17.107500076293945
Warsaw Chopin Airport,Warsaw,Poland,WAW,52.1656990051,20.9671001434
Copernicus Wrocław Airport,Wroclaw,Poland,WRO,51.1026992798,16.885799408
Zielona Góra-Babimost Airport,Zielona Gora,Poland,IEG,52.1385002136,15.7986001968
Ronneby Airport,Ronneby,Sweden,RNB,56.266700744629,15.265000343323
Gothenburg-Landvetter Airport,Gothenborg,Sweden,GOT,57.662799835205,12.279800415039
Jönköping Airport,Joenkoeping,Sweden,JKG,57.757598876953125,14.068699836730955
Lidköping-Hovby Airport,Lidkoping,Sweden,LDK,58.4655,13.1744
Gothenburg City Airport,Gothenborg,Sweden,GSE,57.7747,11.8704
Skövde Airport,Skovde,Sweden,KVB,58.45640182495117,13.972700119018556
Trollhättan-Vänersborg Airport,Trollhattan,Sweden,THN,58.31809997558594,12.345000267028809
Karlskoga Airport,Karlskoga,Sweden,KSK,59.34590148925781,14.49590015411377
Mora Airport,Mora,Sweden,MXX,60.957901,14.5114
Stockholm Skavsta Airport,Stockholm,Sweden,NYO,58.78860092163086,16.912200927734375
Kristianstad Airport,Kristianstad,Sweden,KID,55.92169952392578,14.08549976348877
Oskarshamn Airport,Oskarshamn,Sweden,OSK,57.350498,16.497999
Kalmar Airport,Kalkmar,Sweden,KLR,56.68550109863281,16.287599563598633
Malmö Sturup Airport,Malmoe,Sweden,MMX,55.536305364,13.3761978149
Halmstad Airport,Halmstad,Sweden,HAD,56.69110107421875,12.820199966430664
Växjö Kronoberg Airport,Vaxjo,Sweden,VXO,56.92910003662109,14.727999687194824
Sveg Airport,Sveg,Sweden,EVG,62.04779815673828,14.422900199890137
Gällivare Airport,Gallivare,Sweden,GEV,67.13240051269531,20.814599990844727
Hudiksvall Airport,Hudiksvall,Sweden,HUV,61.7681007385,17.0806999207
Kramfors Sollefteå Airport,Kramfors,Sweden,KRF,63.04859924316406,17.76889991760254
Lycksele Airport,Lycksele,Sweden,LYC,64.54830169677734,18.71619987487793
Sundsvall-Härnösand Airport,Sundsvall,Sweden,SDL,62.528099060058594,17.443899154663086
Örnsköldsvik Airport,Ornskoldsvik,Sweden,OER,63.40829849243164,18.989999771118164
Kiruna Airport,Kiruna,Sweden,KRN,67.821998596191,20.336799621582
Skellefteå Airport,Skelleftea,Sweden,SFT,64.62480163574219,21.07690048217773
Umeå Airport,Umea,Sweden,UME,63.791801452637,20.282800674438
Vilhelmina Airport,Vilhelmina,Sweden,VHM,64.5791015625,16.833599090576172
Arvidsjaur Airport,Arvidsjaur,Sweden,AJR,65.59030151367188,19.28190040588379
Örebro Airport,Orebro,Sweden,ORB,59.22370147705078,15.038000106811523
Stockholm Västerås Airport,Vasteras,Sweden,VST,59.58940124511719,16.63360023498535
Luleå Airport,Lulea,Sweden,LLA,65.543800354004,22.121999740601
Stockholm-Arlanda Airport,Stockholm,Sweden,ARN,59.651901245117,17.918600082397
Stockholm-Bromma Airport,Stockholm,Sweden,BMA,59.354400634765625,17.941699981689453
Borlange Airport,Borlange,Sweden,BLE,60.422000885009766,15.515199661254885
Hultsfred Airport,Hultsfred,Sweden,HLF,57.525799,15.8233
Gävle Sandviken Airport,Gavle,Sweden,GVX,60.593299865722656,16.951400756835938
Linköping City Airport,Linkoeping,Sweden,LPI,58.4062004089,15.6805000305
Norrköping Airport,Norrkoeping,Sweden,NRK,58.58629989624024,16.250600814819336
Eskilstuna Airport,Eskilstuna,Sweden,EKT,59.35110092163086,16.70840072631836
Visby Airport,Visby,Sweden,VBY,57.662799835205,18.346200942993
Spangdahlem Air Base,Spangdahlem,Germany,SPM,49.9726982117,6.69250011444
Ramstein Air Base,Ramstein,Germany,RMS,49.4369010925293,7.600279808044434
[Duplicate] Giebelstadt Army Air Field,Giebelstadt,Germany,GHF,49.6481018066,9.966489791870002
Celle Airport,Celle,Germany,ZCN,52.59120178222656,10.022100448608398
Fritzlar Airport,Fritzlar,Germany,FRZ,51.1146,9.286
Hanau Army Air Field,Hanau,Germany,ZNF,50.169201,8.96159
Flugplatz Kitzingen,Kitzingen,Germany,KZG,49.743099,10.2006
Nordholz Naval Airbase,Nordholz,Germany,FCN,53.7677001953,8.658499717709999
Geilenkirchen Air Base,Geilenkirchen,Germany,GKE,50.9608,6.04242
Rostock-Laage Airport,Laage,Germany,RLG,53.9182014465,12.2783002853
Schleswig Air Base,Schleswig,Germany,WBG,54.459301,9.51633
Wiesbaden Army Airfield,Wiesbaden,Germany,WIE,50.049800872802734,8.325400352478027
Fürstenfeldbruck Air Base,Fuerstenfeldbruck,Germany,FEL,48.205555,11.266944
Ingolstadt Manching Airport,Ingolstadt,Germany,IGS,48.7156982421875,11.534000396728516
Gütersloh Air Base,Guetersloh,Germany,GUT,51.922798,8.30633
Alexander Bay Airport,Alexander Bay,South Africa,ALJ,-28.575001,16.5333
Aggeneys Airport,Aggeneys,South Africa,AGZ,-29.28179931640625,18.813899993896484
Bisho Airport,Bisho,South Africa,BIY,-32.8970985413,27.2791004181
Bram Fischer International Airport,Bloemfontein,South Africa,BFN,-29.0926990509,26.302400589
Cape Town International Airport,Cape Town,South Africa,CPT,-33.9648017883,18.6016998291
King Shaka International Airport,Durban,South Africa,DUR,-29.6144444444,31.1197222222
Ben Schoeman Airport,East London,South Africa,ELS,-33.0355987549,27.8258991241
Ficksburg Sentraoes Airport,Ficksburg,South Africa,FCB,-28.82309913635254,27.908899307250977
Grand Central Airport,Johannesburg,South Africa,GCJ,-25.986299514799995,28.1401004791
George Airport,George,South Africa,GRJ,-34.0056,22.378902
Harrismith Airport,Harrismith,South Africa,HRS,-28.23509979248047,29.106199264526367
Hoedspruit Air Force Base Airport,Hoedspruit,South Africa,HDS,-24.3686008453,31.0487003326
OR Tambo International Airport,Johannesburg,South Africa,JNB,-26.1392,28.246
P C Pelser Airport,Klerksdorp,South Africa,KXE,-26.8710994720459,26.718000411987305
Kimberley Airport,Kimberley,South Africa,KIM,-28.802799224900003,24.7651996613
Johan Pienaar Airport,Kuruman,South Africa,KMH,-27.45669937133789,23.411399841308597
Kleinsee Airport,Kleinsee,South Africa,KLZ,-29.6884002686,17.093999862700002
Lanseria Airport,Johannesburg,South Africa,HLA,-25.9384994507,27.9260997772
Langebaanweg Airport,Langebaanweg,South Africa,SDB,-32.9688987732,18.1602993011
Ladysmith Airport,Ladysmith,South Africa,LAY,-28.5816993713,29.7497005463
Margate Airport,Margate,South Africa,MGH,-30.8574008942,30.343000412
Riverside Airport,Malalane,South Africa,LLE,-25.4300003052,31.5767002106
Mkuze Airport,Mkuze,South Africa,MZQ,-27.626100540161133,32.0443000793457
Newcastle Airport,Newcastle,South Africa,NCS,-27.7705993652,29.9769001007
Overberg Airport,Overberg,South Africa,OVG,-34.554901123,20.250699996900003
Oudtshoorn Airport,Oudtshoorn,South Africa,OUH,-33.6069984436,22.188999176
Port Elizabeth Airport,Port Elizabeth,South Africa,PLZ,-33.9849014282,25.6173000336
Plettenberg Bay Airport,Plettenberg Bay,South Africa,PBZ,-34.0881601675,23.3287234306
Hendrik Van Eck Airport,Phalaborwa,South Africa,PHW,-23.9372005463,31.1553993225
Port St Johns Airport,Port Saint Johns,South Africa,JOH,-31.605899810791016,29.519800186157227
Pietermaritzburg Airport,Pietermaritzburg,South Africa,PZB,-29.6490001678,30.3987007141
Pilanesberg International Airport,Pilanesberg,South Africa,NTY,-25.3337993622,27.173400878900004
Polokwane International Airport,Potgietersrus,South Africa,PTG,-23.845269,29.458615
Potchefstroom Airport,Potchefstroom,South Africa,PCF,-26.670999527,27.0818996429
Queenstown Airport,Queenstown,South Africa,UTW,-31.92020034790039,26.882200241088867
Richards Bay Airport,Richard's Bay,South Africa,RCB,-28.740999221800003,32.0920982361
Robertson Airport,Robertson,South Africa,ROD,-33.812198638916016,19.90279960632324
Springbok Airport,Springbok,South Africa,SBU,-29.68930053710937,17.939599990844727
Secunda Airport,Secunda,South Africa,ZEC,-26.52409935,29.1700992584
Sishen Airport,Sishen,South Africa,SIS,-27.6485996246,22.9993000031
Skukuza Airport,Skukuza,South Africa,SZK,-24.960899353,31.5886993408
Tzaneen Airport,Tzaneen,South Africa,LTA,-23.8243999481,30.3292999268
Prince Mangosuthu Buthelezi Airport,Ulundi,South Africa,ULD,-28.3206005096,31.4165000916
Pierre Van Ryneveld Airport,Upington,South Africa,UTN,-28.39909935,21.2602005005
K. D. Matanzima Airport,Umtata,South Africa,UTT,-31.5463631849,28.6733551025
Vryburg Airport,Vryburg,South Africa,VRU,-26.9824008942,24.7287998199
Virginia Airport,Durban,South Africa,VIR,-29.77059936523437,31.058399200439453
Vredendal Airport,Vredendal,South Africa,VRE,-31.641000747680664,18.5447998046875
Wonderboom Airport,Pretoria,South Africa,PRY,-25.6539,28.224199
Waterkloof Air Force Base,Waterkloof,South Africa,WKF,-25.8299999237,28.2224998474
Francistown Airport,Francistown,Botswana,FRW,-21.15959930419922,27.47450065612793
Jwaneng Airport,Jwaneng,Botswana,JWA,-24.6023006439209,24.69099998474121
Kasane Airport,Kasane,Botswana,BBK,-17.83289909362793,25.162399291992188
Maun Airport,Maun,Botswana,MUB,-19.97260093688965,23.431100845336918
Sir Seretse Khama International Airport,Gaberone,Botswana,GBE,-24.555201,25.9182
Selebi Phikwe Airport,Selebi-phikwe,Botswana,PKW,-22.0583,27.8288
Maya-Maya Airport,Brazzaville,Congo (Brazzaville),BZV,-4.251699924468994,15.253000259399414
Owando Airport,Owando,Congo (Kinshasa),FTX,-0.5313500165939331,15.95009994506836
Ouesso Airport,Ouesso,Congo (Kinshasa),OUE,1.6159900426899998,16.0379009247
Pointe Noire Airport,Pointe-noire,Congo (Brazzaville),PNR,-4.816030025482178,11.88659954071045
Matsapha Airport,Manzini,Swaziland,MTS,-26.52899932861328,31.3075008392334
Bangui M'Poko International Airport,Bangui,Central African Republic,BGF,4.39847993850708,18.518800735473636
Berbérati Airport,Berberati,Central African Republic,BBT,4.221580028533936,15.786399841308594
Bata Airport,Bata,Equatorial Guinea,BSG,1.9054700136184688,9.80568027496338
Malabo Airport,Malabo,Equatorial Guinea,SSG,3.755270004272461,8.708720207214355
RAF Ascension Island,Wide Awake,Saint Helena,ASI,-7.9696,-14.3937
Sir Seewoosagur Ramgoolam International Airport,Plaisance,Mauritius,MRU,-20.430201,57.683601
Sir Charles Gaetan Duval Airport,Rodriguez Island,Mauritius,RRG,-19.7577,63.361
Diego Garcia Naval Support Facility,Diego Garcia Island,British Indian Ocean Territory,NKW,-7.31327,72.411102
Tiko Airport,Tiko,Cameroon,TKC,4.08919000626,9.3605298996
Douala International Airport,Douala,Cameroon,DLA,4.0060801506,9.71947956085
Salak Airport,Maroua,Cameroon,MVR,10.45139980316162,14.257399559020996
Foumban Nkounja Airport,Foumban,Cameroon,FOM,5.636919975280762,10.750800132751465
N'Gaoundéré Airport,N'gaoundere,Cameroon,NGE,7.357009887695312,13.559200286865234
Garoua International Airport,Garoua,Cameroon,GOU,9.33588981628418,13.370100021362305
Bafoussam Airport,Bafoussam,Cameroon,BFX,5.536920070650001,10.3545999527
Bamenda Airport,Bamenda,Cameroon,BPC,6.039239883422852,10.122599601745604
Yaoundé Airport,Yaounde,Cameroon,YAO,3.8360400199890137,11.523500442504885
Kasompe Airport,Kasompe,Zambia,CGJ,-12.572799682617,27.893899917603
Livingstone Airport,Livingstone,Zambia,LVI,-17.821800231933594,25.82270050048828
Kenneth Kaunda International Airport Lusaka,Lusaka,Zambia,LUN,-15.3308000565,28.4526004791
Mfuwe Airport,Mfuwe,Zambia,MFU,-13.258899688720703,31.936599731445312
Mongu Airport,Mongu,Zambia,MNR,-15.25450038909912,23.16230010986328
Simon Mwansa Kapwepwe International Airport,Ndola,Zambia,NLA,-12.998100280762,28.66489982605
Southdowns Airport,Southdowns,Zambia,KIW,-12.900500297546388,28.149900436401367
Prince Said Ibrahim International Airport,Moroni,Comoros,HAH,-11.5337,43.2719
Mohéli Bandar Es Eslam Airport,Moheli,Comoros,NWA,-12.298100471496582,43.76639938354492
Ouani Airport,Anjouan,Comoros,AJN,-12.131699562072754,44.430301666259766
Dzaoudzi Pamandzi International Airport,Dzaoudzi,Mayotte,DZA,-12.804699897766112,45.28110122680664
Roland Garros Airport,St.-denis,Reunion,RUN,-20.88710021972656,55.51029968261719
Pierrefonds Airport,St.-pierre,Reunion,ZSE,-21.320899963378903,55.42499923706055
Ivato Airport,Antananarivo,Madagascar,TNR,-18.7969,47.478802
Miandrivazo Airport,Miandrivazo,Madagascar,ZVA,-19.56279945373535,45.450801849365234
Sainte Marie Airport,Sainte Marie,Madagascar,SMS,-17.093900680541992,49.815799713134766
Toamasina Airport,Toamasina,Madagascar,TMM,-18.10950088500977,49.39250183105469
Morondava Airport,Morondava,Madagascar,MOQ,-20.28470039367676,44.31760025024414
Arrachart Airport,Antsiranana,Madagascar,DIE,-12.34939956665039,49.29169845581055
Mananara Nord Airport,Mananara,Madagascar,WMR,-16.16390037536621,49.77379989624024
Andapa Airport,Andapa,Madagascar,ZWA,-14.651700019836426,49.620601654052734
Ambilobe Airport,Ambilobe,Madagascar,AMB,-13.188400268554688,48.98799896240234
Antsirabato Airport,Antalaha,Madagascar,ANM,-14.99940013885498,50.3202018737793
Analalava Airport,Analalava,Madagascar,HVA,-14.62969970703125,47.76380157470703
Amborovy Airport,Mahajanga,Madagascar,MJN,-15.6668417421,46.3512325287
Fascene Airport,Nosy-be,Madagascar,NOS,-13.3121004105,48.3148002625
Besalampy Airport,Besalampy,Madagascar,BPY,-16.744530296500002,44.4824838638
Maroantsetra Airport,Maroantsetra,Madagascar,WMN,-15.436699867248535,49.68830108642578
Sambava Airport,Sambava,Madagascar,SVB,-14.278599739074709,50.17470169067383
Vohimarina Airport,Vohemar,Madagascar,VOH,-13.375800132751465,50.00279998779297
Ambalabe Airport,Antsohihy,Madagascar,WAI,-14.898799896240234,47.993900299072266
Ampampamena Airport,Ampampamena,Madagascar,IVA,-13.484816,48.632702
Tôlanaro Airport,Tolagnaro,Madagascar,FTU,-25.03809928894043,46.95610046386719
Fianarantsoa Airport,Fianarantsoa,Madagascar,WFI,-21.441600799560547,47.111698150634766
Farafangana Airport,Farafangana,Madagascar,RVA,-22.805299758911133,47.82059860229492
Manakara Airport,Manakara,Madagascar,WVK,-22.11969947814941,48.02170181274414
Mananjary Airport,Mananjary,Madagascar,MNJ,-21.201799392700195,48.35829925537109
Morombe Airport,Morombe,Madagascar,MXM,-21.7539005279541,43.3754997253418
Toliara Airport,Toliara,Madagascar,TLE,-23.383399963378903,43.72850036621094
Mbanza Congo Airport,M'banza-congo,Angola,SSY,-6.269899845123291,14.246999740600586
Benguela Airport,Benguela,Angola,BUG,-12.609000206,13.4036998749
Cabinda Airport,Cabinda,Angola,CAB,-5.59699010848999,12.188400268554688
Nova Lisboa Airport,Huambo,Angola,NOV,-12.808899879455566,15.760499954223633
Kuito Airport,Kuito,Angola,SVP,-12.404600143433,16.947399139404
Quatro de Fevereiro Airport,Luanda,Angola,LAD,-8.85837,13.2312
Malanje Airport,Malanje,Angola,MEG,-9.525090217590332,16.312400817871094
Menongue Airport,Menongue,Angola,SPP,-14.657600402832031,17.71980094909668
Negage Airport,Negage,Angola,GXG,-7.754509925842285,15.287699699401855
Porto Amboim Airport,Porto Amboim,Angola,PBN,-10.722000122070312,13.76550006866455
Saurimo Airport,Saurimo,Angola,VHC,-9.689069747924805,20.431900024414062
Soyo Airport,Soyo,Angola,SZA,-6.141089916229248,12.371800422668455
Lubango Airport,Lubango,Angola,SDD,-14.924699783325195,13.574999809265137
Luena Airport,Luena,Angola,LUO,-11.768099784851074,19.8976993560791
Uige Airport,Uige,Angola,UGO,-7.60306978225708,15.027799606323242
Xangongo Airport,Xangongo,Angola,XGN,-16.755399703979492,14.965299606323242
Oyem Airport,Oyem,Gabon,OYE,1.5431100130081177,11.58139991760254
Okondja Airport,Okondja,Gabon,OKN,-0.6652140021324158,13.673100471496582
Lambarene Airport,Lambarene,Gabon,LBQ,-0.7043889760971069,10.245699882507324
Bitam Airport,Bitam,Gabon,BMM,2.0756399631500244,11.493200302124023
Port Gentil Airport,Port Gentil,Gabon,POG,-0.7117390036582947,8.754380226135254
Omboue Hopital Airport,Omboue Hospial,Gabon,OMB,-1.5747300386428833,9.262689590454102
Makokou Airport,Makokou,Gabon,MKU,0.5792109966278076,12.890899658203123
Libreville Leon M'ba International Airport,Libreville,Gabon,LBV,0.458600014448,9.4122800827
M'Vengue El Hadj Omar Bongo Ondimba International Airport,Franceville,Gabon,MVB,-1.6561599969863892,13.437999725341797
Principe Airport,Principe,Sao Tome and Principe,PCP,1.6629400253295898,7.411739826202393
São Tomé International Airport,Sao Tome,Sao Tome and Principe,TMS,0.3781749904155731,6.712150096893311
Beira Airport,Beira,Mozambique,BEW,-19.79640007019043,34.90760040283203
Inhambane Airport,Inhambane,Mozambique,INH,-23.876399993896484,35.40850067138672
Lichinga Airport,Lichinga,Mozambique,VXC,-13.274,35.2663
Lumbo Airport,Lumbo,Mozambique,LFB,-15.0331001282,40.6716995239
Maputo Airport,Maputo,Mozambique,MPM,-25.920799,32.572601
Mueda Airport,Mueda,Mozambique,MUD,-11.672900199890137,39.5630989074707
Mocímboa da Praia Airport,Mocimboa Da Praia,Mozambique,MZB,-11.36180019378662,40.35490036010742
Nacala Airport,Nacala,Mozambique,MNC,-14.488200187683104,40.71220016479492
Nampula Airport,Nampula,Mozambique,APL,-15.105600357055664,39.28179931640625
Pemba Airport,Pemba,Mozambique,POL,-12.991762161254885,40.52401351928711
Quelimane Airport,Quelimane,Mozambique,UEL,-17.855499267578125,36.86909866333008
Chingozi Airport,Tete,Mozambique,TET,-16.104799270629883,33.64020156860352
Vilankulo Airport,Vilankulu,Mozambique,VNX,-22.018400192260746,35.31330108642578
Desroches Airport,Desroches,Seychelles,DES,-5.6967,53.6558
Seychelles International Airport,Mahe,Seychelles,SEZ,-4.67434,55.521801
Praslin Airport,Praslin,Seychelles,PRI,-4.3192901611328125,55.69139862060547
Abeche Airport,Abeche,Chad,AEH,13.847000122070312,20.84429931640625
Moundou Airport,Moundou,Chad,MQQ,8.624409675598145,16.071399688720703
N'Djamena International Airport,N'djamena,Chad,NDJ,12.1337,15.034
Faya Largeau Airport,Faya-largeau,Chad,FYT,17.91710090637207,19.111099243164062
Joshua Mqabuko Nkomo International Airport,Bulawayo,Zimbabwe,BUQ,-20.017401,28.617901
Buffalo Range Airport,Chiredzi,Zimbabwe,BFO,-21.008101,31.5786
Victoria Falls International Airport,Victoria Falls,Zimbabwe,VFA,-18.09589958190918,25.839000701904297
Robert Gabriel Mugabe International Airport,Harare,Zimbabwe,HRE,-17.931801,31.0928
Kariba International Airport,Kariba,Zimbabwe,KAB,-16.519800186157227,28.88500022888184
Mutare Airport,Mutare,Zimbabwe,UTA,-18.997499465942,32.627201080322
Masvingo International Airport,Masvingo,Zimbabwe,MVZ,-20.055299758911133,30.859100341796875
Thornhill Air Base,Gwert,Zimbabwe,GWE,-19.436399459838867,29.861900329589844
Hwange National Park Airport,Hwange National Park,Zimbabwe,HWN,-18.62989997863769,27.020999908447266
Chileka International Airport,Blantyre,Malawi,BLZ,-15.679100036621094,34.9739990234375
Karonga Airport,Karonga,Malawi,KGJ,-9.953570365905762,33.893001556396484
Kasungu Airport,Kasungu,Malawi,KBQ,-13.014599800109863,33.46860122680664
Lilongwe International Airport,Lilongwe,Malawi,LLW,-13.7894001007,33.78099823
Mzuzu Airport,Mzuzu,Malawi,ZZU,-11.444700241088867,34.01179885864258
Moshoeshoe I International Airport,Maseru,Lesotho,MSU,-29.462299346923828,27.552499771118164
Ndjili International Airport,Kinshasa,Congo (Kinshasa),FIH,-4.38575,15.4446
Ndolo Airport,Kinshasa,Congo (Kinshasa),NLO,-4.32666015625,15.327500343323
Muanda Airport,Muanda,Congo (Kinshasa),MNB,-5.9308600425720215,12.351799964904783
Bandundu Airport,Bandoundu,Congo (Kinshasa),FDU,-3.3113200664520264,17.38170051574707
Kikwit Airport,Kikwit,Congo (Kinshasa),KKW,-5.035769939422607,18.785600662231445
Mbandaka Airport,Mbandaka,Congo (Kinshasa),MDK,0.0226000007242,18.2887001038
Gbadolite Airport,Gbadolite,Congo (Kinshasa),BDT,4.253210067749023,20.97529983520508
Gemena Airport,Gemena,Congo (Kinshasa),GMA,3.23536992073,19.7712993622
Kotakoli Airport,Kotakoli,Congo (Kinshasa),KLI,4.157639980316162,21.65089988708496
Lisala Airport,Lisala,Congo (Kinshasa),LIQ,2.17066,21.496901
Bangoka International Airport,Kisangani,Congo (Kinshasa),FKI,0.481638997793,25.3379993439
Matari Airport,Isiro,Congo (Kinshasa),IRP,2.8276100158691406,27.58830070495605
Bunia Airport,Bunia,Congo (Kinshasa),BUX,1.5657199621200562,30.220800399780277
Buta Zega Airport,Buta Zega,Congo (Kinshasa),BZU,2.818350076675415,24.793699264526367
Bukavu Kavumu Airport,Bukavu/kavumu,Congo (Kinshasa),BKY,-2.3089799880981445,28.808799743652344
Goma International Airport,Goma,Congo (Kinshasa),GOM,-1.670809984207153,29.238500595092773
Kindu Airport,Kindu,Congo (Kinshasa),KND,-2.91917991638,25.9153995514
Lubumbashi International Airport,Lubumashi,Congo (Kinshasa),FBM,-11.5913000107,27.5308990479
Kolwezi Airport,Kolwezi,Congo (Kinshasa),KWZ,-10.765899658203123,25.505699157714844
Kalemie Airport,Kalemie,Congo (Kinshasa),FMI,-5.8755598068237305,29.25
Kamina Base Airport,Kamina Base,Congo (Kinshasa),KMN,-8.642020225524902,25.252899169921875
Kananga Airport,Kananga,Congo (Kinshasa),KGA,-5.90005016327,22.4692001343
Mbuji Mayi Airport,Mbuji-mayi,Congo (Kinshasa),MJM,-6.121240139010001,23.5690002441
Modibo Keita International Airport,Bamako,Mali,BKO,12.5335,-7.94994
Gao Airport,Gao,Mali,GAQ,16.24839973449707,-0.0054560001008212
Kayes Dag Dag Airport,Kayes,Mali,KYS,14.481200218200684,-11.404399871826172
Mopti Airport,Mopti,Mali,MZI,14.5128002167,-4.07955980301
Timbuktu Airport,Tombouctou,Mali,TOM,16.730499267578125,-3.007580041885376
Banjul International Airport,Banjul,Gambia,BJL,13.338000297546388,-16.65220069885254
Fuerteventura Airport,Fuerteventura,Spain,FUE,28.452699661254883,-13.863800048828123
Hierro Airport,Hierro,Spain,VDE,27.81480026245117,-17.887100219726562
La Palma Airport,Santa Cruz De La Palma,Spain,SPC,28.626499,-17.7556
Gran Canaria Airport,Gran Canaria,Spain,LPA,27.931900024414062,-15.38659954071045
Lanzarote Airport,Arrecife,Spain,ACE,28.945499,-13.6052
Tenerife South Airport,Tenerife,Spain,TFS,28.044500351,-16.5725002289
Tenerife Norte Airport,Tenerife,Spain,TFN,28.4827003479,-16.3414993286
Melilla Airport,Melilla,Spain,MLN,35.279800415,-2.9562599659
Lungi International Airport,Freetown,Sierra Leone,FNA,8.61644,-13.1955
Spriggs Payne Airport,Monrovia,Liberia,MLW,6.289060115814209,-10.758700370788574
Roberts International Airport,Monrovia,Liberia,ROB,6.23379,-10.3623
Al Massira Airport,Agadir,Morocco,AGA,30.325000762939453,-9.41306972503662
Tan Tan Airport,Tan Tan,Morocco,TTA,28.44820022583008,-11.161299705505373
Saïss Airport,Fes,Morocco,FEZ,33.9272994995,-4.977960109709999
Moulay Ali Cherif Airport,Er-rachidia,Morocco,ERH,31.9475002289,-4.39833021164
Bassatine Airport,Meknes,Morocco,MEK,33.87910079956055,-5.515120029449463
Angads Airport,Oujda,Morocco,OUD,34.787200927734375,-1.92399001121521
Ben Slimane Airport,Ben Slimane,Morocco,GMD,33.655399,-7.22145
Rabat-Salé Airport,Rabat,Morocco,RBA,34.051498,-6.75152
Mohammed V International Airport,Casablanca,Morocco,CMN,33.36750030517578,-7.589970111846924
Menara Airport,Marrakech,Morocco,RAK,31.6068992615,-8.03629970551
Kenitra Airport,Kentira,Morocco,NNA,34.29890060424805,-6.595880031585693
Ouarzazate Airport,Ouarzazate,Morocco,OZZ,30.9391002655,-6.909430027010001
Cherif Al Idrissi Airport,Al Hociema,Morocco,AHU,35.177101135253906,-3.83951997756958
Saniat R'mel Airport,Tetouan,Morocco,TTU,35.594299316406,-5.320020198822
Ibn Batouta Airport,Tanger,Morocco,TNG,35.726898193400004,-5.91689014435
Ziguinchor Airport,Ziguinchor,Senegal,ZIG,12.5556,-16.281799
Cap Skirring Airport,Cap Skiring,Senegal,CSK,12.39533,-16.748
Kaolack Airport,Kaolack,Senegal,KLC,14.146900177001951,-16.051300048828125
Léopold Sédar Senghor International Airport,Dakar,Senegal,DKR,14.739700317382812,-17.49020004272461
Saint Louis Airport,St. Louis,Senegal,XLS,16.050800323486328,-16.463199615478516
Bakel Airport,Bakel,Senegal,BXE,14.847299575805664,-12.468299865722656
Kédougou Airport,Kedougou,Senegal,KGG,12.57229995727539,-12.22029972076416
Tambacounda Airport,Tambacounda,Senegal,TUD,13.73680019378662,-13.65310001373291
Aioun el Atrouss Airport,Aioun El Atrouss,Mauritania,AEO,16.711299896240234,-9.637880325317385
Tidjikja Airport,Tidjikja,Mauritania,TIY,18.57010078430176,-11.423500061035156
Kiffa Airport,Kiffa,Mauritania,KFA,16.59000015258789,-11.406200408935549
Néma Airport,Nema,Mauritania,EMN,16.621999740600586,-7.3165998458862305
Kaédi Airport,Kaedi,Mauritania,KED,16.159500122070312,-13.50759983062744
Nouakchott–Oumtounsy International Airport,Nouakschott,Mauritania,NKC,18.31,-15.9697222
Sélibaby Airport,Selibabi,Mauritania,SEY,15.179699897766112,-12.207300186157228
Atar International Airport,Atar,Mauritania,ATR,20.506799697875977,-13.04319953918457
Nouadhibou International Airport,Nouadhibou,Mauritania,NDB,20.9330997467041,-17.030000686645508
Fria Airport,Fira,Guinea,FIG,10.350600242615,-13.569199562073
Faranah Airport,Faranah,Guinea,FAA,10.0354995728,-10.7698001862
Tata Airport,Labe,Guinea,LEK,11.326100349426,-12.286800384521
Amílcar Cabral International Airport,Amilcar Cabral,Cape Verde,SID,16.7414,-22.9494
Rabil Airport,Boa Vista,Cape Verde,BVC,16.136499404907227,-22.888900756835938
Maio Airport,Maio,Cape Verde,MMO,15.15590000152588,-23.213699340820312
Preguiça Airport,Sao Nocolau Island,Cape Verde,SNE,16.58839988708496,-24.28470039367676
São Pedro Airport,Sao Vicente Island,Cape Verde,VXE,16.833200454711914,-25.055299758911133
Addis Ababa Bole International Airport,Addis Ababa,Ethiopia,ADD,8.97789001465,38.7993011475
Arba Minch Airport,Arba Minch,Ethiopia,AMH,6.0393900871276855,37.59049987792969
Axum Airport,Axum,Ethiopia,AXU,14.14680004119873,38.77280044555664
Bahir Dar Airport,Bahar Dar,Ethiopia,BJR,11.608099937438965,37.32160186767578
Aba Tenna Dejazmach Yilma International Airport,Dire Dawa,Ethiopia,DIR,9.624699592590332,41.85419845581055
Gambella Airport,Gambella,Ethiopia,GMB,8.12876033782959,34.5630989074707
Gonder Airport,Gondar,Ethiopia,GDQ,12.51990032196045,37.43399810791016
Jimma Airport,Jimma,Ethiopia,JIM,7.66609001159668,36.81660079956055
Lalibella Airport,Lalibella,Ethiopia,LLI,11.975000381469728,38.97999954223633
Mekele Airport,Makale,Ethiopia,MQX,13.467399597167969,39.53350067138672
Asosa Airport,Asosa,Ethiopia,ASO,10.018500328063965,34.586299896240234
Bujumbura International Airport,Bujumbura,Burundi,BJM,-3.3240199089050293,29.318500518798828
Egal International Airport,Hargeisa,Somalia,HGA,9.518170356750488,44.08879852294922
Berbera Airport,Berbera,Somalia,BBO,10.389200210571287,44.94110107421875
Kisimayu Airport,Kismayu,Somalia,KMU,-0.3773530125617981,42.45920181274414
El Nouzha Airport,Alexandria,Egypt,ALY,31.183900833129883,29.94890022277832
Abu Simbel Airport,Abu Simbel,Egypt,ABS,22.3759994507,31.611700058
Cairo International Airport,Cairo,Egypt,CAI,30.12190055847168,31.40559959411621
Cairo West Airport,Cairo,Egypt,CWE,30.116399765,30.9153995514
Hurghada International Airport,Hurghada,Egypt,HRG,27.178300857543945,33.799400329589844
El Gora Airport,El Gorah,Egypt,EGH,31.068559,34.129629
Luxor International Airport,Luxor,Egypt,LXR,25.671,32.7066
Mersa Matruh Airport,Mersa-matruh,Egypt,MUH,31.3253993988,27.2217006683
Port Said Airport,Port Said,Egypt,PSD,31.27939987182617,32.2400016784668
St Catherine International Airport,St. Catherine,Egypt,SKV,28.685300827,34.0625
Aswan International Airport,Aswan,Egypt,ASW,23.9643993378,32.8199996948
El Tor Airport,El-tor,Egypt,ELT,28.208999633789062,33.64550018310547
Eldoret International Airport,Eldoret,Kenya,EDL,0.4044579863548279,35.23889923095703
Kakamega Airport,Kakamega,Kenya,GGM,0.271342009306,34.7873001099
Kisumu Airport,Kisumu,Kenya,KIS,-0.0861390009522438,34.72890090942383
Kitale Airport,Kitale,Kenya,KTL,0.9719889760017396,34.95859909057617
Lodwar Airport,Lodwar,Kenya,LOK,3.1219699382781982,35.608699798583984
Manda Airstrip,Lamu,Kenya,LAU,-2.252419948577881,40.91310119628906
Mombasa Moi International Airport,Mombasa,Kenya,MBA,-4.034830093383789,39.594200134277344
Nairobi Wilson Airport,Nairobi,Kenya,WIL,-1.321720004081726,36.81480026245117
Wajir Airport,Wajir,Kenya,WJR,1.73324,40.091599
Ghat Airport,Ghat,Libya,GHT,25.1455993652,10.1426000595
Kufra Airport,Kufra,Libya,AKF,24.178699493408203,23.31399917602539
Benina International Airport,Benghazi,Libya,BEN,32.096801757799994,20.2695007324
Sabha Airport,Sebha,Libya,SEB,26.98699951171875,14.47249984741211
Tripoli International Airport,Tripoli,Libya,TIP,32.6635017395,13.1590003967
Marsa Brega Airport,Marsa Brega,Libya,LMQ,30.37809944152832,19.576400756835938
Hon Airport,Hon,Libya,HUQ,29.11009979248047,15.96560001373291
Ghadames East Airport,Ghadames,Libya,LTD,30.15169906616211,9.715310096740724
Gisenyi Airport,Gisenyi,Rwanda,GYI,-1.6771999597549438,29.258899688720703
Kigali International Airport,Kigali,Rwanda,KGL,-1.96863,30.1395
Kamembe Airport,Kamembe,Rwanda,KME,-2.462239980697632,28.907899856567383
Dongola Airport,Dongola,Sudan,DOG,19.1539001465,30.4300994873
Damazin Airport,Damazin,Sudan,RSS,11.7859,34.3367
El Fasher Airport,El Fasher,Sudan,ELF,13.61489963531494,25.32460021972656
Kassala Airport,Kassala,Sudan,KSL,15.387499809265137,36.328800201416016
Kadugli Airport,Kadugli,Sudan,KDX,11.137999534600002,29.7010993958
El Obeid Airport,El Obeid,Sudan,EBD,13.153200149536133,30.23270034790039
Juba International Airport,Juba,South Sudan,JUB,4.87201023102,31.6011009216
Malakal Airport,Malakal,Sudan,MAK,9.55897045135498,31.65220069885254
Khartoum International Airport,Khartoum,Sudan,KRT,15.589500427246094,32.553199768066406
Arusha Airport,Arusha,Tanzania,ARK,-3.3677899837493896,36.63330078125
Julius Nyerere International Airport,Dar Es Salaam,Tanzania,DAR,-6.87811,39.202599
Dodoma Airport,Dodoma,Tanzania,DOD,-6.170440196990967,35.75260162353516
Iringa Airport,Iringa,Tanzania,IRI,-7.668630123138428,35.75210189819336
Kilimanjaro International Airport,Kilimanjaro,Tanzania,JRO,-3.42940998077,37.0745010376
Lake Manyara Airport,Lake Manyara,Tanzania,LKY,-3.376310110092163,35.81829833984375
Mtwara Airport,Mtwara,Tanzania,MYW,-10.339099884033203,40.18180084228516
Mwanza Airport,Mwanza,Tanzania,MWZ,-2.4444899559021,32.932701110839844
Pemba Airport,Pemba,Tanzania,PMA,-5.257259845733643,39.8114013671875
Tanga Airport,Tanga,Tanzania,TGT,-5.092360019683838,39.07120132446289
Abeid Amani Karume International Airport,Zanzibar,Tanzania,ZNZ,-6.22202,39.224899
Entebbe International Airport,Entebbe,Uganda,EBB,0.042386,32.443501
Soroti Airport,Soroti,Uganda,SRT,1.7276899814605713,33.622798919677734
Tirana International Airport Mother Teresa,Tirana,Albania,TIA,41.4146995544,19.7206001282
Burgas Airport,Bourgas,Bulgaria,BOJ,42.56959915161133,27.515199661254883
Gorna Oryahovitsa Airport,Gorna Orechovica,Bulgaria,GOZ,43.15140151977539,25.712900161743164
Plovdiv International Airport,Plovdiv,Bulgaria,PDV,42.067799,24.8508
Sofia Airport,Sofia,Bulgaria,SOF,42.69669342041016,23.411436080932617
Stara Zagora Airport,Stara Zagora,Bulgaria,SZR,42.3766667,25.655
Varna Airport,Varna,Bulgaria,VAR,43.232101,27.8251
Larnaca International Airport,Larnaca,Cyprus,LCA,34.875099182128906,33.624900817871094
Paphos International Airport,Paphos,Cyprus,PFO,34.71799850463867,32.48569869995117
RAF Akrotiri,Akrotiri,Cyprus,AKT,34.590401,32.9879
Dubrovnik Airport,Dubrovnik,Croatia,DBV,42.5614013671875,18.268199920654297
Osijek Airport,Osijek,Croatia,OSI,45.46269989013672,18.810199737548828
Pula Airport,Pula,Croatia,PUY,44.89350128173828,13.922200202941896
Rijeka Airport,Rijeka,Croatia,RJK,45.21689987182617,14.570300102233888
Split Airport,Split,Croatia,SPU,43.53889846801758,16.29800033569336
Zagreb Airport,Zagreb,Croatia,ZAG,45.7429008484,16.0687999725
Zadar Airport,Zadar,Croatia,ZAD,44.108299,15.3467
Albacete-Los Llanos Airport,Albacete,Spain,ABC,38.9485015869,-1.86352002621
Alicante International Airport,Alicante,Spain,ALC,38.28219985961914,-0.5581560134887695
Almería International Airport,Almeria,Spain,LEI,36.84389877319336,-2.3701000213623047
Asturias Airport,Aviles,Spain,OVD,43.5635986328125,-6.0346198081970215
Córdoba Airport,Cordoba,Spain,ODB,37.84199905395508,-4.848879814147949
Bilbao Airport,Bilbao,Spain,BIO,43.30110168457031,-2.9106099605560303
Barcelona International Airport,Barcelona,Spain,BCN,41.2971,2.07846
Badajoz Airport,Badajoz,Spain,BJZ,38.891300201416016,-6.8213300704956055
A Coruña Airport,La Coruna,Spain,LCG,43.302101,-8.37726
Girona Airport,Gerona,Spain,GRO,41.901000977,2.7605500221
Federico Garcia Lorca Airport,Granada,Spain,GRX,37.18870162963867,-3.777359962463379
Ibiza Airport,Ibiza,Spain,IBZ,38.8728981018,1.3731199502899998
Jerez Airport,Jerez,Spain,XRY,36.74459838867188,-6.060110092163086
San Javier Airport,Murcia,Spain,MJV,37.775001525878906,-0.8123890161514282
Adolfo Suárez Madrid–Barajas Airport,Madrid,Spain,MAD,40.471926,-3.56264
Málaga Airport,Malaga,Spain,AGP,36.67490005493164,-4.499110221862793
Menorca Airport,Menorca,Spain,MAH,39.86259841918945,4.218649864196777
Moron Air Base,Sevilla,Spain,OZP,37.17490005493164,-5.615940093994141
Pamplona Airport,Pamplona,Spain,PNA,42.77000045776367,-1.6463299989700315
Reus Air Base,Reus,Spain,REU,41.14739990234375,1.1671700477600098
Rota Naval Station Airport,Rota,Spain,ROZ,36.645198822,-6.34946012497
Salamanca Airport,Salamanca,Spain,SLM,40.95209884643555,-5.501989841461182
San Sebastian Airport,San Sebastian,Spain,EAS,43.35649871826172,-1.7906099557876587
Santiago de Compostela Airport,Santiago,Spain,SCQ,42.89630126953125,-8.415140151977539
Pirineus - la Seu d'Urgel Airport,Seo De Urgel,Spain,LEU,42.3386,1.40917
Torrejón Airport,Madrid,Spain,TOJ,40.496700286865234,-3.4458699226379395
Valencia Airport,Valencia,Spain,VLC,39.4893,-0.481625
Valladolid Airport,Valladolid,Spain,VLL,41.7061004639,-4.85194015503
Vitoria/Foronda Airport,Vitoria,Spain,VIT,42.8828010559082,-2.7244699001312256
Vigo Airport,Vigo,Spain,VGO,42.2318000793457,-8.62677001953125
Santander Airport,Santander,Spain,SDR,43.42710113525391,-3.82000994682312
Zaragoza Air Base,Zaragoza,Spain,ZAZ,41.66619873046875,-1.0415500402450562
Sevilla Airport,Sevilla,Spain,SVQ,37.417999267578125,-5.8931097984313965
Calais-Dunkerque Airport,Calais,France,CQF,50.962100982666016,1.954759955406189
Albert-Bray Airport,Albert,France,BYF,49.9715003967,2.69765996933
Le Touquet-Côte d'Opale Airport,Le Tourquet,France,LTQ,50.51739883422852,1.6205899715423584
Valenciennes-Denain Airport,Valenciennes,France,XVS,50.325801849365234,3.4612600803375244
Agen-La Garenne Airport,Agen,France,AGF,44.17470169067383,0.5905560255050659
Bordeaux-Mérignac Airport,Bordeaux,France,BOD,44.8283004761,-0.715556025505
Bergerac-Roumanière Airport,Bergerac,France,EGC,44.82529830932617,0.5186110138893127
Cognac-Châteaubernard (BA 709) Air Base,Cognac,France,CNG,45.65829849243164,-0.3174999952316284
Poitiers-Biard Airport,Poitiers,France,PIS,46.58769989013672,0.3066659867763519
Montluçon-Guéret Airport,Montlucon-gueret,France,MCU,46.222599029541016,2.363960027694702
Limoges Airport,Limoges,France,LIG,45.86280059814453,1.1794400215148926
Niort-Souché Airport,Niort,France,NIT,46.313477,-0.394529
Toulouse-Blagnac Airport,Toulouse,France,TLS,43.629101,1.36382
Pau Pyrénées Airport,Pau,France,PUF,43.380001068115234,-0.4186109900474548
Tarbes-Lourdes-Pyrénées Airport,Tarbes,France,LDE,43.1786994934082,-0.0064389999024569
Angoulême-Brie-Champniers Airport,Angouleme,France,ANG,45.72919845581055,0.2214560061693191
Brive Souillac Airport,Brive,France,BVE,45.039722,1.485556
Périgueux-Bassillac Airport,Perigueux,France,PGX,45.19810104370117,0.815555989742279
Biarritz-Anglet-Bayonne Airport,Biarritz-bayonne,France,BIQ,43.4683333,-1.5311111
Cahors-Lalbenque Airport,Cahors,France,ZAO,44.35139846801758,1.4752800464630127
Albi-Le Séquestre Airport,Albi,France,LBI,43.91389846801758,2.1130599975585938
Castres-Mazamet Airport,Castres,France,DCM,43.55630111694336,2.289180040359497
Rodez-Marcillac Airport,Rodez,France,RDZ,44.407901763916016,2.4826700687408447
Royan-Médis Airport,Royan,France,RYN,45.62810134887695,-0.9725000262260436
Montauban Airport,Montauban,France,XMW,44.02569961547852,1.3780399560928345
Rochefort-Saint-Agnant (BA 721) Airport,Rochefort,France,RCO,45.88779830932617,-0.9830560088157654
Colmar-Houssen Airport,Colmar,France,CMR,48.109901428222656,7.359010219573975
Dole-Tavaux Airport,Dole,France,DLE,47.042686,5.435063
Aubenas-Ardèche Méridional Airport,Aubenas-vals-lanas,France,OBS,44.544203,4.372192
Le Puy-Loudes Airport,Le Puy,France,LPY,45.0806999206543,3.762890100479126
Metz-Nancy-Lorraine Airport,Metz,France,ETZ,48.9821014404,6.25131988525
Bastia-Poretta Airport,Bastia,France,BIA,42.55270004272461,9.48373031616211
Calvi-Sainte-Catherine Airport,Calvi,France,CLY,42.5244444,8.7930556
Figari Sud-Corse Airport,Figari,France,FSC,41.5005989074707,9.097780227661133
Ajaccio-Napoléon Bonaparte Airport,Ajaccio,France,AJA,41.92359924316406,8.8029203414917
Propriano Airport,Propriano,France,PRP,41.66059875488281,8.889749526977539
Solenzara (BA 126) Air Base,Solenzara,France,SOZ,41.92440032958984,9.406000137329102
Auxerre-Branches Airport,Auxerre,France,AUF,47.85020065307617,3.497109889984131
Chambéry-Savoie Airport,Chambery,France,CMF,45.63809967041016,5.880229949951172
Clermont-Ferrand Auvergne Airport,Clermont-Ferrand,France,CFE,45.7867012024,3.1691699028
Bourges Airport,Bourges,France,BOU,47.058101654052734,2.3702800273895264
Annemasse Airport,Annemasse,France,QNJ,46.1920013428,6.268390178680001
Lyon Saint-Exupéry Airport,Lyon,France,LYS,45.725556,5.081111
Saint-Yan Airport,St.-yan,France,SYT,46.41249847412109,4.0132598876953125
Roanne-Renaison Airport,Roanne,France,RNE,46.05830001831055,4.001389980316162
Annecy-Haute-Savoie-Mont Blanc Airport,Annecy,France,NCY,45.9308333,6.1063889
Grenoble-Isère Airport,Grenoble,France,GNB,45.36289978027344,5.329370021820068
Valence-Chabeuil Airport,Valence,France,VAF,44.9216,4.9699
Vichy-Charmeil Airport,Vichy,France,VHY,46.169700622558594,3.4037399291992188
Aurillac Airport,Aurillac,France,AUR,44.89139938354492,2.4219400882720947
"Châteauroux-Déols ""Marcel Dassault"" Airport",Chateauroux,France,CHR,46.860278,1.721111
Lyon-Bron Airport,Lyon,France,LYN,45.72719955444336,4.944270133972168
Cannes-Mandelieu Airport,Cannes,France,CEQ,43.542,6.95348
Saint-Étienne-Bouthéon Airport,St-Etienne,France,EBU,45.54059982299805,4.296390056610107
Carcassonne Airport,Carcassonne,France,CCF,43.21599960327149,2.3063199520111084
Marseille Provence Airport,Marseille,France,MRS,43.439271922,5.22142410278
Nice-Côte d'Azur Airport,Nice,France,NCE,43.6584014893,7.215869903560001
Orange-Caritat (BA 115) Air Base,Orange,France,XOG,44.14049911499024,4.866720199584961
Perpignan-Rivesaltes (Llabanère) Airport,Perpignan,France,PGF,42.74039840698242,2.8706700801849365
Le Castellet Airport,Le Castellet,France,CTT,43.25249862670898,5.785190105438232
Montpellier-Méditerranée Airport,Montpellier,France,MPL,43.57619857788086,3.96301007270813
Béziers-Vias Airport,Beziers,France,BZR,43.32350158691406,3.353899955749512
Avignon-Caumont Airport,Avignon,France,AVN,43.90729904174805,4.901830196380615
Mende-Brenoux Airfield,Mende,France,MEN,44.502102,3.53282
Paris Beauvais Tillé Airport,Beauvais,France,BVA,49.45439910888672,2.1127800941467285
Évreux-Fauville (BA 105) Air Base,Evreux,France,EVX,49.02870178222656,1.219859957695007
Le Havre Octeville Airport,Le Havre,France,LEH,49.53390121459961,0.0880559980869293
Abbeville,Abbeville,France,XAB,50.143501,1.831891
Orléans-Bricy (BA 123) Air Base,Orleans,France,ORE,47.9878005981,1.7605600357100002
Châlons-Vatry Airport,Chalons,France,XCR,48.7733333333,4.206111111
Rouen Airport,Rouen,France,URO,49.38420104980469,1.1748000383377075
Tours-Val-de-Loire Airport,Tours,France,TUF,47.4322013855,0.727605998516
Cholet Le Pontreau Airport,Cholet,France,CET,47.08209991455078,-0.8770639896392822
Laval-Entrammes Airport,Laval,France,LVA,48.03139877319336,-0.7429860234260559
Paris-Le Bourget Airport,Paris,France,LBG,48.96939849853516,2.441390037536621
Creil Air Base,Creil,France,CSF,49.25350189208984,2.5191400051116943
Charles de Gaulle International Airport,Paris,France,CDG,49.012798,2.55
Toussus-le-Noble Airport,Toussous-le-noble,France,TNF,48.75189971923828,2.1061899662017822
Paris-Orly Airport,Paris,France,ORY,48.7233333,2.3794444
Pontoise - Cormeilles-en-Vexin Airport,Pontoise,France,POX,49.096667,2.040833
Villacoublay-Vélizy (BA 107) Air Base,Villacoublay,France,VIY,48.7741667,2.1916667
Nevers-Fourchambault Airport,Nevers,France,NVS,47.00260162353516,3.1133298873901367
Maubeuge-Élesmes Airport,Maubeuge,France,XME,50.31050109863281,4.033120155334473
Lille-Lesquin Airport,Lille,France,LIL,50.563332,3.086886
Merville-Calonne Airport,Merville,France,HZB,50.61840057373047,2.642240047454834
Charleville-Mézières Airport,Charleville,France,XCZ,49.78390121459961,4.647079944610596
Brest Bretagne Airport,Brest,France,BES,48.447898864746094,-4.418540000915527
Cherbourg-Maupertus Airport,Cherbourg,France,CER,49.65010070800781,-1.4702800512313845
Dinard-Pleurtuit-Saint-Malo Airport,Dinard,France,DNR,48.58769989013672,-2.0799601078033447
La Baule-Escoublac Airport,La Baule,France,LBY,47.289398193359375,-2.346390008926392
Granville Airport,Granville,France,GFR,48.88309860229492,-1.564170002937317
Deauville-Saint-Gatien Airport,Deauville,France,DOL,49.3652992249,0.154305994511
Lorient South Brittany (Bretagne Sud) Airport,Lorient,France,LRT,47.76060104370117,-3.440000057220459
La Roche-sur-Yon Airport,La Roche-sur-yon,France,EDM,46.70190048217773,-1.3786300420761108
Landivisiau Air Base,Landivisiau,France,LDV,48.53030014038086,-4.151639938354492
Caen-Carpiquet Airport,Caen,France,CFR,49.173301696777344,-0.449999988079071
Le Mans-Arnage Airport,Le Mans,France,LME,47.94860076904297,0.2016669958829879
Rennes-Saint-Jacques Airport,Rennes,France,RNS,48.0694999695,-1.73478996754
Lannion-Côte de Granit Airport,Lannion,France,LAI,48.754398,-3.47166
Quimper-Cornouaille Airport,Quimper,France,UIP,47.97499847412109,-4.167789936065674
Nantes Atlantique Airport,Nantes,France,NTE,47.153198242200006,-1.61073005199
Saint-Brieuc-Armor Airport,St.-brieuc Armor,France,SBK,48.5378,-2.85444
Morlaix-Ploujean Airport,Morlaix,France,MXN,48.6031990051,-3.81577992439
Vannes-Meucon Airport,Vannes,France,VNE,47.72330093383789,-2.718559980392456
Saint-Nazaire-Montoir Airport,St.-nazaire,France,SNR,47.3105556,-2.1566667
EuroAirport Basel-Mulhouse-Freiburg Airport,Mulhouse,France,BSL,47.59,7.5291667
Dijon-Bourgogne Airport,Dijon,France,DIJ,47.268902,5.09
Metz-Frescaty (BA 128) Air Base,Metz,France,MZM,49.07170104980469,6.131669998168945
Épinal-Mirecourt Airport,Epinal,France,EPL,48.325001,6.06998
Nancy-Essey Airport,Nancy,France,ENC,48.69210052490234,6.230460166931152
Reims-Champagne (BA 112) Air Base,Reims,France,RHE,49.310001,4.05
Strasbourg Airport,Strasbourg,France,SXB,48.53829956054688,7.628230094909668
Toulon-Hyères Airport,Hyeres,France,TLN,43.0973014832,6.14602994919
Nîmes-Arles-Camargue Airport,Nimes,France,FNI,43.75740051269531,4.4163498878479
Miquelon Airport,Miquelon,Saint Pierre and Miquelon,MQC,47.095500946,-56.3802986145
St Pierre Airport,St.-pierre,Saint Pierre and Miquelon,FSP,46.76290130615234,-56.173099517822266
Andravida Air Base,Andravida,Greece,PYR,37.9207,21.292601
Agrinion Air Base,Agrinion,Greece,AGQ,38.602001,21.3512001
Dimokritos Airport,Alexandroupolis,Greece,AXD,40.855899810791016,25.956300735473636
Nea Anchialos Airport,Nea Anghialos,Greece,VOL,39.21960067749024,22.794300079345703
Chios Island National Airport,Chios,Greece,JKH,38.34320068359375,26.140600204467773
Ioannina Airport,Ioannina,Greece,IOA,39.6963996887207,20.82250022888184
Heraklion International Nikos Kazantzakis Airport,Heraklion,Greece,HER,35.3396987915,25.1802997589
Kastoria National Airport,Kastoria,Greece,KSO,40.4463005066,21.2821998596
Kithira Airport,Kithira,Greece,KIT,36.2742996216,23.0170001984
Kefallinia Airport,Keffallinia,Greece,EFL,38.12009811401367,20.5004997253418
Kalamata Airport,Kalamata,Greece,KLX,37.06829833984375,22.02549934387207
Kos Airport,Kos,Greece,KGS,36.79330062866211,27.091699600219727
Karpathos Airport,Karpathos,Greece,AOK,35.4213981628418,27.145999908447266
Ioannis Kapodistrias International Airport,Kerkyra/corfu,Greece,CFU,39.601898193359375,19.911699295043945
Kasos Airport,Kasos,Greece,KSJ,35.4213981628,26.9099998474
Alexander the Great International Airport,Kavala,Greece,KVA,40.91329956054688,24.619199752807617
Filippos Airport,Kozani,Greece,KZI,40.28609848022461,21.84079933166504
Leros Airport,Leros,Greece,LRS,37.184898,26.800301
Limnos Airport,Limnos,Greece,LXS,39.917098999,25.236299514799995
Larisa Airport,Larissa,Greece,LRA,39.650253,22.4655
Mikonos Airport,Mykonos,Greece,JMK,37.43510055541992,25.348100662231445
Mytilene International Airport,Mytilini,Greece,MJT,39.0567016602,26.5983009338
Aktion National Airport,Preveza,Greece,PVK,38.92549896240234,20.765300750732425
Diagoras Airport,Rhodos,Greece,RHO,36.405399322509766,28.086200714111328
Araxos Airport,Patras,Greece,GPA,38.1511,21.4256
Chania International Airport,Chania,Greece,CHQ,35.531700134277344,24.14970016479492
Skiathos Island National Airport,Skiathos,Greece,JSI,39.17710113525391,23.503700256347656
Samos Airport,Samos,Greece,SMI,37.68999862670898,26.911699295043945
Sparti Airport,Sparti,Greece,SPJ,36.973899841308594,22.52630043029785
Santorini Airport,Thira,Greece,JTR,36.399200439453125,25.47929954528809
Sitia Airport,Sitia,Greece,JSH,35.21609878540039,26.101299285888672
Skiros Airport,Skiros,Greece,SKU,38.9676017761,24.4871997833
Thessaloniki Macedonia International Airport,Thessaloniki,Greece,SKG,40.51969909667969,22.97089958190918
"Zakynthos International Airport ""Dionysios Solomos""",Zakynthos,Greece,ZTH,37.7509,20.8843
Budapest Liszt Ferenc International Airport,Budapest,Hungary,BUD,47.42976,19.261093
Debrecen International Airport,Debrecen,Hungary,DEB,47.48889923095703,21.61529922485352
Crotone Airport,Crotone,Italy,CRV,38.9972,17.0802
Bari Karol Wojtyła Airport,Bari,Italy,BRI,41.138901,16.760599
"Foggia ""Gino Lisa"" Airport",Foggia,Italy,FOG,41.432899,15.535
"Taranto-Grottaglie ""Marcello Arlotta"" Airport",Grottaglie,Italy,TAR,40.517502,17.4032
Lecce Galatina Air Base,Lecce,Italy,LCC,40.239201,18.133301
Pescara International Airport,Pescara,Italy,PSR,42.431702,14.1811
Brindisi – Salento Airport,Brindisi,Italy,BDS,40.6576,17.947001
Lamezia Terme Airport,Lamezia,Italy,SUF,38.905399,16.2423
Catania-Fontanarossa Airport,Catania,Italy,CTA,37.466801,15.0664
Lampedusa Airport,Lampedusa,Italy,LMP,35.497898,12.6181
Pantelleria Airport,Pantelleria,Italy,PNL,36.816502,11.9689
Falcone–Borsellino Airport,Palermo,Italy,PMO,38.175999,13.091
Reggio Calabria Airport,Reggio Calabria,Italy,REG,38.071201,15.6516
Vincenzo Florio Airport Trapani-Birgi,Trapani,Italy,TPS,37.9114,12.488
Sigonella Navy Air Base,Sigonella,Italy,NSY,37.401699,14.9224
Alghero-Fertilia Airport,Alghero,Italy,AHO,40.632099,8.29077
Decimomannu Air Base,Decimomannu,Italy,DCI,39.354198,8.97248
Cagliari Elmas Airport,Cagliari,Italy,CAG,39.251499,9.05428
Olbia Costa Smeralda Airport,Olbia,Italy,OLB,40.898701,9.51763
Tortolì Airport,Tortoli,Italy,TTB,39.9188,9.68298
Malpensa International Airport,Milano,Italy,MXP,45.6306,8.72811
Il Caravaggio International Airport,Bergamo,Italy,BGY,45.673901,9.70417
Turin Airport,Torino,Italy,TRN,45.200802,7.64963
Villanova D'Albenga International Airport,Albenga,Italy,ALL,44.050598,8.12743
Genoa Cristoforo Colombo Airport,Genoa,Italy,GOA,44.4133,8.8375
Milano Linate Airport,Milan,Italy,LIN,45.445099,9.27674
Parma Airport,Parma,Italy,PMF,44.824501,10.2964
Cuneo International Airport,Cuneo,Italy,CUF,44.547001,7.62322
Aviano Air Base,Aviano,Italy,AVB,46.031898,12.596503
Bolzano Airport,Bolzano,Italy,BZO,46.460201,11.3264
Bologna Guglielmo Marconi Airport,Bologna,Italy,BLQ,44.5354,11.2887
Treviso-Sant'Angelo Airport,Treviso,Italy,TSF,45.648399,12.1944
Forlì Airport,Forli,Italy,FRL,44.194801,12.0701
Brescia Airport,Brescia,Italy,VBS,45.428902,10.3306
Trieste–Friuli Venezia Giulia Airport,Ronchi De Legionari,Italy,TRS,45.827499,13.4722
Federico Fellini International Airport,Rimini,Italy,RMI,44.020302,12.6117
Vicenza Airport,Vicenza,Italy,VIC,45.573399,11.5295
Padova Airport,Padova,Italy,QPA,45.395802,11.8479
Verona Villafranca Airport,Villafranca,Italy,VRN,45.395699,10.8885
Venice Marco Polo Airport,Venice,Italy,VCE,45.505299,12.3519
Siena-Ampugnano Airport,Siena,Italy,SAY,43.256302,11.255
Ciampino–G. B. Pastine International Airport,Rome,Italy,CIA,41.7994,12.5949
Leonardo da Vinci–Fiumicino Airport,Rome,Italy,FCO,41.8002778,12.2388889
Marina Di Campo Airport,Marina Di Campo,Italy,EBA,42.7603,10.2394
Latina Air Base,Latina,Italy,QLT,41.5424,12.909
Naples International Airport,Naples,Italy,NAP,40.886002,14.2908
Pisa International Airport,Pisa,Italy,PSA,43.683899,10.3927
Peretola Airport,Florence,Italy,FLR,43.810001,11.2051
Grosseto Air Base,Grosseto,Italy,GRS,42.759701,11.0719
Perugia San Francesco d'Assisi – Umbria International Airport,Perugia,Italy,PEG,43.095901,12.5132
Ljubljana Jože Pučnik Airport,Ljubljana,Slovenia,LJU,46.223701,14.4576
Maribor Airport,Maribor,Slovenia,MBX,46.47990036010742,15.686100006103516
Portoroz Airport,Portoroz,Slovenia,POW,45.4734001159668,13.614999771118164
Kunovice Airport,Kunovice,Czech Republic,UHE,49.02939987182617,17.439699172973633
Karlovy Vary International Airport,Karlovy Vary,Czech Republic,KLV,50.20299911499024,12.914999961853027
Ostrava Leos Janáček Airport,Ostrava,Czech Republic,OSR,49.6963005065918,18.111099243164062
Pardubice Airport,Pardubice,Czech Republic,PED,50.01340103149414,15.73859977722168
Přerov Air Base,Prerov,Czech Republic,PRV,49.42580032348633,17.404699325561523
Václav Havel Airport Prague,Prague,Czech Republic,PRG,50.1008,14.26
Brno-Tuřany Airport,Brno,Czech Republic,BRQ,49.15129852294922,16.694400787353516
Vodochody Airport,Vodochody,Czech Republic,VOD,50.216599,14.3958
Ben Gurion International Airport,Tel-aviv,Israel,TLV,32.01139831542969,34.88669967651367
Beersheba (Teyman) Airport,Beer-sheba,Israel,BEV,31.287000656128,34.722999572754
Eilat Airport,Elat,Israel,ETH,29.56130027770996,34.96009826660156
Ein Yahav Airfield,Eyn-yahav,Israel,EIY,30.621700286865234,35.20330047607422
Haifa International Airport,Haifa,Israel,HFA,32.80939865112305,35.04309844970703
Ben Ya'akov Airport,Rosh Pina,Israel,RPN,32.98099899291992,35.5718994140625
Bar Yehuda Airfield,Metzada,Israel,MTZ,31.32819938659668,35.38859939575195
Nevatim Air Base,Nevatim,Israel,VTM,31.2082996368,35.012298584
Ovda International Airport,Ovda,Israel,VDA,29.94029998779297,34.93579864501953
Ramon Air Base,Ramon,Israel,MIP,30.776100158691406,34.66669845581055
Sde Dov Airport,Tel-aviv,Israel,SDV,32.11470031738281,34.78219985961914
Malta International Airport,Malta,Malta,MLA,35.857498,14.4775
Graz Airport,Graz,Austria,GRZ,46.9911003112793,15.439599990844728
Innsbruck Airport,Innsbruck,Austria,INN,47.260201,11.344
Linz Hörsching Airport,Linz,Austria,LNZ,48.2332,14.1875
Salzburg Airport,Salzburg,Austria,SZG,47.7933006287,13.0043001175
Vienna International Airport,Vienna,Austria,VIE,48.110298156738,16.569700241089
Alverca Air Base,Alverca,Portugal,AVR,38.883301,-9.0301
Santa Maria Airport,Santa Maria (island),Portugal,SMA,36.97140121459961,-25.17060089111328
Bragança Airport,Braganca,Portugal,BGC,41.8578,-6.70713
Beja Airport / Airbase,Beja (madeira),Portugal,BYJ,38.078899,-7.9324
Braga Municipal Aerodrome,Braga,Portugal,BGZ,41.5871009827,-8.445139884949999
Cascais Airport,Cascais,Portugal,CAT,38.724998,-9.35523
Flores Airport,Flores,Portugal,FLW,39.455299377441406,-31.13139915466309
Faro Airport,Faro,Portugal,FAO,37.0144004822,-7.96590995789
Graciosa Airport,Graciosa Island,Portugal,GRW,39.09220123291016,-28.029800415039062
Horta Airport,Horta,Portugal,HOR,38.519901275634766,-28.715900421142575
Lajes Airport,Lajes (terceira Island),Portugal,TER,38.761799,-27.090799
Monte Real Air Base,Monte Real,Portugal,QLR,39.828335,-8.8875
João Paulo II Airport,Ponta Delgada,Portugal,PDL,37.7411994934,-25.6979007721
Pico Airport,Pico,Portugal,PIX,38.554298,-28.441299
Portimão Airport,Portimao,Portugal,PRM,37.1493,-8.58396
Francisco de Sá Carneiro Airport,Porto,Portugal,OPO,41.2481002808,-8.68138980865
Porto Santo Airport,Porto Santo,Portugal,PXO,33.0733985901,-16.3500003815
Humberto Delgado Airport (Lisbon Portela Airport),Lisbon,Portugal,LIS,38.7813,-9.13592
São Jorge Airport,Sao Jorge Island,Portugal,SJZ,38.66550064086914,-28.175800323486328
Vila Real Airport,Vila Real,Portugal,VRL,41.2743,-7.72047
Aerodromo Goncalves Lobato (Viseu Airport),Viseu,Portugal,VSE,40.725498,-7.88899
Mostar International Airport,Mostar,Bosnia and Herzegovina,OMO,43.282901763916016,17.84589958190918
Sarajevo International Airport,Sarajevo,Bosnia and Herzegovina,SJJ,43.82460021972656,18.331499099731445
Arad International Airport,Arad,Romania,ARW,46.17660140991211,21.261999130249023
Bacău Airport,Bacau,Romania,BCM,46.52190017700195,26.91029930114746
Tautii Magheraus Airport,Baia Mare,Romania,BAY,47.65840148925781,23.46999931335449
Băneasa International Airport,Bucharest,Romania,BBU,44.50320053100586,26.102100372314453
Mihail Kogălniceanu International Airport,Constanta,Romania,CND,44.36220169067383,28.488300323486328
Cluj-Napoca International Airport,Cluj-napoca,Romania,CLJ,46.78519821166992,23.686199188232425
Caransebeş Airport,Caransebes,Romania,CSB,45.41999816894531,22.25329971313477
Craiova Airport,Craiova,Romania,CRA,44.31809997558594,23.888599395751957
Iaşi Airport,Iasi,Romania,IAS,47.17850112915039,27.6205997467041
Oradea International Airport,Oradea,Romania,OMR,47.025299072265625,21.90250015258789
Henri Coandă International Airport,Bucharest,Romania,OTP,44.5711111,26.085
Sibiu International Airport,Sibiu,Romania,SBZ,45.78559875488281,24.09129905700684
Satu Mare Airport,Satu Mare,Romania,SUJ,47.70330047607422,22.88570022583008
Suceava Stefan cel Mare Airport,Suceava,Romania,SCV,47.6875,26.35409927368164
Tulcea Airport,Tulcea,Romania,TCE,45.0625,28.71430015563965
Transilvania Târgu Mureş International Airport,Tirgu Mures,Romania,TGM,46.46770095825195,24.412500381469727
Timişoara Traian Vuia Airport,Timisoara,Romania,TSR,45.80989837646485,21.337900161743164
Geneva Cointrin International Airport,Geneva,Switzerland,GVA,46.23809814453125,6.108950138092041
Sion Airport,Sion,Switzerland,SIR,46.2196006775,7.326759815220001
Emmen Air Base,Emmen,Switzerland,EML,47.092444,8.305184
Lugano Airport,Lugano,Switzerland,LUG,46.00429916379999,8.9105796814
Bern Belp Airport,Bern,Switzerland,BRN,46.914100647,7.497149944309999
Grenchen Airport,Grenchen,Switzerland,ZHI,47.181599,7.41719
Zürich Airport,Zurich,Switzerland,ZRH,47.464699,8.54917
St Gallen Altenrhein Airport,Altenrhein,Switzerland,ACH,47.4850006104,9.560770034789998
Samedan Airport,Samedan,Switzerland,SMV,46.53409957885742,9.884110450744627
Esenboğa International Airport,Ankara,Turkey,ESB,40.1281013489,32.995098114
Etimesgut Air Base,Ankara,Turkey,ANK,39.949798584,32.6885986328
Adana Airport,Adana,Turkey,ADA,36.9822006226,35.2803993225
İncirlik Air Base,Adana,Turkey,UAB,37.0021018982,35.4258995056
Afyon Airport,Afyon,Turkey,AFY,38.726398468,30.6011009216
Antalya International Airport,Antalya,Turkey,AYT,36.898701,30.800501
Gaziantep International Airport,Gaziantep,Turkey,GZT,36.9472007751,37.4786987305
Konya Airport,Konya,Turkey,KYA,37.979,32.561901
Amasya Merzifon Airport,Merzifon,Turkey,MZH,40.829399,35.521999
Sivas Nuri Demirağ Airport,Sivas,Turkey,VAS,39.813801,36.9035
Malatya Erhaç Airport,Malatya,Turkey,MLX,38.4352989197,38.0909996033
Kayseri Erkilet Airport,Kayseri,Turkey,ASR,38.770401001,35.4953994751
Tokat Airport,Tokat,Turkey,TJK,40.307430267333984,36.367408752441406
Çardak Airport,Denizli,Turkey,DNZ,37.7855987549,29.7012996674
Atatürk International Airport,Istanbul,Turkey,ISL,40.976898,28.8146
Balıkesir Merkez Airport,Balikesir,Turkey,BZI,39.61930084228516,27.926000595092773
Bandırma Airport,Bandirma,Turkey,BDM,40.31800079345703,27.97769927978516
Eskişehir Air Base,Eskisehir,Turkey,ESK,39.7840995789,30.5820999146
Adnan Menderes International Airport,Izmir,Turkey,ADB,38.2924003601,27.156999588
Çiğli Airport,Izmir,Turkey,IGL,38.5130004883,27.010099411
Cengiz Topel Airport,Topel,Turkey,KCO,40.73500061035156,30.08329963684082
Dalaman International Airport,Dalaman,Turkey,DLM,36.7131004333,28.7924995422
Imsık Airport,Bodrum,Turkey,BXN,37.140098571777344,27.669700622558597
Elazığ Airport,Elazig,Turkey,EZS,38.6068992615,39.2914009094
Diyarbakir Airport,Diyabakir,Turkey,DIY,37.893901825,40.2010002136
Erzincan Airport,Erzincan,Turkey,ERC,39.7102012634,39.5270004272
Erzurum International Airport,Erzurum,Turkey,ERZ,39.9565010071,41.17020034789999
Trabzon International Airport,Trabzon,Turkey,TZX,40.99509811401367,39.78969955444336
Van Ferit Melen Airport,Van,Turkey,VAN,38.46820068359375,43.332298278808594
Batman Airport,Batman,Turkey,BAL,37.9290008545,41.1166000366
Siirt Airport,Siirt,Turkey,SXZ,37.97890090942383,41.84040069580078
Bălți International Airport,Saltsy,Moldova,BZY,47.843056,27.777222
Chişinău International Airport,Chisinau,Moldova,KIV,46.92770004272461,28.93099975585937
Ohrid St. Paul the Apostle Airport,Ohrid,Macedonia,OHD,41.18,20.7423
Skopje Alexander the Great Airport,Skopje,Macedonia,SKP,41.961601,21.621401
Gibraltar Airport,Gibraltar,Gibraltar,GIB,36.1511993408,-5.3496599197400005
Belgrade Nikola Tesla Airport,Belgrade,Serbia,BEG,44.8184013367,20.3090991974
Nis Airport,Nis,Serbia,INI,43.337299,21.853701
Podgorica Airport,Podgorica,Montenegro,TGD,42.359402,19.2519
Priština International Airport,Pristina,Serbia,PRN,42.5728,21.035801
Tivat Airport,Tivat,Montenegro,TIV,42.40470123291016,18.72330093383789
M. R. Štefánik Airport,Bratislava,Slovakia,BTS,48.17020034790039,17.21269989013672
Košice Airport,Kosice,Slovakia,KSC,48.66310119628906,21.241100311279297
Piešťany Airport,Piestany,Slovakia,PZY,48.62519836425781,17.828399658203125
Sliač Airport,Sliac,Slovakia,SLD,48.63779830932617,19.13409996032715
Poprad-Tatry Airport,Poprad,Slovakia,TAT,49.073600769,20.2411003113
North Caicos Airport,North Caicos,Turks and Caicos Islands,NCA,21.9175,-71.939598
Providenciales Airport,Providenciales,Turks and Caicos Islands,PLS,21.77359962463379,-72.26589965820312
South Caicos Airport,South Caicos,Turks and Caicos Islands,XSC,21.5156993866,-71.528503418
Maria Montez International Airport,Barahona,Dominican Republic,BRX,18.25149917602539,-71.12039947509766
Cabo Rojo Airport,Cabo Rojo,Dominican Republic,CBJ,17.929000854492188,-71.6447982788086
Casa De Campo International Airport,La Romana,Dominican Republic,LRM,18.45070075988769,-68.91179656982422
Punta Cana International Airport,Punta Cana,Dominican Republic,PUJ,18.5673999786,-68.36340332030001
Gregorio Luperon International Airport,Puerto Plata,Dominican Republic,POP,19.75790023803711,-70.56999969482422
Las Américas International Airport,Santo Domingo,Dominican Republic,SDQ,18.42970085144,-69.668899536133
Cibao International Airport,Santiago,Dominican Republic,STI,19.406099319458008,-70.60469818115234
Coban Airport,Coban,Guatemala,CBV,15.468999862670898,-90.40670013427734
La Aurora Airport,Guatemala City,Guatemala,GUA,14.5833,-90.527496
Retalhuleu Airport,Retalhuleu,Guatemala,RER,14.520999908447266,-91.69730377197266
San José Airport,San Jose,Guatemala,GSJ,13.9362001419,-90.8358001709
Goloson International Airport,La Ceiba,Honduras,LCE,15.7425,-86.852997
Ramón Villeda Morales International Airport,San Pedro Sula,Honduras,SAP,15.4526,-87.923599
La Laguna Airport,Guanaja,Honduras,GJA,16.4454,-85.906601
Juan Manuel Galvez International Airport,Roatan,Honduras,RTB,16.316799,-86.523003
Tela Airport,Tela,Honduras,TEA,15.7759,-87.4758
Toncontín International Airport,Tegucigalpa,Honduras,TGU,14.06089973449707,-87.21720123291016
Trujillo Airport,Trujillo,Honduras,TJI,15.9268,-85.938202
Boscobel Aerodrome,Ocho Rios,Jamaica,OCJ,18.404199600219727,-76.96900177001953
Norman Manley International Airport,Kingston,Jamaica,KIN,17.935699462890625,-76.7874984741211
Sangster International Airport,Montego Bay,Jamaica,MBJ,18.503700256347656,-77.91339874267578
Ken Jones Airport,Port Antonio,Jamaica,POT,18.1987991333,-76.53450012210001
Tinson Pen Airport,Kingston,Jamaica,KTP,17.98859977722168,-76.82379913330078
General Juan N Alvarez International Airport,Acapulco,Mexico,ACA,16.757099151611328,-99.75399780273438
Del Norte International Airport,Monterrey,Mexico,NTR,25.865601,-100.237
Jesús Terán Paredo International Airport,Aguascalientes,Mexico,AGU,21.705601,-102.318001
Bahías de Huatulco International Airport,Huatulco,Mexico,HUX,15.7753,-96.262604
General Mariano Matamoros Airport,Cuernavaca,Mexico,CVJ,18.834800720214844,-99.26129913330078
Ciudad Acuña New International Airport,Ciudad Acuna,Mexico,ACN,29.332899,-101.098998
Ciudad del Carmen International Airport,Ciudad Del Carmen,Mexico,CME,18.65369987487793,-91.79900360107422
Nuevo Casas Grandes Airport,Nuevo Casas Grandes,Mexico,NCG,30.3974,-107.875
Bachigualato Federal International Airport,Culiacan,Mexico,CUL,24.7644996643,-107.474998474
Chetumal International Airport,Chetumal,Mexico,CTM,18.50469970703125,-88.32679748535156
Ciudad Obregón International Airport,Ciudad Obregon,Mexico,CEN,27.39259910583496,-109.83300018310548
Ingeniero Alberto Acuña Ongay International Airport,Campeche,Mexico,CPE,19.816799163800003,-90.5002975464
Abraham González International Airport,Ciudad Juarez,Mexico,CJS,31.63610076904297,-106.4290008544922
General Roberto Fierro Villalobos International Airport,Chihuahua,Mexico,CUU,28.702899932900003,-105.964996338
General Pedro Jose Mendez International Airport,Ciudad Victoria,Mexico,CVM,23.7033004761,-98.9564971924
Cozumel International Airport,Cozumel,Mexico,CZM,20.52239990234375,-86.92559814453125
General Guadalupe Victoria International Airport,Durango,Mexico,DGO,24.1242008209,-104.527999878
Amado Nervo National Airport,Tepic,Mexico,TPQ,21.4195,-104.843002
Ensenada International Airport,Ensenada,Mexico,ESE,31.7953,-116.602997
Don Miguel Hidalgo Y Costilla International Airport,Guadalajara,Mexico,GDL,20.52179908752441,-103.31099700927734
General José María Yáñez International Airport,Guaymas,Mexico,GYM,27.9689998626709,-110.9250030517578
Tehuacan Airport,Tehuacan,Mexico,TCN,18.49720001220703,-97.4198989868164
General Ignacio P. Garcia International Airport,Hermosillo,Mexico,HMO,29.095899581900003,-111.047996521
Licenciado Miguel de la Madrid Airport,Colima,Mexico,CLQ,19.277,-103.577002
Isla Mujeres Airport,Isla Mujeres,Mexico,ISJ,21.2450008392334,-86.73999786376953
Plan De Guadalupe International Airport,Saltillo,Mexico,SLW,25.54949951171875,-100.9290008544922
Ixtepec Airport,Iztepec,Mexico,IZT,16.449301,-95.093697
Lázaro Cárdenas Airport,Lazard Cardenas,Mexico,LZC,18.0016994476,-102.221000671
Valle del Fuerte International Airport,Los Mochis,Mexico,LMM,25.6851997375,-109.081001282
Del Bajío International Airport,Del Bajio,Mexico,BJX,20.9935,-101.481003
Manuel Márquez de León International Airport,La Paz,Mexico,LAP,24.0727005005,-110.361999512
Loreto International Airport,Loreto,Mexico,LTO,25.989200592041016,-111.3479995727539
General Servando Canales International Airport,Matamoros,Mexico,MAM,25.7698993683,-97.5252990723
Licenciado Manuel Crescencio Rejon Int Airport,Merida,Mexico,MID,20.9370002747,-89.657699585
General Rodolfo Sánchez Taboada International Airport,Mexicali,Mexico,MXL,32.6306,-115.241997
General Francisco J. Mujica International Airport,Morelia,Mexico,MLM,19.849899292,-101.025001526
Minatitlán/Coatzacoalcos National Airport,Minatitlan,Mexico,MTT,18.1033992767,-94.5807037354
Monclova International Airport,Monclova,Mexico,LOV,26.9557,-101.470001
Licenciado Benito Juarez International Airport,Mexico City,Mexico,MEX,19.4363,-99.072098
General Mariano Escobedo International Airport,Monterrey,Mexico,MTY,25.7784996033,-100.107002258
General Rafael Buelna International Airport,Mazatlan,Mexico,MZT,23.1613998413,-106.26599884
Nogales International Airport,Nogales,Mexico,NOG,31.22610092163086,-110.97599792480467
Quetzalcóatl International Airport,Nuevo Laredo,Mexico,NLD,27.4438991547,-99.5705032349
Xoxocotlán International Airport,Oaxaca,Mexico,OAX,16.9999008179,-96.726600647
El Tajín National Airport,Poza Rico,Mexico,PAZ,20.6026992798,-97.4608001709
Hermanos Serdán International Airport,Puebla,Mexico,PBC,19.1581001282,-98.3713989258
Mar de Cortés International Airport,Punta Penasco,Mexico,PPE,31.351987,-113.305177
Piedras Negras International Airport,Piedras Negras,Mexico,PDS,28.627399,-100.535004
Licenciado y General Ignacio Lopez Rayon Airport,Uruapan,Mexico,UPN,19.396699905395508,-102.03900146484376
Licenciado Gustavo Díaz Ordaz International Airport,Puerto Vallarta,Mexico,PVR,20.680099487304688,-105.25399780273438
Puerto Escondido International Airport,Puerto Escondido,Mexico,PXM,15.8769,-97.089103
Querétaro Intercontinental Airport,Queretaro,Mexico,QRO,20.6173,-100.185997
General Lucio Blanco International Airport,Reynosa,Mexico,REX,26.0089,-98.2285
Los Cabos International Airport,San Jose Del Cabo,Mexico,SJD,23.15180015563965,-109.72100067138672
San Felipe International Airport,San Filipe,Mexico,SFH,30.930200576782,-114.80899810791
Ponciano Arriaga International Airport,San Luis Potosi,Mexico,SLP,22.254299163800003,-100.930999756
Francisco Sarabia International Airport,Torreon,Mexico,TRC,25.5683002472,-103.411003113
Angel Albino Corzo International Airport,Tuxtla Gutierrez,Mexico,TGZ,16.5636005402,-93.0224990845
General Abelardo L. Rodríguez International Airport,Tijuana,Mexico,TIJ,32.541099548339844,-116.97000122070312
General Francisco Javier Mina International Airport,Tampico,Mexico,TAM,22.2964000702,-97.8658981323
Tamuin Airport,Tamuin,Mexico,TSL,22.0383,-98.806502
Licenciado Adolfo Lopez Mateos International Airport,Toluca,Mexico,TLC,19.3370990753,-99.56600189210002
Tapachula International Airport,Tapachula,Mexico,TAP,14.7943000793,-92.3700027466
Cancún International Airport,Cancun,Mexico,CUN,21.036500930800003,-86.8770980835
Carlos Rovirosa Pérez International Airport,Villahermosa,Mexico,VSA,17.996999740600586,-92.81739807128906
General Heriberto Jara International Airport,Vera Cruz,Mexico,VER,19.1459007263,-96.1873016357
General Leobardo C. Ruiz International Airport,Zacatecas,Mexico,ZCL,22.8971004486,-102.68699646
Ixtapa Zihuatanejo International Airport,Zihuatanejo,Mexico,ZIH,17.601600647,-101.460998535
Zamora Airport,Zamora,Mexico,ZMM,20.045,-102.276001
Playa De Oro International Airport,Manzanillo,Mexico,ZLO,19.1448001862,-104.558998108
Bluefields Airport,Bluefields,Nicaragua,BEF,11.991000175476074,-83.77410125732422
Augusto C. Sandino (Managua) International Airport,Managua,Nicaragua,MGA,12.14150047302246,-86.16819763183594
Puerto Cabezas Airport,Puerto Cabezas,Nicaragua,PUZ,14.047200202941896,-83.38670349121094
Bocas Del Toro International Airport,Bocas Del Toro,Panama,BOC,9.340849876403809,-82.25080108642578
Cap Manuel Niño International Airport,Changuinola,Panama,CHX,9.458962,-82.515062
Enrique Malek International Airport,David,Panama,DAV,8.390999794006348,-82.43499755859375
Panama Pacific International Airport,Howard,Panama,BLB,8.91479,-79.599602
Marcos A. Gelabert International Airport,Panama,Panama,PAC,8.973340034484863,-79.55560302734375
Ruben Cantu Airport,Santiago,Panama,SYP,8.085599899291992,-80.94529724121094
Tocumen International Airport,Panama City,Panama,PTY,9.0713596344,-79.3834991455
Buenos Aires Airport,Buenos Aires,Costa Rica,BAI,9.163949,-83.330171
Coto 47 Airport,Coto 47,Costa Rica,OTR,8.60155963897705,-82.96859741210938
Chacarita Airport,Chacarita,Costa Rica,JAP,9.98141002655,-84.7726974487
Golfito Airport,Golfito,Costa Rica,GLF,8.654009819030762,-83.18219757080078
Guapiles Airport,Guapiles,Costa Rica,GPL,10.2172002792,-83.79699707030001
Daniel Oduber Quiros International Airport,Liberia,Costa Rica,LIR,10.5933,-85.544403
Los Chiles Airport,Los Chiles,Costa Rica,LSL,11.035300254821776,-84.70610046386719
Limon International Airport,Limon,Costa Rica,LIO,9.95796012878418,-83.02200317382812
Nosara Airport,Nosara Beach,Costa Rica,NOB,9.97649002075,-85.65299987790002
Juan Santamaria International Airport,San Jose,Costa Rica,SJO,9.993860244750977,-84.20880126953125
Palmar Sur Airport,Palmar Sur,Costa Rica,PMZ,8.951029777526855,-83.46859741210938
Quepos Managua Airport,Quepos,Costa Rica,XQP,9.443160057067873,-84.12979888916016
San Vito De Java Airport,San Vito De Jaba,Costa Rica,TOO,8.826109886169434,-82.95890045166016
Monseñor Óscar Arnulfo Romero International Airport,San Salvador,El Salvador,SAL,13.4409,-89.055702
Les Cayes Airport,Cayes,Haiti,CYA,18.27109909057617,-73.78829956054688
Cap Haitien International Airport,Cap Haitien,Haiti,CAP,19.733,-72.194702
Jacmel Airport,Jacmel,Haiti,JAK,18.241100311279297,-72.51850128173828
Toussaint Louverture International Airport,Port-au-prince,Haiti,PAP,18.57999992370605,-72.2925033569336
Gustavo Rizo Airport,Baracoa Playa,Cuba,BCA,20.36529922485352,-74.5062026977539
Carlos Manuel de Cespedes Airport,Bayamo,Cuba,BYM,20.39640045166016,-76.62139892578125
Maximo Gomez Airport,Ciego De Avila,Cuba,AVI,22.027099609375,-78.78959655761719
Jardines Del Rey Airport,Cunagua,Cuba,CCC,22.4610004425,-78.32839965820001
Jaime Gonzalez Airport,Cienfuegos,Cuba,CFG,22.149999618530277,-80.41419982910156
Vilo Acuña International Airport,Cayo Largo del Sur,Cuba,CYO,21.6165008545,-81.5459976196
Ignacio Agramonte International Airport,Camaguey,Cuba,CMW,21.420299530029297,-77.84750366210938
Antonio Maceo International Airport,Santiago De Cuba,Cuba,SCU,19.96980094909668,-75.83540344238281
Leeward Point Field,Guantanamo,Cuba,NBW,19.906499862671,-75.207099914551
Mariana Grajales Airport,Guantanamo,Cuba,GAO,20.08530044555664,-75.1583023071289
José Martí International Airport,Havana,Cuba,HAV,22.989200592041016,-82.40910339355469
Frank Pais International Airport,Holguin,Cuba,HOG,20.785600662231445,-76.31510162353516
La Coloma Airport,La Coloma,Cuba,LCL,22.33609962463379,-83.64189910888672
Orestes Acosta Airport,Moa,Cuba,MOA,20.65390014648437,-74.92220306396484
Sierra Maestra Airport,Manzanillo,Cuba,MZO,20.28809928894043,-77.08920288085938
Rafael Cabrera Airport,Nueva Gerona,Cuba,GER,21.834699630737305,-82.78379821777344
Playa Baracoa Airport,Baracoa Playa,Cuba,UPB,23.0328006744,-82.5793991089
Pinar Del Rio Airport,Pinar Del Rio Norte,Cuba,QPD,22.42140007019043,-83.67839813232422
Abel Santamaria Airport,Santa Clara,Cuba,SNU,22.49220085144043,-79.943603515625
Siguanea Airport,Siguanea,Cuba,SZJ,21.64249992370605,-82.9551010131836
Sancti Spiritus Airport,Sancti Spiritus,Cuba,USS,21.9704,-79.442703
Juan Gualberto Gomez International Airport,Varadero,Cuba,VRA,23.034400939941406,-81.435302734375
Hermanos Ameijeiras Airport,Las Tunas,Cuba,VTU,20.98760032653809,-76.93579864501953
Gerrard Smith International Airport,Cayman Brac,Cayman Islands,CYB,19.687000274658203,-79.88279724121094
Owen Roberts International Airport,Georgetown,Cayman Islands,GCM,19.2928009033,-81.3576965332
Clarence A. Bain Airport,Clarence Bain,Bahamas,MAY,24.28770065307617,-77.68460083007812
Andros Town Airport,Andros Town,Bahamas,ASD,24.697900772094727,-77.79560089111328
Leonard M Thompson International Airport,Marsh Harbor,Bahamas,MHH,26.5114,-77.083503
San Andros Airport,San Andros,Bahamas,SAQ,25.053800582885746,-78.04900360107422
Spring Point Airport,Spring Point,Bahamas,AXP,22.441799163800003,-73.97090148930002
Treasure Cay Airport,Treasure Cay,Bahamas,TCB,26.745300293,-77.3912963867
Chub Cay Airport,Chub Cay,Bahamas,CCZ,25.41710090637207,-77.88089752197266
Great Harbour Cay Airport,Bullocks Harbour,Bahamas,GHC,25.7383,-77.840103
South Bimini Airport,Alice Town,Bahamas,BIM,25.6998996735,-79.2647018433
Exuma International Airport,Great Exuma,Bahamas,GGT,23.5625991821,-75.8779983521
North Eleuthera Airport,North Eleuthera,Bahamas,ELH,25.474899292,-76.6835021973
Governor's Harbour Airport,Governor's Harbor,Bahamas,GHB,25.2847003937,-76.3310012817
Normans Cay Airport,Norman's Cay,Bahamas,NMC,24.59429931640625,-76.82019805908203
Rock Sound Airport,Rock Sound,Bahamas,RSD,24.8950787333,-76.1768817902
Staniel Cay Airport,Staniel Cay,Bahamas,TYM,24.169099807739254,-76.43910217285156
Grand Bahama International Airport,Freeport,Bahamas,FPO,26.5587005615,-78.695602417
Inagua Airport,Matthew Town,Bahamas,IGA,20.975000381469727,-73.66690063476562
Deadman's Cay Airport,Dead Man's Cay,Bahamas,LGI,23.1790008545,-75.09359741210001
Stella Maris Airport,Stella Maris,Bahamas,SML,23.582317,-75.268621
Mayaguana Airport,Mayaguana,Bahamas,MYG,22.379499,-73.013494
Lynden Pindling International Airport,Nassau,Bahamas,NAS,25.0389995575,-77.46620178219999
Duncan Town Airport,Duncan Town,Bahamas,DCT,22.18180084228516,-75.72949981689453
Rum Cay Airport,Port Nelson,Bahamas,RCY,23.68440055847168,-74.83619689941406
San Salvador Airport,Cockburn Town,Bahamas,ZSA,24.06329917907715,-74.52400207519531
Philip S. W. Goldson International Airport,Belize City,Belize,BZE,17.539100646972656,-88.30819702148438
Aitutaki Airport,Aitutaki,Cook Islands,AIT,-18.830900192260746,-159.76400756835938
Rarotonga International Airport,Avarua,Cook Islands,RAR,-21.2026996613,-159.805999756
Nadi International Airport,Nandi,Fiji,NAN,-17.755399703979492,177.4429931640625
Nausori International Airport,Nausori,Fiji,SUV,-18.04330062866211,178.5590057373047
Fua'amotu International Airport,Tongatapu,Tonga,TBU,-21.241199493408203,-175.14999389648438
Vava'u International Airport,Vava'u,Tonga,VAV,-18.58530044555664,-173.96200561523438
Bonriki International Airport,Tarawa,Kiribati,TRW,1.3816399574279783,173.14700317382812
Tabiteuea North Airport,Tabiteuea North,Kiribati,TBF,-1.2244700193405151,174.7760009765625
Hihifo Airport,Wallis,Wallis and Futuna,WLS,-13.2383003235,-176.199005127
Faleolo International Airport,Faleolo,Samoa,APW,-13.829999923706056,-172.00799560546875
Pago Pago International Airport,Pago Pago,American Samoa,PPG,-14.3310003281,-170.710006714
Rurutu Airport,Rurutu,French Polynesia,RUR,-22.43409919738769,-151.36099243164062
Tubuai Airport,Tubuai,French Polynesia,TUB,-23.36540031433105,-149.5240020751953
Anaa Airport,Anaa,French Polynesia,AAA,-17.35260009765625,-145.50999450683594
Fangatau Airport,Fangatau,French Polynesia,FGU,-15.819899559020996,-140.88699340820312
Tikehau Airport,Tikehau,French Polynesia,TIH,-15.119600296020508,-148.2310028076172
Reao Airport,Reao,French Polynesia,REA,-18.465900421142575,-136.44000244140625
Fakarava Airport,Fakarava,French Polynesia,FAV,-16.054100036621094,-145.65699768066406
Manihi Airport,Manihi,French Polynesia,XMH,-14.436800003051758,-146.07000732421875
Totegegie Airport,Totegegie,French Polynesia,GMR,-23.07990074157715,-134.88999938964844
Kaukura Airport,Kaukura Atoll,French Polynesia,KKR,-15.663299560546877,-146.88499450683594
Makemo Airport,Makemo,French Polynesia,MKP,-16.583900451660156,-143.6580047607422
Puka Puka Airport,Puka Puka,French Polynesia,PKP,-14.809499740600586,-138.81300354003906
Takapoto Airport,Takapoto,French Polynesia,TKP,-14.709500312805176,-145.24600219726562
Arutua Airport,Arutua,French Polynesia,AXR,-15.248299598693848,-146.61700439453125
Mataiva Airport,Mataiva,French Polynesia,MVT,-14.8681001663208,-148.7169952392578
Takaroa Airport,Takaroa,French Polynesia,TKX,-14.45580005645752,-145.02499389648438
Nuku Hiva Airport,Nuku Hiva,French Polynesia,NHV,-8.795599937438965,-140.22900390625
Bora Bora Airport,Bora Bora,French Polynesia,BOB,-16.444400787353516,-151.75100708007812
Rangiroa Airport,Rangiroa,French Polynesia,RGI,-14.954299926757812,-147.66099548339844
Huahine-Fare Airport,Huahine Island,French Polynesia,HUH,-16.68720054626465,-151.02200317382812
Moorea Airport,Moorea,French Polynesia,MOZ,-17.49,-149.761993
Hao Airport,Hao Island,French Polynesia,HOI,-18.074800491333008,-140.9459991455078
Maupiti Airport,Maupiti,French Polynesia,MAU,-16.42650032043457,-152.24400329589844
Raiatea Airport,Raiatea Island,French Polynesia,RFP,-16.7229,-151.466003
Bauerfield International Airport,Port-vila,Vanuatu,VLI,-17.699300765991,168.32000732422
Koné Airport,Kone,New Caledonia,KNQ,-21.05430030822754,164.83700561523438
Koumac Airport,Koumac,New Caledonia,KOC,-20.546300888061523,164.25599670410156
Lifou Airport,Lifou,New Caledonia,LIF,-20.774799346923828,167.24000549316406
Nouméa Magenta Airport,Noumea,New Caledonia,GEA,-22.25830078125,166.47300720214844
Maré Airport,Mare,New Caledonia,MEE,-21.4817008972168,168.03799438476562
Touho Airport,Touho,New Caledonia,TOU,-20.790000915527344,165.25900268554688
Ouvéa Airport,Ouvea,New Caledonia,UVE,-20.640600204467773,166.572998046875
La Tontouta International Airport,Noumea,New Caledonia,NOU,-22.01460075378418,166.21299743652344
Auckland International Airport,Auckland,New Zealand,AKL,-37.0080986023,174.792007446
Taupo Airport,Taupo,New Zealand,TUO,-38.73970031738281,176.08399963378906
Ardmore Airport,Ardmore,New Zealand,AMZ,-37.02970123291016,174.97300720214844
Christchurch International Airport,Christchurch,New Zealand,CHC,-43.48939895629883,172.53199768066406
Chatham Islands-Tuuta Airport,Chatham Island,New Zealand,CHT,-43.810001373291016,-176.45700073242188
Dunedin Airport,Dunedin,New Zealand,DUD,-45.9281005859375,170.197998046875
Gisborne Airport,Gisborne,New Zealand,GIS,-38.66329956054688,177.97799682617188
Glentanner Airport,Glentanner,New Zealand,GTN,-43.906700134277344,170.1280059814453
Hokitika Airfield,Hokitika,New Zealand,HKK,-42.713600158691406,170.98500061035156
Hamilton International Airport,Hamilton,New Zealand,HLZ,-37.8666992188,175.332000732
Kerikeri Airport,Kerikeri,New Zealand,KKE,-35.26279830932617,173.91200256347656
Kaitaia Airport,Kaitaia,New Zealand,KAT,-35.06999969482422,173.28500366210938
Alexandra Airport,Alexandra,New Zealand,ALR,-45.211700439453125,169.3730010986328
Mount Cook Airport,Mount Cook,New Zealand,MON,-43.76499938964844,170.13299560546875
Manapouri Airport,Manapouri,New Zealand,TEU,-45.53310012817383,167.64999389648438
Hood Airport,Masterton,New Zealand,MRO,-40.97330093383789,175.63400268554688
New Plymouth Airport,New Plymouth,New Zealand,NPL,-39.00859832763672,174.1790008544922
Nelson Airport,Nelson,New Zealand,NSN,-41.298301696777344,173.2209930419922
Invercargill Airport,Invercargill,New Zealand,IVC,-46.41239929199219,168.31300354003906
RNZAF Base Ohakea,Ohakea,New Zealand,OHA,-40.20600128173828,175.38800048828125
Oamaru Airport,Oamaru,New Zealand,OAM,-44.970001220703125,171.08200073242188
Palmerston North Airport,Palmerston North,New Zealand,PMR,-40.32059860229492,175.61700439453125
Paraparaumu Airport,Paraparaumu,New Zealand,PPQ,-40.90470123291016,174.98899841308594
Queenstown International Airport,Queenstown International,New Zealand,ZQN,-45.0210990906,168.738998413
Rotorua Regional Airport,Rotorua,New Zealand,ROT,-38.10919952392578,176.31700134277344
Tauranga Airport,Tauranga,New Zealand,TRG,-37.67190170288086,176.1959991455078
Timaru Airport,Timaru,New Zealand,TIU,-44.30279922485352,171.22500610351562
Pukaki Airport,Pukaki,New Zealand,TWZ,-44.2350006104,170.117996216
Woodbourne Airport,Woodbourne,New Zealand,BHE,-41.5182991027832,173.8699951171875
Wanaka Airport,Wanaka,New Zealand,WKA,-44.722198486328,169.24600219727
Whakatane Airport,Whakatane,New Zealand,WHK,-37.92060089111328,176.91400146484375
Wellington International Airport,Wellington,New Zealand,WLG,-41.3272018433,174.804992676
Wairoa Airport,Wairoa,New Zealand,WIR,-39.00690078735352,177.40699768066406
Whangarei Airport,Whangarei,New Zealand,WRE,-35.7682991027832,174.36500549316406
Westport Airport,Westport,New Zealand,WSZ,-41.73809814453125,171.58099365234375
Wanganui Airport,Wanganui,New Zealand,WAG,-39.96220016479492,175.02499389648438
Herat Airport,Herat,Afghanistan,HEA,34.209999084472656,62.22829818725586
Jalalabad Airport,Jalalabad,Afghanistan,JAA,34.39979934692383,70.49859619140625
Hamid Karzai International Airport,Kabul,Afghanistan,KBL,34.565899,69.212303
Kandahar Airport,Kandahar,Afghanistan,KDH,31.505800247192383,65.8478012084961
Maimana Airport,Maimama,Afghanistan,MMZ,35.93080139160156,64.76090240478516
Mazar I Sharif Airport,Mazar-i-sharif,Afghanistan,MZR,36.70690155029297,67.20970153808594
Shindand Airport,Shindand,Afghanistan,OAH,33.3913002014,62.2610015869
Konduz Airport,Kunduz,Afghanistan,UND,36.66510009765625,68.91079711914062
Bahrain International Airport,Bahrain,Bahrain,BAH,26.27079963684082,50.63359832763672
Abha Regional Airport,Abha,Saudi Arabia,AHB,18.2404003143,42.65660095210001
Al Ahsa Airport,Al-ahsa,Saudi Arabia,HOF,25.28529930114746,49.485198974609375
Al Baha Airport,El-baha,Saudi Arabia,ABT,20.2961006165,41.6343002319
Bisha Airport,Bisha,Saudi Arabia,BHH,19.984399795532227,42.62089920043945
King Fahd International Airport,Dammam,Saudi Arabia,DMM,26.471200942993164,49.79790115356445
King Abdulaziz Air Base,Dhahran,Saudi Arabia,DHA,26.265399932900003,50.1520004272
Jizan Regional Airport,Gizan,Saudi Arabia,GIZ,16.901100158691406,42.58580017089844
Gassim Airport,Gassim,Saudi Arabia,ELQ,26.30279922485352,43.77439880371094
Gurayat Domestic Airport,Guriat,Saudi Arabia,URY,31.412413,37.278898
Ha'il Airport,Hail,Saudi Arabia,HAS,27.437901,41.686298
Jubail Airport,Jubail,Saudi Arabia,QJB,27.03899955749512,49.40510177612305
King Abdulaziz International Airport,Jeddah,Saudi Arabia,JED,21.6796,39.156502
King Khaled Military City Airport,King Khalid Mil.city,Saudi Arabia,KMC,27.9009,45.528198
Prince Mohammad Bin Abdulaziz Airport,Madinah,Saudi Arabia,MED,24.5534,39.705101
Nejran Airport,Nejran,Saudi Arabia,EAM,17.611400604248047,44.4192008972168
Al Qaisumah/Hafr Al Batin Airport,Hafr Al-batin,Saudi Arabia,AQI,28.335199,46.125099
Rafha Domestic Airport,Rafha,Saudi Arabia,RAH,29.626399993896484,43.4906005859375
King Khaled International Airport,Riyadh,Saudi Arabia,RUH,24.957599639892575,46.69879913330078
Arar Domestic Airport,Arar,Saudi Arabia,RAE,30.90660095214844,41.13819885253906
Sharurah Airport,Sharurah,Saudi Arabia,SHW,17.466899871826172,47.12139892578125
Sulayel Airport,Sulayel,Saudi Arabia,SLF,20.46470069885254,45.61959838867188
Tabuk Airport,Tabuk,Saudi Arabia,TUU,28.3654,36.6189
Ta’if Regional Airport,Taif,Saudi Arabia,TIF,21.483001,40.543442
Turaif Domestic Airport,Turaif,Saudi Arabia,TUI,31.692188,38.731544
Al Wajh Domestic Airport,Wejh,Saudi Arabia,EJH,26.19860076904297,36.47639846801758
Prince Abdulmohsin Bin Abdulaziz Airport,Yenbo,Saudi Arabia,YNB,24.144199,38.0634
Abadan Airport,Abadan,Iran,ABD,30.371099472,48.2282981873
Dezful Airport,Dezful,Iran,DEF,32.434399,48.397598
Aghajari Airport,Aghajari,Iran,AKW,30.7444,49.6772
Gachsaran Airport,Gachsaran,Iran,GCH,30.337600708,50.827999115
Omidiyeh Airport,Omidyeh,Iran,OMI,30.8351993560791,49.5349006652832
Mahshahr Airport,Bandar Mahshahr,Iran,MRX,30.55620002746582,49.15190124511719
Ahwaz Airport,Ahwaz,Iran,AWZ,31.3374004364,48.7620010376
Abu Musa Island Airport,Abumusa I.,Iran,AEU,25.8757,55.033001
Bushehr Airport,Bushehr,Iran,BUZ,28.9447994232,50.8345985413
Kish International Airport,Kish Island,Iran,KIH,26.5261993408,53.9802017212
Bandar Lengeh Airport,Bandar Lengeh,Iran,BDH,26.531999588,54.824798584
Khark Island Airport,Khark Island,Iran,KHK,29.260299682617188,50.32389831542969
Sirri Island Airport,Siri Island,Iran,SXI,25.908899307250977,54.539398193359375
Lavan Island Airport,Lavan Island,Iran,LVP,26.810300827026367,53.35630035400391
Shahid Ashrafi Esfahani Airport,Bakhtaran,Iran,KSH,34.3459014893,47.1581001282
Sanandaj Airport,Sanandaj,Iran,SDG,35.24589920043945,47.00920104980469
Hesa Airport,Daran,Iran,IFH,32.92890167236328,51.56110000610352
Kashan Airport,Kashan,Iran,KKS,33.895302,51.577
Esfahan Shahid Beheshti International Airport,Esfahan,Iran,IFN,32.75080108642578,51.86130142211914
Sardar-e-Jangal Airport,Rasht,Iran,RAS,37.323333,49.617778
Arak Airport,Arak,Iran,AJK,34.13809967041016,49.8473014831543
Mehrabad International Airport,Teheran,Iran,THR,35.68920135498047,51.31340026855469
Qazvin Airport,Ghazvin,Iran,GZW,36.240101,50.0471
Bandar Abbas International Airport,Bandar Abbas,Iran,BND,27.218299865722656,56.37779998779297
Jiroft Airport,Jiroft,Iran,JYR,28.7269001007,57.67029953
Kerman Airport,Kerman,Iran,KER,30.2744007111,56.9510993958
Havadarya Airport,Bandar Abbas,Iran,HDR,27.158300399780277,56.17250061035156
Sirjan Airport,Sirjan,Iran,SYJ,29.550899505615234,55.672698974609375
Birjand Airport,Birjand,Iran,XBJ,32.898101806640625,59.2661018371582
Sarakhs Airport,Sarakhs,Iran,CKT,36.50120162963867,61.06489944458008
Shahroud Airport,Emam Shahr,Iran,RUD,36.4253005981,55.1041984558
Tabas Airport,Tabas,Iran,TCX,33.6678009033,56.8927001953
Kalaleh Airport,Kalaleh,Iran,KLM,37.3833007812,55.4519996643
Ramsar Airport,Ramsar,Iran,RZR,36.9099006652832,50.67959976196289
Fasa Airport,Fasa,Iran,FAZ,28.89179992675781,53.72330093383789
Jahrom Airport,Jahrom,Iran,JAR,28.5867004395,53.5791015625
Lamerd Airport,Lamerd,Iran,LFM,27.3726997375,53.18880081179999
Shiraz Shahid Dastghaib International Airport,Shiraz,Iran,SYZ,29.53919982910156,52.58980178833008
Khoy Airport,Khoy,Iran,KHY,38.4275016784668,44.97359848022461
Tabriz International Airport,Tabriz,Iran,TBZ,38.1338996887207,46.23500061035156
Zanjan Airport,Zanjan,Iran,JWN,36.7737007141,48.3594017029
Shahid Sadooghi Airport,Yazd,Iran,AZD,31.9048995972,54.2765007019
Zabol Airport,Zabol,Iran,ACZ,31.09830093383789,61.54389953613281
Konarak Airport,Chah Bahar,Iran,ZBR,25.4433002472,60.3820991516
Zahedan International Airport,Zahedan,Iran,ZAH,29.47570037841797,60.90620040893555
Iran Shahr Airport,Iran Shahr,Iran,IHR,27.2360992432,60.7200012207
Queen Alia International Airport,Amman,Jordan,AMM,31.7226009369,35.9931983948
Amman-Marka International Airport,Amman,Jordan,ADJ,31.972700119018555,35.991600036621094
Aqaba King Hussein International Airport,Aqaba,Jordan,AQJ,29.61160087585449,35.01810073852539
King Hussein Air College,Mafraq,Jordan,OMF,32.3564,36.259201
Kuwait International Airport,Kuwait,Kuwait,KWI,29.226600646972656,47.96889877319336
Beirut Rafic Hariri International Airport,Beirut,Lebanon,BEY,33.820899963378906,35.488399505615234
Rene Mouawad Air Base,Kleiat,Lebanon,KYE,34.589298248291016,36.01129913330078
Abu Dhabi International Airport,Abu Dhabi,United Arab Emirates,AUH,24.433000564575195,54.651100158691406
Bateen Airport,Abu Dhabi,United Arab Emirates,AZI,24.428300857543945,54.458099365234375
Al Dhafra Air Base,Abu Dhabi,United Arab Emirates,DHF,24.248199462900004,54.5476989746
Dubai International Airport,Dubai,United Arab Emirates,DXB,25.2527999878,55.3643989563
Fujairah International Airport,Fujeirah,United Arab Emirates,FJR,25.112199783325195,56.32400131225586
Ras Al Khaimah International Airport,Ras Al Khaimah,United Arab Emirates,RKT,25.613500595092773,55.93880081176758
Sharjah International Airport,Sharjah,United Arab Emirates,SHJ,25.32859992980957,55.5172004699707
Khasab Air Base,Khasab,Oman,KHS,26.17099952697754,56.2406005859375
Masirah Air Base,Masirah,Oman,MSH,20.67539978027344,58.89049911499024
Muscat International Airport,Muscat,Oman,MCT,23.593299865722656,58.284400939941406
Salalah Airport,Salalah,Oman,SLL,17.038700103759766,54.09130096435547
Thumrait Air Base,Thumrait,Oman,TTH,17.666000366210938,54.024600982666016
Bhagatanwala Airport,Bhagtanwala,Pakistan,BHW,32.056098938,72.94840240479999
Faisalabad International Airport,Faisalabad,Pakistan,LYP,31.364999771118164,72.99479675292969
Gwadar International Airport,Gwadar,Pakistan,GWD,25.233299255371094,62.329498291015625
Gilgit Airport,Gilgit,Pakistan,GIL,35.918800354003906,74.33360290527344
Shahbaz Air Base,Jacobsbad,Pakistan,JAG,28.28420066833496,68.44969940185547
Jinnah International Airport,Karachi,Pakistan,KHI,24.9065,67.160797
Alama Iqbal International Airport,Lahore,Pakistan,LHE,31.5216007232666,74.40360260009766
Mangla Airport,Mangla,Pakistan,XJM,33.05009841918945,73.63839721679688
Muzaffarabad Airport,Muzaffarabad,Pakistan,MFG,34.3390007019043,73.50859832763672
Mianwali Air Base,Mianwali,Pakistan,MWD,32.5630989074707,71.5707015991211
Moenjodaro Airport,Moenjodaro,Pakistan,MJD,27.3351993560791,68.14309692382812
Multan International Airport,Multan,Pakistan,MUX,30.20319938659668,71.41909790039062
Shaheed Benazirabad Airport,Nawabshah,Pakistan,WNS,26.2194,68.390099
Panjgur Airport,Panjgur,Pakistan,PJG,26.954500198364254,64.13249969482422
Pasni Airport,Pasni,Pakistan,PSI,25.29050064086914,63.34510040283203
Peshawar International Airport,Peshawar,Pakistan,PEW,33.993900299072266,71.51460266113281
Quetta International Airport,Quetta,Pakistan,UET,30.251399993896484,66.93779754638672
Shaikh Zaid Airport,Rahim Yar Khan,Pakistan,RYK,28.383899688720703,70.27960205078125
Rawalakot Airport,Rawala Kot,Pakistan,RAZ,33.849700927734375,73.79810333251953
Sukkur Airport,Sukkur,Pakistan,SKZ,27.722000122070312,68.79170227050781
Saidu Sharif Airport,Saidu Sharif,Pakistan,SDT,34.8135986328125,72.35279846191406
Sui Airport,Sui,Pakistan,SUL,28.645099639892575,69.1769027709961
Talhar Airport,Talhar,Pakistan,BDN,24.84149932861328,68.8384017944336
Wana Airport,Wana,Pakistan,WAF,32.3046989440918,69.57039642333984
Zhob Airport,Zhob,Pakistan,PZH,31.358400344848636,69.4636001586914
Basrah International Airport,Basrah,Iraq,BSR,30.54910087585449,47.66210174560547
Aleppo International Airport,Aleppo,Syria,ALP,36.18069839477539,37.22439956665039
Damascus International Airport,Damascus,Syria,DAM,33.4114990234375,36.51559829711914
Deir ez-Zor Air Base,Deire Zor,Syria,DEZ,35.2854,40.175999
Bassel Al-Assad International Airport,Latakia,Syria,LTK,35.401100158691406,35.948699951171875
Palmyra Airport,Palmyra,Syria,PMS,34.5574,38.316898
Doha International Airport,Doha,Qatar,DIA,25.261101,51.565102
Canton Island Airport,Canton Island,Kiribati,CIS,-2.7681200504300003,-171.710006714
Rota International Airport,Rota,Northern Mariana Islands,ROP,14.17430019378662,145.2429962158203
Saipan International Airport,Saipan,Northern Mariana Islands,SPN,15.119,145.729004
Andersen Air Force Base,Andersen,Guam,UAM,13.584,144.929998
Antonio B. Won Pat International Airport,Agana,Guam,GUM,13.4834003448,144.796005249
Tinian International Airport,West Tinian,Northern Mariana Islands,TIQ,14.999199867248535,145.61900329589844
Marshall Islands International Airport,Majuro,Marshall Islands,MAJ,7.064760208129883,171.27200317382812
Bucholz Army Air Field,Kwajalein,Marshall Islands,KWA,8.720120429992676,167.73199462890625
Cassidy International Airport,Kiritimati,Kiribati,CXI,1.9861600399017332,-157.35000610351562
Henderson Field,Midway,Midway Islands,MDY,28.20170021057129,-177.38099670410156
Chuuk International Airport,Chuuk,Micronesia,TKK,7.461870193481445,151.84300231933594
Pohnpei International Airport,Pohnpei,Micronesia,PNI,6.985099792480469,158.20899963378906
Babelthuap Airport,Babelthuap,Palau,ROR,7.36731,134.544236
Kosrae International Airport,Kosrae,Micronesia,KSA,5.35698,162.957993
Yap International Airport,Yap,Micronesia,YAP,9.49891,138.082993
Kinmen Airport,Kinmen,Taiwan,KNH,24.4279,118.359001
Taitung Airport,Fengnin,Taiwan,TTT,22.7549991607666,121.10199737548828
Lyudao Airport,Green Island,Taiwan,GNI,22.673900604248047,121.46600341796876
Kaohsiung International Airport,Kaohsiung,Taiwan,KHH,22.57710075378418,120.3499984741211
Chiayi Airport,Chiayi,Taiwan,CYI,23.46179962158203,120.39299774169922
Lanyu Airport,Lanyu,Taiwan,KYD,22.027000427246094,121.53500366210938
Taichung Ching Chuang Kang Airport,Taichung,Taiwan,RMQ,24.26469993591309,120.62100219726562
Tainan Airport,Tainan,Taiwan,TNN,22.95039939880371,120.20600128173828
Hsinchu Air Base,Hsinchu,Taiwan,HSZ,24.8180007935,120.939002991
Makung Airport,Makung,Taiwan,MZG,23.568700790405277,119.62799835205078
Pingtung North Airport,Pingtung,Taiwan,PIF,22.700199127197266,120.48200225830078
Taipei Songshan Airport,Taipei,Taiwan,TSA,25.06940078735352,121.552001953125
Taiwan Taoyuan International Airport,Taipei,Taiwan,TPE,25.0777,121.233002
Wang-an Airport,Wang An,Taiwan,WOT,23.367372512817383,119.50277709960938
Hualien Airport,Hualien,Taiwan,HUN,24.023099899291992,121.61799621582033
Narita International Airport,Tokyo,Japan,NRT,35.7647018433,140.386001587
Matsumoto Airport,Matsumoto,Japan,MMJ,36.16680145263672,137.92300415039062
Hyakuri Airport,Ibaraki,Japan,IBR,36.181098938,140.414993286
Minami Torishima Airport,Minami Tori Shima,Japan,MUS,24.2896995544,153.979003906
Iwo Jima Airport,Iwojima,Japan,IWO,24.78400039672852,141.322998046875
Nanki Shirahama Airport,Nanki-shirahama,Japan,SHM,33.6622009277,135.363998413
Tokachi-Obihiro Airport,Obihiro,Japan,OBO,42.7332992554,143.216995239
New Chitose Airport,Sapporo,Japan,CTS,42.77519989013672,141.69200134277344
Hakodate Airport,Hakodate,Japan,HKD,41.7700004578,140.822006226
Memanbetsu Airport,Memanbetsu,Japan,MMB,43.8805999756,144.164001465
Nakashibetsu Airport,Nakashibetsu,Japan,SHB,43.5774993896,144.960006714
Wakkanai Airport,Wakkanai,Japan,WKJ,45.4042015076,141.800994873
Iki Airport,Iki,Japan,IKI,33.7490005493,129.785003662
Yamaguchi Ube Airport,Yamaguchi,Japan,UBJ,33.930000305200004,131.279006958
Tsushima Airport,Tsushima,Japan,TSJ,34.2849006653,129.330993652
Monbetsu Airport,Monbetsu,Japan,MBE,44.3039016724,143.404006958
Asahikawa Airport,Asahikawa,Japan,AKJ,43.67079925537109,142.44700622558594
Okushiri Airport,Okushiri,Japan,OIR,42.0717010498,139.432998657
Rishiri Airport,Rishiri Island,Japan,RIS,45.2420005798,141.186004639
Yakushima Airport,Yakushima,Japan,KUM,30.3855991364,130.658996582
Fukue Airport,Fukue,Japan,FUJ,32.66630172729492,128.83299255371094
Fukuoka Airport,Fukuoka,Japan,FUK,33.585899353027344,130.4510040283203
New Tanegashima Airport,Tanegashima,Japan,TNE,30.6051006317,130.990997314
Kagoshima Airport,Kagoshima,Japan,KOJ,31.80340003967285,130.718994140625
Miyazaki Airport,Miyazaki,Japan,KMI,31.877199173,131.449005127
Oita Airport,Oita,Japan,OIT,33.479400634799994,131.736999512
Kitakyūshū Airport,Kitakyushu,Japan,KKJ,33.8459014893,131.035003662
Kumamoto Airport,Kumamoto,Japan,KMJ,32.83729934692383,130.85499572753906
Nagasaki Airport,Nagasaki,Japan,NGS,32.916900634799994,129.914001465
Amami Airport,Amami,Japan,ASJ,28.430599212646484,129.71299743652344
Okierabu Airport,Okierabu,Japan,OKE,27.4255008698,128.701004028
Tokunoshima Airport,Tokunoshima,Japan,TKN,27.83639907836914,128.88099670410156
Fukui Airport,Fukui,Japan,FKJ,36.1427993774,136.223999023
Gifu Airport,Gifu,Japan,QGU,35.394100189208984,136.8699951171875
Komatsu Airport,Kanazawa,Japan,KMQ,36.39459991455078,136.40699768066406
Oki Airport,Oki Island,Japan,OKI,36.18109893798828,133.3249969482422
Toyama Airport,Toyama,Japan,TOY,36.64830017089844,137.18800354003906
Hiroshima Airport,Hiroshima,Japan,HIJ,34.4361000061,132.919006348
Okayama Airport,Okayama,Japan,OKJ,34.7569007874,133.854995728
Izumo Airport,Izumo,Japan,IZO,35.4136009216,132.88999939
Miho Yonago Airport,Miho,Japan,YGJ,35.4921989440918,133.23599243164062
Kōchi Ryōma Airport,Kochi,Japan,KCZ,33.546101,133.669006
Matsuyama Airport,Matsuyama,Japan,MYJ,33.82720184326172,132.6999969482422
Osaka International Airport,Osaka,Japan,ITM,34.785499572753906,135.43800354003906
Tottori Airport,Tottori,Japan,TTJ,35.5301017761,134.167007446
Tokushima Airport/JMSDF Air Base,Tokushima,Japan,TKS,34.132801,134.606995
Takamatsu Airport,Takamatsu,Japan,TAK,34.2141990662,134.01600647
Aomori Airport,Aomori,Japan,AOJ,40.73469924926758,140.6909942626953
Yamagata Airport,Yamagata,Japan,GAJ,38.4118995667,140.371002197
Sado Airport,Sado,Japan,SDS,38.0601997375,138.414001465
Hachinohe Airport,Hachinoe,Japan,HHE,40.556400299072266,141.46600341796875
Hanamaki Airport,Hanamaki,Japan,HNA,39.4286003112793,141.13499450683594
Akita Airport,Akita,Japan,AXT,39.6156005859375,140.218994140625
Misawa Air Base,Misawa,Japan,MSJ,40.7032012939,141.367996216
Sendai Airport,Sendai,Japan,SDJ,38.1397018433,140.917007446
Atsugi Naval Air Facility,Atsugi,Japan,NJA,35.4546012878418,139.4499969482422
Hachijojima Airport,Hachijojima,Japan,HAC,33.1150016785,139.785995483
Oshima Airport,Oshima,Japan,OIM,34.7820014954,139.36000061
Tokyo Haneda International Airport,Tokyo,Japan,HND,35.552299,139.779999
Yokota Air Base,Yokota,Japan,OKO,35.74850082397461,139.34800720214844
Gwangju Airport,Kwangju,South Korea,KWJ,35.123173,126.805444
Jeon Ju Airport (G-703),Jhunju,South Korea,CHN,35.87808,127.119112
Yeosu Airport,Yeosu,South Korea,RSU,34.84230041503906,127.61699676513672
Gangneung Airport (K-18),Kangnung,South Korea,KAG,37.753601,128.943915
Jeju International Airport,Cheju,South Korea,CJU,33.51129913330078,126.49299621582033
Jinhae Airbase/Airport (G-813/K-10),Chinhae,South Korea,CHF,35.140248,128.696229
Gimhae International Airport,Busan,South Korea,PUS,35.1795005798,128.93800354
Ulsan Airport,Ulsan,South Korea,USN,35.59349823,129.352005005
Seoul Air Base (K-16),Seoul East,South Korea,SSN,37.444744,127.112718
Osan Air Base,Osan,South Korea,OSN,37.090599,127.029999
Gimpo International Airport,Seoul,South Korea,GMP,37.5583,126.791
Suwon Airport,Suwon,South Korea,SWU,37.23939895629883,127.00700378417967
Pohang Airport (G-815/K-3),Pohang,South Korea,KPO,35.987955,129.420383
Daegu Airport,Taegu,South Korea,TAE,35.896872,128.65531
Yecheon Airbase,Yechon,South Korea,YEC,36.630373,128.34971
Naha Airport,Okinawa,Japan,OKA,26.1958007812,127.646003723
Kadena Air Base,Kadena,Japan,DNA,26.3556,127.767998
New Ishigaki Airport,Ishigaki,Japan,ISG,24.396389,124.245
Kumejima Airport,Kumejima,Japan,UEO,26.363500595092773,126.71399688720705
Minami-Daito Airport,Minami Daito,Japan,MMD,25.8465003967,131.263000488
Miyako Airport,Miyako,Japan,MMY,24.7828006744,125.294998169
Kitadaito Airport,Kitadaito,Japan,KTD,25.9447002411,131.32699585
Shimojishima Airport,Shimojishima,Japan,SHI,24.8267002106,125.144996643
Tarama Airport,Tarama,Japan,TRA,24.6539001465,124.675003052
Yoron Airport,Yoron,Japan,RNJ,27.0440006256,128.401992798
Yonaguni Airport,Yonaguni Jima,Japan,OGN,24.46689987182617,122.97799682617188
Ninoy Aquino International Airport,Manila,Philippines,MNL,14.5086,121.019997
Awang Airport,Cotabato,Philippines,CBO,7.165239810943604,124.20999908447266
Pagadian Airport,Pagadian,Philippines,PAG,7.83073144787,123.461179733
General Santos International Airport,Romblon,Philippines,GES,6.05800008774,125.096000671
Zamboanga International Airport,Zamboanga,Philippines,ZAM,6.922420024871826,122.05999755859376
Loakan Airport,Baguio,Philippines,BAG,16.375099182128906,120.62000274658205
Daet Airport,Daet,Philippines,DTE,14.129199981689451,122.9800033569336
San Jose Airport,San Jose,Philippines,SJI,12.361499786399998,121.04699707
Mamburao Airport,Mamburao,Philippines,MBO,13.208100318908691,120.6050033569336
Dr.Juan C. Angara Airport,Baler,Philippines,BQA,15.729309,121.500034
Daniel Z. Romualdez Airport,Tacloban,Philippines,TAC,11.228035,125.027761
Bacolod-Silay Airport,Bacolod,Philippines,BCD,10.7764,123.014999
Sibulan Airport,Dumaguete,Philippines,DGT,9.3337097168,123.300003052
Godofredo P. Ramos Airport,Caticlan,Philippines,MPH,11.9245,121.954002
Iloilo International Airport,Iloilo,Philippines,ILO,10.833017,122.493358
Kalibo International Airport,Kalibo,Philippines,KLO,11.679400444,122.375999451
Puerto Princesa Airport,Puerto Princesa,Philippines,PPS,9.742119789123535,118.75900268554688
Evelio Javier Airport,San Jose,Philippines,EUQ,10.765999794,121.932998657
Comodoro Pierrestegui Airport,Concordia,Argentina,COC,-31.2969,-57.9966
Gualeguaychu Airport,Gualeguaychu,Argentina,GHU,-33.0103,-58.6131
Junin Airport,Junin,Argentina,JNI,-34.5459,-60.9306
General Urquiza Airport,Parana,Argentina,PRA,-31.7948,-60.4804
Islas Malvinas Airport,Rosario,Argentina,ROS,-32.9036,-60.785
Sauce Viejo Airport,Santa Fe,Argentina,SFN,-31.7117,-60.8117
Jorge Newbery Airpark,Buenos Aires,Argentina,AEP,-34.5592,-58.4156
Ingeniero Ambrosio Taravella Airport,Cordoba,Argentina,COR,-31.323601,-64.208
San Fernando Airport,San Fernando,Argentina,FDO,-34.4532,-58.5896
La Plata Airport,La Plata,Argentina,LPG,-34.9722,-57.8947
El Palomar Airport,El Palomar,Argentina,EPA,-34.6099,-58.6126
Chos Malal Airport,Chosmadal,Argentina,HOS,-37.4446983337,-70.2225036621
Dr. Arturo H. Illia Airport,Fuerte Gral Roca,Argentina,GNR,-39.0007019043,-67.6204986572
El Plumerillo Airport,Mendoza,Argentina,MDZ,-32.8316993713,-68.7929000854
Comodoro D.R. Salomón Airport,Malargue,Argentina,LGS,-35.493598938,-69.5743026733
Suboficial Ay Santiago Germano Airport,San Rafael,Argentina,AFA,-34.588299,-68.4039
Catamarca Airport,Catamarca,Argentina,CTC,-28.5956001282,-65.751701355
Vicecomodoro Angel D. La Paz Aragonés Airport,Santiago Del Estero,Argentina,SDE,-27.7655563354,-64.3099975586
Capitan V A Almonacid Airport,La Rioja,Argentina,IRJ,-29.3815994263,-66.7957992554
Teniente Benjamin Matienzo Airport,Tucuman,Argentina,TUC,-26.8409,-65.104897
Domingo Faustino Sarmiento Airport,San Juan,Argentina,UAQ,-31.571501,-68.418198
Area De Material Airport,Rio Cuarto,Argentina,RCU,-33.0850982666,-64.2612991333
Villa Dolores Airport,Villa Dolores,Argentina,VDR,-31.9451999664,-65.1463012695
Villa Reynolds Airport,Villa Reynolds,Argentina,VME,-33.7299003601,-65.3873977661
Brigadier Mayor D Cesar Raul Ojeda Airport,San Luis,Argentina,LUQ,-33.2732009888,-66.3563995361
Corrientes Airport,Corrientes,Argentina,CNQ,-27.4455,-58.7619
Resistencia International Airport,Resistencia,Argentina,RES,-27.45,-59.0561
Formosa Airport,Formosa,Argentina,FMA,-26.2127,-58.2281
Cataratas Del Iguazú International Airport,Iguazu Falls,Argentina,IGR,-25.737301,-54.4734
Paso De Los Libres Airport,Paso De Los Libres,Argentina,AOL,-29.6894,-57.1521
Monte Caseros Airport,Monte Caseros,Argentina,MCS,-30.2719,-57.6402
Libertador Gral D Jose De San Martin Airport,Posadas,Argentina,PSS,-27.3858,-55.9707
Termal Airport,Presidencia R.s.pena,Argentina,PRQ,-26.753611,-60.492222
Martin Miguel De Guemes International Airport,Salta,Argentina,SLA,-24.8560009003,-65.4861984253
Gobernador Horacio Guzman International Airport,Jujuy,Argentina,JUJ,-24.392799,-65.097801
Orán Airport,Oran,Argentina,ORA,-23.1527996063,-64.3292007446
El Dorado Airport,El Dorado,Argentina,ELO,-26.3974990845,-54.5746994019
Goya Airport,Goya,Argentina,OYA,-29.1058,-59.2189
Reconquista Airport,Reconquista,Argentina,RCQ,-29.2103,-59.68
Curuzu Cuatia Airport,Curuzu Cuatia,Argentina,UZU,-29.7706,-57.9789
El Bolson Airport,El Bolson,Argentina,EHL,-41.9431991577,-71.5323028564
General E. Mosconi Airport,Comodoro Rivadavia,Argentina,CRD,-45.7853,-67.4655
Brigadier Antonio Parodi Airport,Esquel,Argentina,EQS,-42.908000946,-71.139503479
Almirante Marco Andres Zar Airport,Trelew,Argentina,REL,-43.2105,-65.2703
Gobernador Castello Airport,Viedma,Argentina,VDM,-40.8692,-63.0004
El Tehuelche Airport,Puerto Madryn,Argentina,PMY,-42.7592,-65.1027
Puerto Deseado Airport,Puerto Deseado,Argentina,PUD,-47.7353,-65.9041
Hermes Quijada International Airport,Rio Grande,Argentina,RGA,-53.7777,-67.7494
Piloto Civil N. Fernández Airport,Rio Gallegos,Argentina,RGL,-51.6089,-69.3126
Malvinas Argentinas Airport,Ushuaia,Argentina,USH,-54.8433,-68.2958
Capitan D Daniel Vazquez Airport,San Julian,Argentina,ULA,-49.3068,-67.8026
Perito Moreno Airport,Perito Moreno,Argentina,PMQ,-46.537899,-70.978699
Santa Cruz Airport,Santa Cruz,Argentina,RZA,-50.0165,-68.5792
Comandante Espora Airport,Bahia Blanca,Argentina,BHI,-38.725,-62.1693
Brigadier D.H.E. Ruiz Airport,Colonel Suarez,Argentina,CSZ,-37.446098,-61.889301
Olavarria Airport,Olavarria,Argentina,OVR,-36.8899993896,-60.2165985107
General Pico Airport,General Pico,Argentina,GPO,-35.6962013245,-63.7583007812
Tres Arroyos Airport,Tres Arroyos,Argentina,OYO,-38.3869,-60.3297
Ástor Piazzola International Airport,Mar Del Plata,Argentina,MDQ,-37.9342,-57.5733
Presidente Peron Airport,Neuquen,Argentina,NQN,-38.949001,-68.155701
Comodoro Pedro Zanni Airport,Pehuajo,Argentina,PEH,-35.8446,-61.8576
Santa Rosa Airport,Santa Rosa,Argentina,RSA,-36.588299,-64.275703
San Carlos De Bariloche Airport,San Carlos De Bariloche,Argentina,BRC,-41.151199,-71.157501
Héroes De Malvinas Airport,Tandil,Argentina,TDL,-37.2374000549,-59.2279014587
Villa Gesell Airport,Villa Gesell,Argentina,VLG,-37.2354,-57.0292
Cutral-Co Airport,Cutralco,Argentina,CUT,-38.9397010803,-69.2646026611
Aviador C. Campos Airport,San Martin Des Andes,Argentina,CPC,-40.075401,-71.137299
Conceição do Araguaia Airport,Conceicao Do Araguaia,Brazil,CDJ,-8.348349571228027,-49.30149841308594
Araraquara Airport,Araracuara,Brazil,AQA,-21.8120002747,-48.1329994202
Santa Maria Airport,Aracaju,Brazil,AJU,-10.984000206,-37.0703010559
Piloto Osvaldo Marques Dias Airport,Alta Floresta,Brazil,AFL,-9.8663892746,-56.1049995422
Araçatuba Airport,Aracatuba,Brazil,ARU,-21.1413002014,-50.4247016907
Val de Cans/Júlio Cezar Ribeiro International Airport,Belem,Brazil,BEL,-1.3792500495900002,-48.4762992859
Comandante Gustavo Kraemer Airport,Bage,Brazil,BGX,-31.39049911499,-54.112201690674
Pampulha - Carlos Drummond de Andrade Airport,Belo Horizonte,Brazil,PLU,-19.85120010375977,-43.95059967041016
Bacacheri Airport,Curitiba,Brazil,BFH,-25.4050998688,-49.23199844359999
Presidente Juscelino Kubistschek International Airport,Brasilia,Brazil,BSB,-15.86916732788086,-47.92083358764648
Bauru Airport,Bauru,Brazil,BAU,-22.3449993134,-49.0537986755
Atlas Brasil Cantanhede Airport,Boa Vista,Brazil,BVB,2.84138894081,-60.6922225952
Barra do Garças Airport,Barra Do Garcas,Brazil,BPG,-15.8613004684,-52.3889007568
Cascavel Airport,Cascavel,Brazil,CAC,-25.0002994537,-53.5008010864
Tancredo Neves International Airport,Belo Horizonte,Brazil,CNF,-19.62444305419922,-43.97194290161133
Campo Grande Airport,Campo Grande,Brazil,CGR,-20.4687004089,-54.6725006104
Serafin Enoss Bertaso Airport,Chapeco,Brazil,XAP,-27.134199142456,-52.656600952148
Brig. Lysias Augusto Rodrigues Airport,Carolina,Brazil,CLN,-7.32043981552124,-47.45869827270508
Diomício Freitas Airport,Criciuma,Brazil,CCM,-28.7244434357,-49.4213905334
Bartolomeu Lisandro Airport,Campos,Brazil,CAW,-21.698299408,-41.301700592
Corumbá International Airport,Corumba,Brazil,CMG,-19.0119438171,-57.6713905334
Afonso Pena Airport,Curitiba,Brazil,CWB,-25.5284996033,-49.1758003235
Caravelas Airport,Caravelas,Brazil,CRQ,-17.652299880981,-39.253101348877
Hugo Cantergiani Regional Airport,Caxias Do Sul,Brazil,CXJ,-29.1970996857,-51.1875
Marechal Rondon Airport,Cuiaba,Brazil,CGB,-15.6528997421,-56.1166992188
Cruzeiro do Sul Airport,Cruzeiro do Sul,Brazil,CZS,-7.59990978241,-72.7695007324
Presidente Prudente Airport,President Prudente,Brazil,PPB,-22.1751003265,-51.4245986938
Eduardo Gomes International Airport,Manaus,Brazil,MAO,-3.038609981536865,-60.04970169067383
Jacareacanga Airport,Jacare-acanga,Brazil,JCR,-6.233160018920898,-57.77690124511719
Cataratas International Airport,Foz Do Iguacu,Brazil,IGU,-25.60027885437012,-54.48500061035156
Hercílio Luz International Airport,Florianopolis,Brazil,FLN,-27.670278549194336,-48.5525016784668
Fernando de Noronha Airport,Fernando Do Noronha,Brazil,FEN,-3.85493,-32.423302
Pinto Martins International Airport,Fortaleza,Brazil,FOR,-3.776279926300049,-38.53260040283203
Rio Galeão – Tom Jobim International Airport,Rio De Janeiro,Brazil,GIG,-22.8099994659,-43.2505569458
Guajará-Mirim Airport,Guajara-mirim,Brazil,GJM,-10.786399841308594,-65.28479766845703
Santa Genoveva Airport,Goiania,Brazil,GYN,-16.631999969482422,-49.220699310302734
Guarulhos - Governador André Franco Montoro International Airport,Sao Paulo,Brazil,GRU,-23.435556411743164,-46.47305679321289
Guaratinguetá Airport,Guaratingueta,Brazil,GUJ,-22.79159927368164,-45.20479965209961
Altamira Airport,Altamira,Brazil,ATM,-3.2539100646973,-52.254001617432
Itacoatiara Airport,Itaituba,Brazil,ITA,-3.127259969711304,-58.481201171875
Itaituba Airport,Itaituba,Brazil,ITB,-4.2423400878906,-56.000701904297
Bahia - Jorge Amado Airport,Ilheus,Brazil,IOS,-14.815999984741,-39.033199310303
Usiminas Airport,Ipatinga,Brazil,IPN,-19.470699310303,-42.487598419189
Francisco Vilela do Amaral Airport,Itumbiara,Brazil,ITR,-18.4447002411,-49.2134017944
Prefeito Renato Moreira Airport,Imperatriz,Brazil,IMP,-5.53129,-47.459999
Francisco de Assis Airport,Juiz De Fora,Brazil,JDF,-21.79150009155273,-43.38679885864258
Presidente Castro Pinto International Airport,Joao Pessoa,Brazil,JPA,-7.145833015440001,-34.9486122131
Lauro Carneiro de Loyola Airport,Joinville,Brazil,JOI,-26.22450065612793,-48.797401428222656
Presidente João Suassuna Airport,Campina Grande,Brazil,CPV,-7.26992,-35.8964
Viracopos International Airport,Campinas,Brazil,VCP,-23.0074005127,-47.1344985962
Lages Airport,Lajes,Brazil,LAJ,-27.7821006775,-50.28150177
Lins Airport,Lins,Brazil,LIP,-21.663999557495,-49.730499267578
Governador José Richa Airport,Londrina,Brazil,LDB,-23.3335990906,-51.1301002502
Bom Jesus da Lapa Airport,Bom Jesus Da Lapa,Brazil,LAZ,-13.2621002197,-43.4081001282
João Correa da Rocha Airport,Maraba,Brazil,MAB,-5.36858987808,-49.1380004883
Monte Dourado Airport,Almeirim,Brazil,MEU,-0.889839,-52.6022
Regional de Maringá - Sílvio Nane Junior Airport,Maringa,Brazil,MGF,-23.4794445038,-52.01222229
Mário Ribeiro Airport,Montes Claros,Brazil,MOC,-16.706899642899998,-43.818901062
Ponta Pelada Airport,Manaus,Brazil,PLL,-3.1460399627685547,-59.98630142211914
Zumbi dos Palmares Airport,Maceio,Brazil,MCZ,-9.510809898376465,-35.79169845581055
Alberto Alcolumbre Airport,Macapa,Brazil,MCP,0.0506640002131,-51.0722007751
Dix-Sept Rosado Airport,Mocord,Brazil,MVF,-5.2019200325,-37.3642997742
Manicoré Airport,Manicore,Brazil,MNX,-5.8113799095154,-61.278301239014
Ministro Victor Konder International Airport,Navegantes,Brazil,NVT,-26.879999,-48.651402
Santo Ângelo Airport,Santo Angelo,Brazil,GEL,-28.2817,-54.169102
Governador Aluízio Alves International Airport,Natal,Brazil,NAT,-5.768056,-35.376111
Oiapoque Airport,Oioiapoque,Brazil,OYK,3.85548996925354,-51.79690170288086
Salgado Filho Airport,Porto Alegre,Brazil,POA,-29.994400024414062,-51.1713981628418
Prefeito Doutor João Silva Filho Airport,Parnaiba,Brazil,PHB,-2.89374995232,-41.73199844359999
Poços de Caldas - Embaixador Walther Moreira Salles Airport,Pocos De Caldas,Brazil,POO,-21.843000411987,-46.567901611328
Lauro Kurtz Airport,Passo Fundo,Brazil,PFB,-28.243999,-52.326599
João Simões Lopes Neto International Airport,Pelotas,Brazil,PET,-31.718399,-52.327702
Senador Nilo Coelho Airport,Petrolina,Brazil,PNZ,-9.362409591674805,-40.56909942626953
Porto Nacional Airport,Porto Nacional,Brazil,PNB,-10.719400405883787,-48.39970016479492
Ponta Porã Airport,Ponta Pora,Brazil,PMG,-22.54960060119629,-55.702598571777344
Governador Jorge Teixeira de Oliveira Airport,Porto Velho,Brazil,PVH,-8.70928955078125,-63.90230178833008
Plácido de Castro Airport,Rio Branco,Brazil,RBR,-9.868888854980469,-67.89805603027344
Guararapes - Gilberto Freyre International Airport,Recife,Brazil,REC,-8.126489639282227,-34.92359924316406
Santos Dumont Airport,Rio De Janeiro,Brazil,SDU,-22.9104995728,-43.1631011963
Leite Lopes Airport,Ribeirao Preto,Brazil,RAO,-21.136388778686523,-47.776668548583984
Santa Cruz Air Force Base,Rio De Janeiro,Brazil,SNZ,-22.9324,-43.719101
Professor Urbano Ernesto Stumpf Airport,Sao Jose Dos Campos,Brazil,SJK,-23.22920036315918,-45.86149978637695
Marechal Cunha Machado International Airport,Sao Luis,Brazil,SLZ,-2.585360050201416,-44.23410034179688
Congonhas Airport,Sao Paulo,Brazil,CGH,-23.626110076904297,-46.65638732910156
Prof. Eribelto Manoel Reino State Airport,Sao Jose Do Rio Preto,Brazil,SJP,-20.8166007996,-49.40650177
Base Aérea de Santos Airport,Santos,Brazil,SSZ,-23.928056716918945,-46.29972076416016
Deputado Luiz Eduardo Magalhães International Airport,Salvador,Brazil,SSA,-12.9086112976,-38.3224983215
Trombetas Airport,Oriximina,Brazil,TMT,-1.489599943161,-56.396800994873
Senador Petrônio Portela Airport,Teresina,Brazil,THE,-5.0599398613,-42.8235015869
Tefé Airport,Tefe,Brazil,TFF,-3.38294005394,-64.7240982056
Tarauacá Airport,Tarauaca,Brazil,TRQ,-8.1552600860596,-70.783302307129
Telêmaco Borba Airport,Telemaco Borba,Brazil,TEC,-24.317800521850582,-50.6515998840332
Tabatinga Airport,Tabatinga,Brazil,TBT,-4.2556700706482,-69.93579864502
Tucuruí Airport,Tucurui,Brazil,TUR,-3.7860100269318,-49.72029876709
São Gabriel da Cachoeira Airport,Sao Gabriel,Brazil,SJL,-0.14835,-66.9855
Paulo Afonso Airport,Paulo Alfonso,Brazil,PAV,-9.4008798599243,-38.250598907471
Rubem Berta Airport,Uruguaiana,Brazil,URG,-29.7821998596,-57.0382003784
Ten. Cel. Aviador César Bombonato Airport,Uberlandia,Brazil,UDI,-18.883612,-48.225277
Mário de Almeida Franco Airport,Uberaba,Brazil,UBA,-19.764722824097,-47.966110229492
Major Brigadeiro Trompowsky Airport,Varginha,Brazil,VAG,-21.5900993347,-45.4733009338
Brigadeiro Camarão Airport,Vilhena,Brazil,BVH,-12.694399833679,-60.098300933838
Eurico de Aguiar Salles Airport,Vitoria,Brazil,VIX,-20.258057,-40.286388
Campo Fontenelle Airport,Piracununga,Brazil,QPS,-21.984600067138672,-47.33480072021485
Chacalluta Airport,Arica,Chile,ARI,-18.348499,-70.338699
Balmaceda Airport,Balmaceda,Chile,BBA,-45.91609954833984,-71.68949890136719
Chile Chico Airport,Chile Chico,Chile,CCH,-46.58330154418945,-71.6874008178711
El Loa Airport,Calama,Chile,CJC,-22.498199462890625,-68.90360260009766
Gral. Bernardo O´Higgins Airport,Chillan,Chile,YAI,-36.58250045776367,-72.03140258789062
Pdte. Carlos Ibañez del Campo Airport,Punta Arenas,Chile,PUQ,-53.002602,-70.854599
Teniente Vidal Airport,Coyhaique,Chile,GXQ,-45.594200134277344,-72.1061019897461
Diego Aracena Airport,Iquique,Chile,IQQ,-20.535200119018555,-70.1812973022461
Comodoro Arturo Merino Benítez International Airport,Santiago,Chile,SCL,-33.393001556396484,-70.78579711914062
Andrés Sabella Gálvez International Airport,Antofagasta,Chile,ANF,-23.444501,-70.445099
Capitan Fuentes Martinez Airport Airport,Porvenir,Chile,WPR,-53.253700256347656,-70.31919860839844
Futaleufú Airport,Futaleufu,Chile,FFU,-43.18920135498047,-71.8510971069336
María Dolores Airport,Los Angeles,Chile,LSQ,-37.40169906616211,-72.42539978027344
Guardiamarina Zañartu Airport,Puerto Williams,Chile,WPU,-54.93109893798828,-67.62629699707031
Carriel Sur Airport,Concepcion,Chile,CCP,-36.772701,-73.063103
Mataveri Airport,Easter Island,Chile,IPC,-27.1648006439,-109.42199707
Cañal Bajo Carlos - Hott Siebert Airport,Osorno,Chile,ZOS,-40.61119842529297,-73.06099700927734
Vallenar Airport,Vallenar,Chile,VLR,-28.596399307250977,-70.75599670410156
De La Independencia Airport,Rancagua,Chile,QRC,-34.17369842529297,-70.77570343017578
Teniente Rodolfo Marsh Martin Base,Isla Rey Jorge,Antarctica,TNM,-62.1907997131,-58.9866981506
La Florida Airport,La Serena,Chile,LSC,-29.916201,-71.199501
Maquehue Airport,Temuco,Chile,PZS,-38.766799926758,-72.637100219727
El Tepual Airport,Puerto Montt,Chile,PMC,-41.43889999389648,-73.09400177001953
Chaitén Airport,Chaiten,Chile,WCH,-42.93280029296875,-72.6990966796875
Pichoy Airport,Valdivia,Chile,ZAL,-39.6500015259,-73.0860977173
Chachoán Airport,Ambato,Ecuador,ATF,-1.2120699882507324,-78.57460021972656
Francisco De Orellana Airport,Coca,Ecuador,OCC,-0.4628860056400299,-76.98680114746094
Mariscal Lamar Airport,Cuenca,Ecuador,CUE,-2.88947,-78.984398
Seymour Airport,Galapagos,Ecuador,GPS,-0.4537580013275146,-90.26589965820312
José Joaquín de Olmedo International Airport,Guayaquil,Ecuador,GYE,-2.15741991997,-79.88359832760001
Cotopaxi International Airport,Latacunga,Ecuador,LTX,-0.906833,-78.615799
Jose Maria Velasco Ibarra Airport,Macara,Ecuador,MRR,-4.37823009491,-79.94100189210002
Coronel E Carvajal Airport,Macas,Ecuador,XMS,-2.299170017242432,-78.12079620361328
General Manuel Serrano Airport,Machala,Ecuador,MCH,-3.2689,-79.961601
Eloy Alfaro International Airport,Manta,Ecuador,MEC,-0.9460780024528505,-80.67880249023438
Reales Tamarindos Airport,Portoviejo,Ecuador,PVO,-1.0416500568389893,-80.47219848632812
Mariscal Sucre International Airport,Quito,Ecuador,UIO,-0.129166666667,-78.3575
Santa Rosa International Airport,Santa Rosa,Ecuador,ETR,-3.441986,-79.996957
General Ulpiano Paez Airport,Salinas,Ecuador,SNC,-2.20499,-80.988899
Tarapoa Airport,Tarapoa,Ecuador,TPC,-0.1229560002684593,-76.33779907226562
Teniente Coronel Luis a Mantilla Airport,Tulcan,Ecuador,TUA,0.8095059990882874,-77.70809936523438
Silvio Pettirossi International Airport,Asuncion,Paraguay,ASU,-25.239999771118164,-57.52000045776367
Juan De Ayolas Airport,Ayolas,Paraguay,AYO,-27.370554,-56.854064
Teniente Col Carmelo Peralta Airport,Conception,Paraguay,CIO,-23.442363,-57.427253
Dr. Luis Maria Argaña International Airport,Mariscal Estigarribia,Paraguay,ESG,-22.049999237060547,-60.619998931884766
Carlos Miguel Gimenez Airport,Pilar,Paraguay,PIL,-26.881224,-58.318026
El Eden Airport,Armenia,Colombia,AXM,4.45278,-75.7664
Tres De Mayo Airport,Puerto Asis,Colombia,PUU,0.505228,-76.5008
Las Flores Airport,El Banco,Colombia,ELB,9.04554,-73.9749
Palonegro Airport,Bucaramanga,Colombia,BGA,7.1265,-73.1848
El Dorado International Airport,Bogota,Colombia,BOG,4.70159,-74.1469
Ernesto Cortissoz International Airport,Barranquilla,Colombia,BAQ,10.8896,-74.7808
José Celestino Mutis Airport,Bahia Solano,Colombia,BSC,6.20292,-77.3947
Gerardo Tobar López Airport,Buenaventura,Colombia,BUN,3.81963,-76.9898
Camilo Daza International Airport,Cucuta,Colombia,CUC,7.92757,-72.5115
Rafael Nuñez International Airport,Cartagena,Colombia,CTG,10.4424,-75.513
Alfonso Bonilla Aragon International Airport,Cali,Colombia,CLO,3.54322,-76.3816
La Florida Airport,Tumaco,Colombia,TCO,1.81442,-78.7492
Las Brujas Airport,Corozal,Colombia,CZU,9.33274,-75.2856
Yariguíes Airport,Barrancabermeja,Colombia,EJA,7.02433,-73.8068
Gustavo Artunduaga Paredes Airport,Florencia,Colombia,FLA,1.58919,-75.5644
Santiago Vila Airport,Girardot,Colombia,GIR,4.27624,-74.7967
Juan Casiano Airport,Guapi,Colombia,GPI,2.57013,-77.8986
Perales Airport,Ibague,Colombia,IBE,4.42161,-75.1333
San Luis Airport,Ipiales,Colombia,IPI,0.861925,-77.6718
Antonio Roldan Betancourt Airport,Carepa,Colombia,APO,7.81196,-76.7164
Jorge Isaac Airport,La Mina,Colombia,MCJ,11.2325,-72.4901
Alfredo Vásquez Cobo International Airport,Leticia,Colombia,LET,-4.19355,-69.9432
Enrique Olaya Herrera Airport,Medellin,Colombia,EOH,6.220549,-75.590582
Baracoa Airport,Magangue,Colombia,MGN,9.28474,-74.8461
Los Garzones Airport,Monteria,Colombia,MTR,8.82374,-75.8258
Fabio Alberto Leon Bentley Airport,Mitu,Colombia,MVP,1.25366,-70.2339
La Nubia Airport,Manizales,Colombia,MZL,5.0296,-75.4647
Benito Salas Airport,Neiva,Colombia,NVA,2.95015,-75.294
Aguas Claras Airport,Ocana,Colombia,OCV,8.31506,-73.3583
Otu Airport,Otu,Colombia,OTU,7.01037,-74.7155
German Olano Airport,Puerto Carreno,Colombia,PCR,6.18472,-67.4932
Matecaña International Airport,Pereira,Colombia,PEI,4.81267,-75.7395
Pitalito Airport,Pitalito,Colombia,PTX,1.85777,-76.0857
Guillermo León Valencia Airport,Popayan,Colombia,PPN,2.4544,-76.6093
Antonio Narino Airport,Pasto,Colombia,PSO,1.39625,-77.2915
El Embrujo Airport,Providencia,Colombia,PVA,13.3569,-81.3583
Mariquita Airport,Mariquita,Colombia,MQU,5.21256,-74.8836
Jose Maria Córdova International Airport,Rio Negro,Colombia,MDE,6.16454,-75.4231
Almirante Padilla Airport,Rio Hacha,Colombia,RCH,11.5262,-72.926
Jorge E. Gonzalez Torres Airport,San Jose Del Guaviare,Colombia,SJE,2.57969,-72.6394
Simón Bolívar International Airport,Santa Marta,Colombia,SMR,11.1196,-74.2306
Gustavo Rojas Pinilla International Airport,San Andres Island,Colombia,ADZ,12.5836,-81.7112
Eduardo Falla Solano Airport,San Vincente De Caguan,Colombia,SVI,2.15217,-74.7663
Gustavo Vargas Airport,Tame,Colombia,TME,6.45108,-71.7603
Santiago Perez Airport,Arauca,Colombia,AUC,7.06888,-70.7369
El Caraño Airport,Quibdo,Colombia,UIB,5.69076,-76.6412
Heriberto Gíl Martínez Airport,Tulua,Colombia,ULQ,4.08836,-76.2351
Alfonso López Pumarejo Airport,Valledupar,Colombia,VUP,10.435,-73.2495
Vanguardia Airport,Villavicencio,Colombia,VVC,4.16787,-73.6138
Bermejo Airport,Bermejo,Bolivia,BJO,-22.7733001709,-64.31289672850001
Jorge Wilsterman International Airport,Cochabamba,Bolivia,CBB,-17.421100616455078,-66.1771011352539
Chimore Airport,Chapacura,Bolivia,CCA,-16.976834,-65.145568
Capitán Aníbal Arab Airport,Cobija,Bolivia,CIJ,-11.040399551400002,-68.7829971313
El Alto International Airport,La Paz,Bolivia,LPB,-16.5132999420166,-68.19229888916016
Juan Mendoza Airport,Oruro,Bolivia,ORU,-17.962600708,-67.0762023926
Capitan Nicolas Rojas Airport,Potosi,Bolivia,POI,-19.5431003571,-65.72370147710001
Capitán Av. Salvador Ogaya G. airport,Puerto Suarez,Bolivia,PSZ,-18.975301,-57.820599
Santa Ana Del Yacuma Airport,Santa Ana,Bolivia,SBL,-13.7622003555,-65.4352035522
Juana Azurduy De Padilla Airport,Sucre,Bolivia,SRE,-19.007099151611328,-65.2886962890625
Capitan Oriel Lea Plaza Airport,Tarija,Bolivia,TJA,-21.5557003021,-64.7013015747
Teniente Av. Jorge Henrich Arauz Airport,Trinidad,Bolivia,TDD,-14.8186998367,-64.9179992676
Teniente Coronel Rafael Pabón Airport,Villa Montes,Bolivia,VLM,-21.2551994324,-63.4056015015
Viru Viru International Airport,Santa Cruz,Bolivia,VVI,-17.6448,-63.135399
Yacuiba Airport,Yacuiba,Bolivia,BYC,-21.960899353027344,-63.65169906616211
Johan Adolf Pengel International Airport,Zandery,Suriname,PBM,5.4528298378,-55.1878013611
Cayenne-Rochambeau Airport,Cayenne,French Guiana,CAY,4.819809913639999,-52.3604011536
Saint-Georges-de-l'Oyapock Airport,St.-georges Oyapock,French Guiana,OYP,3.89759993553,-51.8041000366
Alferez FAP Alfredo Vladimir Sara Bauer Airport,Andoas,Peru,AOP,-2.79612994194,-76.46659851070001
Iberia Airport,Iberia,Peru,IBP,-11.41160011291504,-69.48870086669922
Cap FAP David Abenzur Rengifo International Airport,Pucallpa,Peru,PCL,-8.37794017791748,-74.57430267333984
Teniente FAP Jaime A De Montreuil Morales Airport,Chimbote,Peru,CHM,-9.149609565734863,-78.5238037109375
Capitan FAP Jose A Quinones Gonzales International Airport,Chiclayo,Peru,CIX,-6.787479877471924,-79.8281021118164
Coronel FAP Alfredo Mendivil Duarte Airport,Ayacucho,Peru,AYP,-13.154800415039062,-74.20439910888672
Andahuaylas Airport,Andahuaylas,Peru,ANS,-13.70639991760254,-73.35040283203125
Comandante FAP German Arias Graziani Airport,Anta,Peru,ATA,-9.347439765930176,-77.59839630126953
Jorge Chávez International Airport,Lima,Peru,LIM,-12.0219,-77.114305
Juanjui Airport,Juanjui,Peru,JJI,-7.169099807739258,-76.72859954833984
Francisco Carle Airport,Jauja,Peru,JAU,-11.7831001282,-75.47339630130001
Inca Manco Capac International Airport,Juliaca,Peru,JUL,-15.467100143432615,-70.158203125
Ilo Airport,Ilo,Peru,ILQ,-17.69499969482422,-71.34400177001953
Capitan FAP Pedro Canga Rodriguez Airport,Tumbes,Peru,TBP,-3.55253005027771,-80.38140106201172
Moises Benzaquen Rengifo Airport,Yurimaguas,Peru,YMS,-5.893770217895508,-76.11820220947266
Chachapoyas Airport,Chachapoyas,Peru,CHH,-6.201809883117676,-77.8561019897461
Coronel FAP Francisco Secada Vignetta International Airport,Iquitos,Peru,IQT,-3.7847399711608887,-73.30879974365234
Rodríguez Ballón International Airport,Arequipa,Peru,AQP,-16.3411006927,-71.5830993652
Capitan FAP Carlos Martinez De Pinillos International Airport,Trujillo,Peru,TRU,-8.08141040802002,-79.10880279541016
Capitán FAP Renán Elías Olivera International Airport,Pisco,Peru,PIO,-13.74489974975586,-76.22029876708984
Cadete FAP Guillermo Del Castillo Paredes Airport,Tarapoto,Peru,TPP,-6.508739948272705,-76.37319946289062
Coronel FAP Carlos Ciriani Santa Rosa International Airport,Tacna,Peru,TCQ,-18.0533008575,-70.2758026123
Padre Aldamiz International Airport,Puerto Maldonado,Peru,PEM,-12.6135997772,-69.2285995483
Capitán FAP Guillermo Concha Iberico International Airport,Piura,Peru,PIU,-5.20574998856,-80.61640167239999
Capitan Montes Airport,Talara,Peru,TYL,-4.5766401290894,-81.254096984863
Alejandro Velasco Astete International Airport,Cuzco,Peru,CUZ,-13.535699844400002,-71.9387969971
Santa Bernardina International Airport,Durazno,Uruguay,DZO,-33.3588981628418,-56.49919891357422
Carrasco International /General C L Berisso Airport,Montevideo,Uruguay,MVD,-34.838402,-56.0308
Nueva Hesperides International Airport,Salto,Uruguay,STY,-31.438499450683597,-57.98529815673828
Oswaldo Guevara Mujica Airport,Acarigua,Venezuela,AGV,9.553375244140623,-69.23786926269531
Anaco Airport,Anaco,Venezuela,AAO,9.430225372314451,-64.4707260131836
General José Antonio Anzoategui International Airport,Barcelona,Venezuela,BLA,10.111111,-64.692222
Barinas Airport,Barinas,Venezuela,BNS,8.615,-70.21416667
Barquisimeto International Airport,Barquisimeto,Venezuela,BRM,10.042746543884276,-69.3586196899414
"Aeropuerto ""General Tomas de Heres"". Ciudad Bolivar",Ciudad Bolivar,Venezuela,CBL,8.12216091156,-63.5369567871
Caicara del Orinoco Airport,Caicara De Orinoco,Venezuela,CXA,7.625510215759277,-66.16280364990234
Calabozo Airport,Calabozo,Venezuela,CLZ,8.92465591430664,-67.4170913696289
Canaima Airport,Canaima,Venezuela,CAJ,6.231988906860352,-62.85443115234375
Carora Airport,Carora,Venezuela,VCR,10.175602912902832,-70.06521606445312
General Francisco Bermúdez Airport,Carupano,Venezuela,CUP,10.660014152526855,-63.261680603027344
José Leonardo Chirinos Airport,Coro,Venezuela,CZE,11.41494369506836,-69.68090057373047
Cumaná (Antonio José de Sucre) Airport,Cumana,Venezuela,CUM,10.450332641601562,-64.1304702758789
El Dorado Airport,El Dorado,Venezuela,EOR,6.733333110809326,-61.58333206176758
Elorza Airport,Elorza,Venezuela,EOZ,7.083333015441895,-69.53333282470703
Guasdalito Airport,Guasdualito,Venezuela,GDO,7.233333110809326,-70.80000305175781
Guiria Airport,Guiria,Venezuela,GUI,10.5740776062,-62.3126678467
Guanare Airport,Guanare,Venezuela,GUQ,9.026944160461426,-69.7551498413086
Higuerote Airport,Higuerote,Venezuela,HGE,10.462474,-66.092779
Andrés Miguel Salazar Marcano Airport,Isla De Coche,Venezuela,ICC,10.794432,-63.98159
Josefa Camejo International Airport,Paraguana,Venezuela,LSP,11.78077507019043,-70.15149688720703
La Fria Airport,La Fria,Venezuela,LFR,8.239167213439941,-72.27102661132812
La Chinita International Airport,Maracaibo,Venezuela,MAR,10.5582084656,-71.7278594971
Alberto Carnevalli Airport,Merida,Venezuela,MRD,8.582078,-71.161041
Del Caribe Santiago Mariño International Airport,Porlamar,Venezuela,PMV,10.912603378295898,-63.96659851074219
Simón Bolívar International Airport,Caracas,Venezuela,CCS,10.601194,-66.991222
Maturín Airport,Maturin,Venezuela,MUN,9.75452995300293,-63.14739990234375
Cacique Aramare Airport,Puerto Ayacucho,Venezuela,PYH,5.6199898719788,-67.606101989746
General Bartolome Salom International Airport,Puerto Cabello,Venezuela,PBL,10.48050022125244,-68.072998046875
Paramillo Airport,San Cristobal,Venezuela,SCI,7.8013200759887695,-72.2029037475586
General Manuel Carlos Piar International Airport,Guayana,Venezuela,PZO,8.288530349731445,-62.760398864746094
Palmarito Airport,Palmarito,Venezuela,PTM,7.566669940948486,-70.18329620361328
San Antonio Del Tachira Airport,San Antonio,Venezuela,SVZ,7.840829849243164,-72.439697265625
Santa Bárbara de Barinas Airport,Santa Barbara,Venezuela,SBB,7.803514003753662,-71.16571807861328
Santa Elena de Uairen Airport,Santa Ana De Uairen,Venezuela,SNV,4.554999828338623,-61.150001525878906
Mayor Buenaventura Vivas International Airport,Santo Domingo,Venezuela,STD,7.56538,-72.035103
Sub Teniente Nestor Arias Airport,San Felipe,Venezuela,SNF,10.2787,-68.755203
San Fernando De Apure Airport,San Fernando De Apure,Venezuela,SFD,7.883319854736328,-67.44400024414062
San Tomé Airport,San Tome,Venezuela,SOM,8.9451465606689,-64.151084899902
Santa Bárbara del Zulia Airport,Santa Barbara,Venezuela,STB,8.974550247192383,-71.94325256347656
Tucupita Airport,Tucupita,Venezuela,TUV,9.088994026184082,-62.09417343139648
Tumeremo Airport,Tumeremo,Venezuela,TMO,7.24938,-61.52893
Arturo Michelena International Airport,Valencia,Venezuela,VLN,10.14973258972168,-67.92839813232422
Dr. Antonio Nicolás Briceño Airport,Valera,Venezuela,VLV,9.34047794342041,-70.58406066894531
Valle de La Pascua Airport,Valle De La Pascua,Venezuela,VDP,9.22202777863,-65.9935836792
Lethem Airport,Lethem,Guyana,LTM,3.37276,-59.789398
V.C. Bird International Airport,Antigua,Antigua and Barbuda,ANU,17.1367,-61.792702
Sir Grantley Adams International Airport,Bridgetown,Barbados,BGI,13.0746002197,-59.4925003052
Canefield Airport,Canefield,Dominica,DCF,15.336700439453123,-61.3922004699707
Douglas-Charles Airport,Dominica,Dominica,DOM,15.547,-61.299999
Martinique Aimé Césaire International Airport,Fort-de-france,Martinique,FDF,14.590999603271484,-61.00320053100586
L'Espérance Airport,St. Martin,Guadeloupe,SFG,18.099899291992,-63.047199249268
Pointe-à-Pitre Le Raizet,Pointe-a-pitre,Guadeloupe,PTP,16.265301,-61.531799
Point Salines International Airport,Point Salines,Grenada,GND,12.004199981689451,-61.78620147705078
Cyril E. King Airport,St. Thomas,Virgin Islands,STT,18.337299346923828,-64.97339630126953
Henry E Rohlsen Airport,St. Croix Island,Virgin Islands,STX,17.701900482177734,-64.79859924316406
Rafael Hernandez Airport,Aguadilla,Puerto Rico,BQN,18.49489974975586,-67.12940216064453
Diego Jimenez Torres Airport,Fajardo,Puerto Rico,FAJ,18.308900833129883,-65.66190338134766
Fernando Luis Ribas Dominicci Airport,San Juan,Puerto Rico,SIG,18.45680046081543,-66.09809875488281
Eugenio Maria De Hostos Airport,Mayaguez,Puerto Rico,MAZ,18.255699157714844,-67.14849853515625
Mercedita Airport,Ponce,Puerto Rico,PSE,18.00830078125,-66.56300354003906
Luis Munoz Marin International Airport,San Juan,Puerto Rico,SJU,18.4393997192,-66.0018005371
Robert L. Bradshaw International Airport,Basse Terre,Saint Kitts and Nevis,SKB,17.311199188232422,-62.71870040893555
George F. L. Charles Airport,Castries,Saint Lucia,SLU,14.0202,-60.992901
Hewanorra International Airport,Hewandorra,Saint Lucia,UVF,13.7332,-60.952599
Queen Beatrix International Airport,Oranjestad,Aruba,AUA,12.5014,-70.015198
Flamingo International Airport,Kralendijk,Netherlands Antilles,BON,12.130999565124512,-68.26850128173828
Hato International Airport,Willemstad,Netherlands Antilles,CUR,12.1889,-68.959801
F. D. Roosevelt Airport,Oranjestad,Netherlands Antilles,EUX,17.49650001525879,-62.979400634765625
Princess Juliana International Airport,Philipsburg,Netherlands Antilles,SXM,18.0410003662,-63.1088981628
Clayton J Lloyd International Airport,The Valley,Anguilla,AXA,18.2048,-63.055099
Tobago-Crown Point Airport,Scarborough,Trinidad and Tobago,TAB,11.149700164794922,-60.83219909667969
Piarco International Airport,Port-of-spain,Trinidad and Tobago,POS,10.595399856567385,-61.33720016479492
Terrance B. Lettsome International Airport,Tortola,British Virgin Islands,EIS,18.444799423217773,-64.54299926757812
Canouan Airport,Canouan Island,Saint Vincent and the Grenadines,CIW,12.699,-61.3424
Mustique Airport,Mustique,Saint Vincent and the Grenadines,MQS,12.887900352478027,-61.1801986694336
Argyle International Airport,Kingstown,Saint Vincent and the Grenadines,SVD,13.156695,-61.149945
Almaty Airport,Alma-ata,Kazakhstan,ALA,43.35210037231445,77.04049682617188
Balkhash Airport,Balkhash,Kazakhstan,BXH,46.8932991027832,75.00499725341797
Astana International Airport,Tselinograd,Kazakhstan,TSE,51.02220153808594,71.46690368652344
Taraz Airport,Dzhambul,Kazakhstan,DMB,42.85359954833984,71.30359649658203
Manas International Airport,Bishkek,Kyrgyzstan,FRU,43.0612983704,74.4776000977
Osh Airport,Osh,Kyrgyzstan,OSS,40.6090011597,72.793296814
Shymkent Airport,Chimkent,Kazakhstan,CIT,42.364200592041016,69.47889709472656
Uralsk Airport,Uralsk,Kazakhstan,URA,51.15079879760742,51.54309844970703
Pavlodar Airport,Pavlodar,Kazakhstan,PWQ,52.19499969482422,77.07389831542969
Semipalatinsk Airport,Semiplatinsk,Kazakhstan,PLX,50.351295,80.234398
Aktobe Airport,Aktyubinsk,Kazakhstan,AKX,50.2458,57.206699
Heydar Aliyev International Airport,Baku,Azerbaijan,GYD,40.46749877929688,50.04669952392578
Yakutsk Airport,Yakutsk,Russia,YKS,62.093299865722656,129.77099609375
Mirny Airport,Mirnyj,Russia,MJZ,62.534698486328125,114.03900146484376
Ignatyevo Airport,Blagoveschensk,Russia,BQS,50.42539978027344,127.41200256347656
Khabarovsk-Novy Airport,Khabarovsk,Russia,KHV,48.52799987793,135.18800354004
Provideniya Bay Airport,Provideniya Bay,Russia,PVS,64.37809753417969,-173.2429962158203
Sokol Airport,Magadan,Russia,GDX,59.9109992980957,150.72000122070312
Pevek Airport,Pevek,Russia,PWE,69.783302307129,170.59700012207
Yelizovo Airport,Petropavlovsk,Russia,PKC,53.16790008544922,158.45399475097656
Yuzhno-Sakhalinsk Airport,Yuzhno-sakhalinsk,Russia,UUS,46.88869857788086,142.71800231933594
Vladivostok International Airport,Vladivostok,Russia,VVO,43.39899826049805,132.1479949951172
Chita-Kadala Airport,Chita,Russia,HTA,52.026299,113.306
Bratsk Airport,Bratsk,Russia,BTK,56.370601654052734,101.697998046875
Irkutsk Airport,Irkutsk,Russia,IKT,52.268001556396,104.38899993896
Ulan-Ude Airport (Mukhino),Ulan-ude,Russia,UUD,51.80780029296875,107.43800354003906
Boryspil International Airport,Kiev,Ukraine,KBP,50.345001220703125,30.894699096679688
Donetsk International Airport,Donetsk,Ukraine,DOK,48.07360076904297,37.73970031738281
Dnipropetrovsk International Airport,Dnepropetrovsk,Ukraine,DNK,48.357200622558594,35.10060119628906
Simferopol International Airport,Simferopol,Ukraine,SIP,45.05220031738281,33.975101470947266
Kiev Zhuliany International Airport,Kiev,Ukraine,IEV,50.40194,30.45194
Lviv International Airport,Lvov,Ukraine,LWO,49.8125,23.956100463867188
Odessa International Airport,Odessa,Ukraine,ODS,46.42679977416992,30.67650032043457
Pulkovo Airport,St. Petersburg,Russia,LED,59.80030059814453,30.262500762939453
Murmansk Airport,Murmansk,Russia,MMK,68.78170013427734,32.75080108642578
Gomel Airport,Gomel,Belarus,GME,52.527000427246094,31.016700744628903
Vitebsk Vostochny Airport,Vitebsk,Belarus,VTB,55.126499176025,30.349599838257
Khrabrovo Airport,Kaliningrad,Russia,KGD,54.88999938964844,20.59259986877441
Minsk 1 Airport,Minsk,Belarus,MHP,53.86449813842773,27.53969955444336
Minsk National Airport,Minsk 2,Belarus,MSQ,53.882499694824,28.030700683594
Abakan Airport,Abakan,Russia,ABA,53.7400016784668,91.38500213623048
Barnaul Airport,Barnaul,Russia,BAX,53.363800048828125,83.53849792480469
Kemerovo Airport,Kemorovo,Russia,KEJ,55.27009963989258,86.1072006225586
Omsk Central Airport,Omsk,Russia,OMS,54.96699905395508,73.31050109863281
Krasnodar Pashkovsky International Airport,Krasnodar,Russia,KRR,45.034698486328,39.170501708984
Uytash Airport,Makhachkala,Russia,MCX,42.81679916381836,47.65230178833008
Mineralnyye Vody Airport,Mineralnye Vody,Russia,MRV,44.22510147094727,43.08190155029297
Stavropol Shpakovskoye Airport,Stavropol,Russia,STW,45.10919952392578,42.11280059814453
Platov International Airport,Rostov,Russia,ROV,47.493888,39.924722
Sochi International Airport,Sochi,Russia,AER,43.449902,39.9566
Astrakhan Airport,Astrakhan,Russia,ASF,46.2832984924,48.0063018799
Volgograd International Airport,Volgograd,Russia,VOG,48.782501220703125,44.34550094604492
Chelyabinsk Balandino Airport,Chelyabinsk,Russia,CEK,55.305801,61.5033
Magnitogorsk International Airport,Magnetiogorsk,Russia,MQF,53.39310073852539,58.75569915771485
Nizhnevartovsk Airport,Nizhnevartovsk,Russia,NJC,60.94929885864258,76.48359680175781
Bolshoye Savino Airport,Perm,Russia,PEE,57.914501190186,56.021198272705
Surgut Airport,Surgut,Russia,SGC,61.34370040893555,73.40180206298828
Koltsovo Airport,Yekaterinburg,Russia,SVX,56.743099212646,60.802700042725
Ashgabat International Airport,Ashkhabad,Turkmenistan,ASB,37.986801,58.361
Turkmenbashi Airport,Krasnovodsk,Turkmenistan,KRW,40.063301,53.007198
Turkmenabat Airport,Chardzhou,Turkmenistan,CRZ,39.08330154418945,63.61330032348633
Dushanbe Airport,Dushanbe,Tajikistan,DYU,38.5433006287,68.8249969482
Bukhara Airport,Bukhara,Uzbekistan,BHK,39.775001525878906,64.4832992553711
Samarkand Airport,Samarkand,Uzbekistan,SKD,39.70050048828125,66.98380279541016
Tashkent International Airport,Tashkent,Uzbekistan,TAS,41.257900238,69.2811965942
Bryansk Airport,Bryansk,Russia,BZK,53.214199,34.176399
Sheremetyevo International Airport,Moscow,Russia,SVO,55.972599,37.4146
Migalovo Air Base,Tver,Russia,KLD,56.82469940185547,35.7577018737793
Voronezh International Airport,Voronezh,Russia,VOZ,51.81420135498047,39.22959899902344
Vnukovo International Airport,Moscow,Russia,VKO,55.5914993286,37.2615013123
Syktyvkar Airport,Syktyvkar,Russia,SCW,61.64699935913086,50.84510040283203
Kazan International Airport,Kazan,Russia,KZN,55.606201171875,49.278701782227
Orenburg Central Airport,Orenburg,Russia,REN,51.79579925537109,55.45669937133789
Ufa International Airport,Ufa,Russia,UFA,54.557498931885,55.874401092529
Kurumoch International Airport,Samara,Russia,KUF,53.504901885986,50.16429901123
Sardar Vallabhbhai Patel International Airport,Ahmedabad,India,AMD,23.0771999359,72.63469696039999
Akola Airport,Akola,India,AKD,20.698999,77.058601
Aurangabad Airport,Aurangabad,India,IXU,19.862699508666992,75.39810180664062
Chhatrapati Shivaji International Airport,Mumbai,India,BOM,19.0886993408,72.8678970337
Bilaspur Airport,Bilaspur,India,PAB,21.9884,82.111
Bhuj Airport,Bhuj,India,BHJ,23.2877998352,69.6701965332
Belgaum Airport,Belgaum,India,IXG,15.8592996597,74.6183013916
Vadodara Airport,Baroda,India,BDQ,22.336201,73.226303
Raja Bhoj International Airport,Bhopal,India,BHO,23.2875003815,77.3374023438
Bhavnagar Airport,Bhaunagar,India,BHU,21.752199173,72.1852035522
Daman Airport,Daman,India,NMB,20.43440055847168,72.84320068359375
Guna Airport,Guna,India,GUX,24.654699,77.347298
Dabolim Airport,Goa,India,GOI,15.3808002472,73.8313980103
Devi Ahilyabai Holkar Airport,Indore,India,IDR,22.7217998505,75.8011016846
Jabalpur Airport,Jabalpur,India,JLR,23.17779922485352,80.052001953125
Jamnagar Airport,Jamnagar,India,JGA,22.465499877929688,70.01260375976562
Kandla Airport,Kandla,India,IXY,23.1127,70.100304
Khajuraho Airport,Khajuraho,India,HJR,24.817199707,79.91860198970001
Kolhapur Airport,Kolhapur,India,KLH,16.6646995544,74.2893981934
Keshod Airport,Keshod,India,IXK,21.317100524902344,70.27040100097656
Dr. Babasaheb Ambedkar International Airport,Nagpur,India,NAG,21.092199325561523,79.04720306396484
Nashik Airport,Nasik Road,India,ISK,20.119101,73.912903
Pune Airport,Pune,India,PNQ,18.58209991455078,73.9197006225586
Porbandar Airport,Porbandar,India,PBD,21.6487007141,69.65720367429999
Rajkot Airport,Rajkot,India,RAJ,22.3092002869,70.77950286869999
Raipur Airport,Raipur,India,RPR,21.180401,81.7388
Solapur Airport,Sholapur,India,SSE,17.6280002594,75.93479919430001
Surat Airport,Surat,India,STV,21.1140995026,72.7417984009
Maharana Pratap Airport,Udaipur,India,UDR,24.6177005768,73.89610290530001
Bandaranaike International Colombo Airport,Colombo,Sri Lanka,CMB,7.180759906768799,79.88410186767578
Anuradhapura Air Force Base,Anuradhapura,Sri Lanka,ACJ,8.30148983002,80.42790222170001
Batticaloa Airport,Batticaloa,Sri Lanka,BTC,7.70576,81.678802
Colombo Ratmalana Airport,Colombo,Sri Lanka,RML,6.821990013122559,79.88619995117188
Ampara Airport,Galoya,Sri Lanka,ADP,7.33776,81.62594
Kankesanturai Airport,Jaffna,Sri Lanka,JAF,9.792329788208008,80.07009887695312
China Bay Airport,Trinciomalee,Sri Lanka,TRR,8.5385103225708,81.18190002441406
Kampong Chhnang Airport,Kompong Chnang,Cambodia,KZC,12.255200386,104.564002991
Phnom Penh International Airport,Phnom-penh,Cambodia,PNH,11.546600341796877,104.84400177001952
Siem Reap International Airport,Siem-reap,Cambodia,REP,13.410699844400002,103.81300354
Stung Treng Airport,Stung Treng,Cambodia,TNX,13.531900405883787,106.01499938964844
Along Airport,Along,India,IXV,28.17530059814453,94.802001953125
Agartala Airport,Agartala,India,IXA,23.8869991302,91.2404022217
Lengpui Airport,Aizwal,India,AJL,23.8405990601,92.6196975708
Bagdogra Airport,Baghdogra,India,IXB,26.68120002746582,88.32859802246094
Biju Patnaik Airport,Bhubaneswar,India,BBI,20.2444000244,85.8178024292
Netaji Subhash Chandra Bose International Airport,Kolkata,India,CCU,22.654699325561523,88.44670104980469
Cooch Behar Airport,Cooch-behar,India,COH,26.330499649,89.4672012329
Dhanbad Airport,Dhanbad,India,DBD,23.833999633789062,86.42530059814453
Gaya Airport,Gaya,India,GAY,24.74430084228516,84.95120239257812
Imphal Airport,Imphal,India,IMF,24.7600002289,93.896697998
Sonari Airport,Jamshedpur,India,IXW,22.8132,86.1688
Jorhat Airport,Jorhat,India,JRH,26.7315006256,94.1754989624
Kailashahar Airport,Kailashahar,India,IXH,24.30820083618164,92.0072021484375
Silchar Airport,Silchar,India,IXS,24.9129009247,92.9786987305
North Lakhimpur Airport,Lilabari,India,IXI,27.295499801635746,94.09760284423828
Dibrugarh Airport,Mohanbari,India,DIB,27.4839000702,95.0168991089
Muzaffarpur Airport,Mazuffarpur,India,MZU,26.11910057067871,85.3136978149414
Lok Nayak Jayaprakash Airport,Patina,India,PAT,25.591299057,85.0879974365
Birsa Munda Airport,Ranchi,India,IXR,23.314300537100003,85.3217010498
Rourkela Airport,Rourkela,India,RRK,22.256701,84.814598
Vishakhapatnam Airport,Vishakhapatnam,India,VTZ,17.721200943,83.2245025635
Ziro Airport,Zero,India,ZER,27.588301,93.828102
Cox's Bazar Airport,Cox's Bazar,Bangladesh,CXB,21.45219993591309,91.96389770507812
Shah Amanat International Airport,Chittagong,Bangladesh,CGP,22.24959945678711,91.81330108642578
Ishurdi Airport,Ishurdi,Bangladesh,IRD,24.15250015258789,89.04940032958984
Jessore Airport,Jessore,Bangladesh,JSR,23.183799743652344,89.16079711914062
Shah Mokhdum Airport,Rajshahi,Bangladesh,RJH,24.43720054626465,88.61650085449219
Saidpur Airport,Saidpur,Bangladesh,SPD,25.75919914245605,88.90889739990234
Osmany International Airport,Sylhet Osmani,Bangladesh,ZYL,24.96319961547852,91.8667984008789
Hazrat Shahjalal International Airport,Dhaka,Bangladesh,DAC,23.843347,90.397783
Hong Kong International Airport,Hong Kong,Hong Kong,HKG,22.308901,113.915001
Agra Airport,Agra,India,AGR,27.155799865722656,77.96089935302734
Allahabad Airport,Allahabad,India,IXD,25.440099716186523,81.73390197753906
Sri Guru Ram Dass Jee International Airport,Amritsar,India,ATQ,31.7096004486,74.7973022461
Nal Airport,Bikaner,India,BKB,28.070600509643555,73.20719909667969
Lal Bahadur Shastri Airport,Varanasi,India,VNS,25.4524002075,82.8592987061
Kullu Manali Airport,Kulu,India,KUU,31.87669944763184,77.15440368652344
Bhatinda Air Force Station,Bhatinda,India,BUP,30.270099639892575,74.75579833984375
Bareilly Air Force Station,Bareilly,India,BEK,28.4221000671,79.45079803470001
Chandigarh Airport,Chandigarh,India,IXC,30.67350006103516,76.78849792480469
Kanpur Airport,Kanpur,India,KNU,26.404301,80.410103
Dehradun Airport,Dehra Dun,India,DED,30.189699,78.180298
Indira Gandhi International Airport,Delhi,India,DEL,28.5665,77.103104
Gwalior Airport,Gwalior,India,GWL,26.29330062866211,78.22779846191406
Hissar Airport,Hissar,India,HSS,29.179399490356445,75.75530242919922
Jodhpur Airport,Jodhpur,India,JDH,26.251100540161133,73.04889678955078
Jaipur International Airport,Jaipur,India,JAI,26.8242,75.812202
Jaisalmer Airport,Jaisalmer,India,JSA,26.88870048522949,70.86499786376953
Jammu Airport,Jammu,India,IXJ,32.6890983582,74.8374023438
Kota Airport,Kota,India,KTU,25.160200119,75.84559631350001
Ludhiana Airport,Ludhiaha,India,LUH,30.854700088500977,75.95259857177734
Leh Kushok Bakula Rimpochee Airport,Leh,India,IXL,34.1358985901,77.5465011597
Chaudhary Charan Singh International Airport,Lucknow,India,LKO,26.7605991364,80.8892974854
Pathankot Airport,Pathankot,India,IXP,32.233611,75.634444
Pantnagar Airport,Nainital,India,PGH,29.03339958190918,79.47370147705078
Sheikh ul Alam Airport,Srinagar,India,SXR,33.987098693847656,74.77420043945312
Satna Airport,Satna,India,TNI,24.5623,80.854897
Luang Phabang International Airport,Luang Prabang,Laos,LPQ,19.897300720214844,102.16100311279295
Pakse International Airport,Pakse,Laos,PKZ,15.132100105285645,105.78099822998048
Savannakhet Airport,Savannakhet,Laos,ZVK,16.55660057067871,104.76000213623048
Sam Neua Airport,Sam Neua,Laos,NEU,20.418399810791016,104.06700134277344
Wattay International Airport,Vientiane,Laos,VTE,17.988300323500003,102.56300354
Macau International Airport,Macau,Macau,MFM,22.149599,113.592003
Gautam Buddha Airport,Bhairawa,Nepal,BWA,27.505685,83.416293
Janakpur Airport,Janakpur,Nepal,JKR,26.7087993622,85.9224014282
Tribhuvan International Airport,Kathmandu,Nepal,KTM,27.6966,85.3591
Pokhara Airport,Pokhara,Nepal,PKR,28.200899124145508,83.98210144042969
Simara Airport,Simara,Nepal,SIF,27.159500122070312,84.9801025390625
Biratnagar Airport,Biratnagar,Nepal,BIR,26.48150062561035,87.26399993896484
Agatti Airport,Agatti Island,India,AGX,10.823699951171877,72.1760025024414
Kempegowda International Airport,Bangalore,India,BLR,13.1979,77.706299
Bellary Airport,Bellary,India,BEP,15.162799835205078,76.88279724121094
Vijayawada Airport,Vijayawada,India,VGA,16.530399322509766,80.79679870605469
Coimbatore International Airport,Coimbatore,India,CJB,11.029999733,77.0434036255
Cochin International Airport,Kochi,India,COK,10.152,76.401901
Calicut International Airport,Calicut,India,CCJ,11.1367998123,75.95529937740001
Kadapa Airport,Cuddapah,India,CDP,14.51,78.772778
Car Nicobar Air Force Station,Carnicobar,India,CBD,9.152509689331056,92.8196029663086
Begumpet Airport,Hyderabad,India,BPM,17.4531002045,78.4675979614
Madurai Airport,Madurai,India,IXM,9.83450984955,78.09339904790001
Mangalore International Airport,Mangalore,India,IXE,12.9612998962,74.8900985718
Chennai International Airport,Madras,India,MAA,12.990005493164062,80.16929626464844
Vir Savarkar International Airport,Port Blair,India,IXZ,11.641200065612791,92.72969818115234
Pondicherry Airport,Pendicherry,India,PNY,11.968,79.812
Rajahmundry Airport,Rajahmundry,India,RJA,17.1103992462,81.81819915770001
Salem Airport,Salem,India,SXV,11.78330039978,78.06559753418
Tanjore Air Force Base,Tanjore,India,TJV,10.722399711608888,79.10160064697266
Tirupati Airport,Tirupeti,India,TIR,13.632499694800002,79.543296814
Tiruchirapally Civil Airport Airport,Tiruchirappalli,India,TRZ,10.765399932861328,78.70970153808594
Trivandrum International Airport,Trivandrum,India,TRV,8.48211956024,76.9200973511
Paro Airport,Thimphu,Bhutan,PBH,27.4032001495,89.42459869380001
Malé International Airport,Male,Maldives,MLE,4.191830158233643,73.52909851074219
Don Mueang International Airport,Bangkok,Thailand,DMK,13.9125995636,100.607002258
Kamphaeng Saen Airport,Nakhon Pathom,Thailand,KDT,14.1020002365,99.9171981812
U-Tapao International Airport,Pattaya,Thailand,UTP,12.67990016937256,101.00499725341795
Lampang Airport,Lampang,Thailand,LPT,18.27090072631836,99.50420379638672
Phrae Airport,Phrae,Thailand,PRH,18.132200241088867,100.16500091552734
Hua Hin Airport,Prachuap Khiri Khan,Thailand,HHQ,12.6361999512,99.951499939
Takhli Airport,Nakhon Sawan,Thailand,TKH,15.277299881,100.29599762
Phitsanulok Airport,Phitsanulok,Thailand,PHS,16.782899856567383,100.27899932861328
Narathiwat Airport,Narathiwat,Thailand,NAW,6.519919872283936,101.74299621582033
Krabi Airport,Krabi,Thailand,KBV,8.09912014008,98.9861984253
Songkhla Airport,Songkhla,Thailand,SGZ,7.186560153961182,100.60800170898438
Pattani Airport,Pattani,Thailand,PAN,6.785459995269775,101.15399932861328
Samui Airport,Ko Samui,Thailand,USM,9.547789573669998,100.06199646
Phuket International Airport,Phuket,Thailand,HKT,8.1132,98.316902
Ranong Airport,Ranong,Thailand,UNN,9.777620315551758,98.58550262451172
Hat Yai International Airport,Hat Yai,Thailand,HDY,6.93320989609,100.392997742
Trang Airport,Trang,Thailand,TST,7.508739948272705,99.6166000366211
Udon Thani Airport,Udon Thani,Thailand,UTH,17.386400222800003,102.788002014
Sakon Nakhon Airport,Sakon Nakhon,Thailand,SNO,17.195100784301758,104.11900329589844
Surin Airport,Surin,Thailand,PXR,14.868300437927,103.49800109863
Loei Airport,Loei,Thailand,LOE,17.43910026550293,101.72200012207033
Da Nang International Airport,Danang,Vietnam,DAD,16.043899536132812,108.1989974975586
Noi Bai International Airport,Hanoi,Vietnam,HAN,21.221200942993164,105.80699920654295
Nha Trang Air Base,Nhatrang,Vietnam,NHA,12.2275,109.192001
Phu Bai Airport,Hue,Vietnam,HUI,16.401500701899998,107.70300293
Phu Quoc International Airport,Phuquoc,Vietnam,PQC,10.1698,103.9931
Tan Son Nhat International Airport,Ho Chi Minh City,Vietnam,SGN,10.8187999725,106.652000427
Ann Airport,Ann,Burma,VBA,19.769199,94.0261
Bagan Airport,Bagan,Burma,NYU,21.178800582885746,94.9301986694336
Heho Airport,Heho,Burma,HEH,20.746999740600582,96.79199981689452
Hommalinn Airport,Hommalin,Burma,HOX,24.899599075317383,94.91400146484376
Kengtung Airport,Kengtung,Burma,KET,21.30159950256348,99.63600158691406
Kyaukpyu Airport,Kyaukpyu,Burma,KYP,19.42639923095703,93.53479766845705
Lashio Airport,Lashio,Burma,LSH,22.9778995513916,97.752197265625
Mandalay International Airport,Mandalay,Burma,MDL,21.70219993591309,95.97789764404295
Myeik Airport,Myeik,Burma,MGZ,12.439800262451172,98.62149810791016
Myitkyina Airport,Myitkyina,Burma,MYT,25.38360023498535,97.35189819335938
Momeik Airport,Momeik,Burma,MOE,23.092500686645508,96.64530181884766
Mong Hsat Airport,Mong Hsat,Burma,MOG,20.51679992675781,99.25679779052734
Namsang Airport,Namsang,Burma,NMS,20.890499114990234,97.73590087890624
Hpa-N Airport,Hpa-an,Burma,PAA,16.893699645996094,97.67459869384766
Putao Airport,Putao,Burma,PBU,27.32990074157715,97.42630004882812
Pyay Airport,Pyay,Burma,PRU,18.824499130249023,95.26599884033205
Sittwe Airport,Sittwe,Burma,AKY,20.132699966430664,92.87259674072266
Thandwe Airport,Thandwe,Burma,SNW,18.4606990814209,94.30010223388672
Tachileik Airport,Tachilek,Burma,THL,20.483800888061523,99.9354019165039
Yangon International Airport,Yangon,Burma,RGN,16.907300949099998,96.1332015991
Hasanuddin International Airport,Ujung Pandang,Indonesia,UPG,-5.061629772186279,119.5540008544922
Frans Kaisiepo Airport,Biak,Indonesia,BIK,-1.190019965171814,136.10800170898438
Nabire Airport,Nabire,Indonesia,NBX,-3.36818,135.496002
Moses Kilangin Airport,Timika,Indonesia,TIM,-4.528279781341553,136.88699340820312
Sentani International Airport,Jayapura,Indonesia,DJJ,-2.5769500733,140.5160064698
Wamena Airport,Wamena,Indonesia,WMX,-4.10251,138.957001
Mopah Airport,Merauke,Indonesia,MKQ,-8.52029037475586,140.41799926757812
Jalaluddin Airport,Gorontalo,Indonesia,GTO,0.63711899519,122.849998474
Mutiara Airport,Palu,Indonesia,PLW,-0.9185420274734496,119.91000366210938
Sam Ratulangi Airport,Manado,Indonesia,MDC,1.5492600202560425,124.9260025024414
Kasiguncu Airport,Poso,Indonesia,PSJ,-1.41674995422,120.657997131
Pitu Airport,Morotai Island,Indonesia,OTI,2.0459899902300003,128.324996948
Sultan Khairun Babullah Airport,Ternate,Indonesia,TTE,0.831413984298706,127.38099670410156
Syukuran Aminuddin Amir Airport,Luwuk,Indonesia,LUW,-1.03892,122.772003
"Pattimura Airport, Ambon",Ambon,Indonesia,AMQ,-3.7102599144,128.089004517
Fakfak Airport,Fak Fak,Indonesia,FKQ,-2.9201900959014893,132.26699829101562
Kaimana Airport,Kaimana,Indonesia,KNG,-3.6445200443267822,133.6959991455078
Babo Airport,Babo,Indonesia,BXB,-2.5322399139404297,133.43899536132812
Rendani Airport,Manokwari,Indonesia,MKW,-0.8918330073356628,134.0489959716797
Dominique Edward Osok Airport,Sorong,Indonesia,SOQ,-0.894,131.287
Bintulu Airport,Bintulu,Malaysia,BTU,3.12385010719,113.019996643
Kuching International Airport,Kuching,Malaysia,KCH,1.4846999645233154,110.34700012207033
Limbang Airport,Limbang,Malaysia,LMN,4.808300018310547,115.01000213623048
Marudi Airport,Marudi,Malaysia,MUR,4.178979873657227,114.3290023803711
Miri Airport,Miri,Malaysia,MYY,4.322010040283203,113.98699951171876
Sibu Airport,Sibu,Malaysia,SBW,2.2616000175476074,111.98500061035156
Lahad Datu Airport,Lahad Datu,Malaysia,LDU,5.032249927520752,118.3239974975586
Kota Kinabalu International Airport,Kota Kinabalu,Malaysia,BKI,5.9372100830078125,116.0510025024414
Labuan Airport,Labuan,Malaysia,LBU,5.300680160522461,115.25
Tawau Airport,Tawau,Malaysia,TWU,4.320159912109375,118.12799835205078
Brunei International Airport,Bandar Seri Begawan,Brunei,BWN,4.944200038909912,114.9280014038086
Sultan Syarif Kasim Ii (Simpang Tiga) Airport,Pekanbaru,Indonesia,PKU,0.4607860147953033,101.44499969482422
Pinang Kampai Airport,Dumai,Indonesia,DUM,1.60919,101.433998
Soekarno-Hatta International Airport,Jakarta,Indonesia,CGK,-6.1255698204,106.65599823
Binaka Airport,Gunung Sitoli,Indonesia,GNS,1.16638,97.704697
Aek Godang Airport,Padang Sidempuan,Indonesia,AEG,1.4001,99.430496
Minangkabau International Airport,Padang,Indonesia,PDG,-0.786917,100.280998
Soewondo Air Force Base,Medan,Indonesia,MES,3.559167,98.671111
Dr Ferdinand Lumban Tobing Airport,Sibolga,Indonesia,FLZ,1.55594,98.888901
Nanga Pinoh Airport,Nangapinoh,Indonesia,NPO,-0.34886899590492,111.74800109863
Ketapang(Rahadi Usman) Airport,Ketapang,Indonesia,KTG,-1.816640019416809,109.96299743652344
Supadio Airport,Pontianak,Indonesia,PNK,-0.1507109999656677,109.40399932861328
Sultan Thaha Airport,Jambi,Indonesia,DJB,-1.6380200386047363,103.6439971923828
Fatmawati Soekarno Airport,Bengkulu,Indonesia,BKS,-3.8637,102.338997
Sultan Mahmud Badaruddin II Airport,Palembang,Indonesia,PLM,-2.8982501029968,104.69999694824
Japura Airport,Rengat,Indonesia,RGT,-0.3528079986572265,102.33499908447266
Lhok Sukon Airport,Lhok Sukon,Indonesia,LSX,5.069509983062744,97.25920104980467
Sultan Iskandar Muda International Airport,Banda Aceh,Indonesia,BTJ,5.522872024010001,95.42063713070002
Sultan Abdul Halim Airport,Alor Setar,Malaysia,AOR,6.189670085906982,100.39800262451172
Butterworth Airport,Butterworth,Malaysia,BWH,5.4659199714660645,100.39099884033205
Sultan Ismail Petra Airport,Kota Bahru,Malaysia,KBR,6.166850090026856,102.29299926757812
Kuantan Airport,Kuantan,Malaysia,KUA,3.775389909744263,103.20899963378906
Kerteh Airport,Kerteh,Malaysia,KTE,4.537220001220703,103.427001953125
Sultan Azlan Shah Airport,Ipoh,Malaysia,IPH,4.567969799041748,101.09200286865234
Senai International Airport,Johor Bahru,Malaysia,JHB,1.64131,103.669998
Kuala Lumpur International Airport,Kuala Lumpur,Malaysia,KUL,2.745579957962,101.70999908447
Langkawi International Airport,Langkawi,Malaysia,LGK,6.329730033874512,99.72869873046876
Malacca Airport,Malacca,Malaysia,MKZ,2.2633600235,102.251998901
Sultan Mahmud Airport,Kuala Terengganu,Malaysia,TGG,5.3826398849487305,103.10299682617188
Penang International Airport,Penang,Malaysia,PEN,5.297140121459961,100.2770004272461
Suai Airport,Suai,East Timor,UAI,-9.30331039428711,125.28700256347656
Presidente Nicolau Lobato International Airport,Dili,East Timor,DIL,-8.54640007019,125.526000977
Cakung Airport,Baucau,East Timor,BCH,-8.489029884339999,126.401000977
Paya Lebar Air Base,Paya Lebar,Singapore,QPG,1.360419988632202,103.91000366210938
Tengah Air Base,Tengah,Singapore,TGA,1.38725996017,103.708999634
Seletar Airport,Singapore,Singapore,XSP,1.416949987411499,103.86799621582033
Singapore Changi Airport,Singapore,Singapore,SIN,1.35019,103.994003
Brisbane Archerfield Airport,Brisbane,Australia,ACF,-27.5702991486,153.007995605
Northern Peninsula Airport,Amberley,Australia,ABM,-10.9508,142.459
Alice Springs Airport,Alice Springs,Australia,ASP,-23.806699752807617,133.90199279785156
Brisbane International Airport,Brisbane,Australia,BNE,-27.38419914245605,153.11700439453125
Gold Coast Airport,Coolangatta,Australia,OOL,-28.1644001007,153.505004883
Cairns International Airport,Cairns,Australia,CNS,-16.885799408,145.755004883
Charleville Airport,Charlieville,Australia,CTL,-26.4132995605,146.261993408
Mount Isa Airport,Mount Isa,Australia,ISA,-20.6639003754,139.488998413
Sunshine Coast Airport,Maroochydore,Australia,MCY,-26.6033,153.091003
Mackay Airport,Mackay,Australia,MKY,-21.171699523900003,149.179992676
Proserpine Whitsunday Coast Airport,Prosserpine,Australia,PPP,-20.4950008392,148.552001953
Rockhampton Airport,Rockhampton,Australia,ROK,-23.3819007874,150.475006104
Townsville Airport,Townsville,Australia,TSV,-19.252500534057617,146.76499938964844
Weipa Airport,Weipa,Australia,WEI,-12.6786003113,141.925003052
Avalon Airport,Avalon,Australia,AVV,-38.039398,144.468994
Albury Airport,Albury,Australia,ABX,-36.06779861450195,146.95799255371094
Melbourne Essendon Airport,Melbourne,Australia,MEB,-37.7281,144.901993
Hobart International Airport,Hobart,Australia,HBA,-42.836101532,147.509994507
Launceston Airport,Launceston,Australia,LST,-41.54529953,147.214004517
Melbourne Moorabbin Airport,Melbourne,Australia,MBW,-37.97579956054688,145.1020050048828
Melbourne International Airport,Melbourne,Australia,MEL,-37.673302,144.843002
Adelaide International Airport,Adelaide,Australia,ADL,-34.945,138.531006
Perth Jandakot Airport,Perth,Australia,JAD,-32.09749984741211,115.88099670410156
Karratha Airport,Karratha,Australia,KTA,-20.712200164799995,116.773002625
Kalgoorlie Boulder Airport,Kalgoorlie,Australia,KGI,-30.7894001007,121.461997986
Kununurra Airport,Kununurra,Australia,KNX,-15.7781000137,128.707992554
Learmonth Airport,Learmonth,Australia,LEA,-22.2355995178,114.088996887
Port Hedland International Airport,Port Hedland,Australia,PHE,-20.3777999878,118.625999451
Perth International Airport,Perth,Australia,PER,-31.94029998779297,115.96700286865234
Woomera Airfield,Woomera,Australia,UMR,-31.14419937133789,136.81700134277344
Christmas Island Airport,Christmas Island,Christmas Island,XCH,-10.450599670410156,105.69000244140624
Sydney Bankstown Airport,Sydney,Australia,BWU,-33.924400329589844,150.98800659179688
Canberra International Airport,Canberra,Australia,CBR,-35.30690002441406,149.19500732421875
Coffs Harbour Airport,Coff's Harbour,Australia,CFS,-30.3206005096,153.115997314
Camden Airport,Camden,Australia,CDU,-34.04029846191406,150.68699645996094
Dubbo City Regional Airport,Dubbo,Australia,DBO,-32.2167015076,148.574996948
Norfolk Island International Airport,Norfolk Island,Norfolk Island,NLK,-29.04159927368164,167.93899536132812
RAAF Base Richmond,Richmond,Australia,XRH,-33.600601,150.781006
Sydney Kingsford Smith International Airport,Sydney,Australia,SYD,-33.94609832763672,151.177001953125
Tamworth Airport,Tamworth,Australia,TMW,-31.0839004517,150.847000122
Wagga Wagga City Airport,Wagga Wagga,Australia,WGA,-35.1652984619,147.466003418
Beijing Capital International Airport,Beijing,China,PEK,40.0801010131836,116.58499908447266
Dongshan Airport,Hailar,China,HLD,49.2050018311,119.824996948
Tianjin Binhai International Airport,Tianjin,China,TSN,39.1244010925,117.346000671
Taiyuan Wusu Airport,Taiyuan,China,TYN,37.74689865112305,112.62799835205078
Guangzhou Baiyun International Airport,Guangzhou,China,CAN,23.39240074157715,113.29900360107422
Changsha Huanghua International Airport,Changcha,China,CSX,28.1891994476,113.220001221
Guilin Liangjiang International Airport,Guilin,China,KWL,25.21809959411621,110.03900146484376
Nanning Wuxu Airport,Nanning,China,NNG,22.608299255371094,108.1719970703125
Shenzhen Bao'an International Airport,Shenzhen,China,SZX,22.639299392700195,113.81099700927734
Zhengzhou Xinzheng International Airport,Zhengzhou,China,CGO,34.519699096699995,113.841003418
Wuhan Tianhe International Airport,Wuhan,China,WUH,30.7838,114.208
Pyongyang Sunan International Airport,Pyongyang,North Korea,FNJ,39.224098,125.669998
Lanzhou Zhongchuan Airport,Lanzhou,China,LHW,36.5152015686,103.620002747
Xi'an Xianyang International Airport,Xi'an,China,XIY,34.447102,108.751999
Chinggis Khaan International Airport,Ulan Bator,Mongolia,ULN,47.843102,106.766998
Xishuangbanna Gasa Airport,Jinghonggasa,China,JHG,21.973899841308597,100.76000213623048
Kunming Changshui International Airport,Kunming,China,KMG,25.1019444,102.9291667
Xiamen Gaoqi International Airport,Xiamen,China,XMN,24.54400062561035,118.12799835205078
Nanchang Changbei International Airport,Nanchang,China,KHN,28.864999771118164,115.9000015258789
Fuzhou Changle International Airport,Fuzhou,China,FOC,25.93510055541992,119.66300201416016
Hangzhou Xiaoshan International Airport,Hangzhou,China,HGH,30.22949981689453,120.43399810791016
Ningbo Lishe International Airport,Ninbo,China,NGB,29.82670021057129,121.46199798583984
Nanjing Lukou Airport,Nanjing,China,NKG,31.742000579833984,118.86199951171876
Hefei Luogang International Airport,Hefei,China,HFE,31.780000686645508,117.2979965209961
Liuting Airport,Qingdao,China,TAO,36.2661018372,120.374000549
Shanghai Hongqiao International Airport,Shanghai,China,SHA,31.197900772094727,121.33599853515624
Yantai Laishan Airport,Yantai,China,YNT,37.40169906616211,121.37200164794922
Chongqing Jiangbei International Airport,Chongqing,China,CKG,29.719200134277344,106.64199829101562
Longdongbao Airport,Guiyang,China,KWE,26.53849983215332,106.8010025024414
Chengdu Shuangliu International Airport,Chengdu,China,CTU,30.578500747680664,103.9469985961914
Xichang Qingshan Airport,Xichang,China,XIC,27.98909950256348,102.18399810791016
Kashgar Airport,Kashi,China,KHG,39.5429000854,76.0199966431
Hotan Airport,Hotan,China,HTN,37.03850173950195,79.86489868164062
Ürümqi Diwopu International Airport,Urumqi,China,URC,43.90710067749024,87.47419738769531
Taiping Airport,Harbin,China,HRB,45.6234016418457,126.25
Mudanjiang Hailang International Airport,Mudanjiang,China,MDG,44.5241012573,129.569000244
Zhoushuizi Airport,Dalian,China,DLC,38.9656982421875,121.53900146484376
Shanghai Pudong International Airport,Shanghai,China,PVG,31.143400192260746,121.80500030517578
Pulau Tioman Airport,Tioman,Malaysia,TOD,2.818180084228516,104.16000366210938
Sultan Abdul Aziz Shah International Airport,Kuala Lumpur,Malaysia,SZB,3.130579948425293,101.54900360107422
Noto Airport,Wajima,Japan,NTQ,37.2930984497,136.962005615
Borg El Arab International Airport,Alexandria,Egypt,HBE,30.917699813842773,29.696399688720703
Barter Island LRRS Airport,Barter Island,United States,BTI,70.1340026855,-143.582000732
Cape Lisburne LRRS Airport,Cape Lisburne,United States,LUR,68.87509918,-166.1100006
Point Lay LRRS Airport,Point Lay,United States,PIZ,69.73290253,-163.0050049
Hilo International Airport,Hilo,United States,ITO,19.721399307250977,-155.04800415039062
Orlando Executive Airport,Orlando,United States,ORL,28.5455,-81.332901
Bettles Airport,Bettles,United States,BTT,66.91390228,-151.529007
Indian Mountain LRRS Airport,Indian Mountains,United States,UTO,65.99279785,-153.7039948
Fort Yukon Airport,Fort Yukon,United States,FYU,66.57150268554688,-145.25
Sparrevohn LRRS Airport,Sparrevohn,United States,SVW,61.09740067,-155.5740051
Bryant Army Heliport,Fort Richardson,United States,FRN,61.26639938,-149.6529999
Tatalina LRRS Airport,Tatalina,United States,TLJ,62.8944015503,-155.977005005
Cape Romanzof LRRS Airport,Cape Romanzof,United States,CZF,61.78030014,-166.0390015
Laurence G Hanscom Field,Bedford,United States,BED,42.47000122,-71.28900146
St Paul Island Airport,St. Paul Island,United States,SNP,57.16730117797852,-170.22000122070312
Cape Newenham LRRS Airport,Cape Newenham,United States,EHM,58.6464004517,-162.06300354
St George Airport,Point Barrow,United States,STG,56.5783004761,-169.662002563
Iliamna Airport,Iliamna,United States,ILI,59.75439835,-154.9109955
Platinum Airport,Port Moller,United States,PTU,59.01139831542969,-161.82000732421875
Big Mountain Airport,Big Mountain,United States,BMX,59.3611984253,-155.259002686
Oscoda Wurtsmith Airport,Oscoda,United States,OSC,44.451599,-83.394096
Marina Municipal Airport,Fort Ord,United States,OAR,36.68190002,-121.762001
Sacramento Mather Airport,Sacramento,United States,MHR,38.55390167,-121.2979965
Bicycle Lake Army Air Field,Fort Irwin,United States,BYS,35.2804985046,-116.629997253
Fort Smith Regional Airport,Fort Smith,United States,FSM,35.33660125732422,-94.36740112304688
Merrill Field,Anchorage,United States,MRI,61.2135009765625,-149.843994140625
Grants-Milan Municipal Airport,Grants,United States,GNT,35.167301178,-107.902000427
Ponca City Regional Airport,Ponca City,United States,PNC,36.73199844,-97.09980011
Hunter Army Air Field,Hunter Aaf,United States,SVN,32.00999832,-81.14569855
Grand Forks International Airport,Grand Forks,United States,GFK,47.949299,-97.176102
"Pine Bluff Regional Airport, Grider Field",Pine Bluff,United States,PBF,34.1731,-91.9356
Whiting Field Naval Air Station - North,Milton,United States,NSE,30.7241993,-87.02189636
Hana Airport,Hana,United States,HNM,20.79560089111328,-156.01400756835938
Ernest A. Love Field,Prescott,United States,PRC,34.65449905,-112.4199982
Trenton Mercer Airport,Trenton,United States,TTN,40.27669906616211,-74.8134994506836
General Edward Lawrence Logan International Airport,Boston,United States,BOS,42.36429977,-71.00520325
Travis Air Force Base,Fairfield,United States,SUU,38.262699127197,-121.92700195312
Griffiss International Airport,Rome,United States,RME,43.23379898,-75.40699768
Wendover Airport,Wendover,United States,ENV,40.7187004089,-114.03099823
Mobile Downtown Airport,Mobile,United States,BFM,30.626800537100003,-88.06809997559999
Metropolitan Oakland International Airport,Oakland,United States,OAK,37.721298,-122.221001
Eppley Airfield,Omaha,United States,OMA,41.3032,-95.894096
Kahului Airport,Kahului,United States,OGG,20.8986,-156.429993
Wichita Eisenhower National Airport,Wichita,United States,ICT,37.649899,-97.433098
Kansas City International Airport,Kansas City,United States,MCI,39.2976,-94.713898
Dane County Regional Truax Field,Madison,United States,MSN,43.13990020751953,-89.3375015258789
Dillingham Airport,Dillingham,United States,DLG,59.04470062,-158.5050049
Boone County Airport,Harrison,United States,HRO,36.26150131225586,-93.15470123291016
Phoenix Sky Harbor International Airport,Phoenix,United States,PHX,33.43429946899414,-112.01200103759766
Bangor International Airport,Bangor,United States,BGR,44.80739974975586,-68.8281021118164
Fort Lauderdale Executive Airport,Fort Lauderdale,United States,FXE,26.1972999573,-80.1707000732
East Texas Regional Airport,Longview,United States,GGG,32.38399887084961,-94.71150207519533
Anderson Regional Airport,Andersen,United States,AND,34.4945983887,-82.70939636230001
Spokane International Airport,Spokane,United States,GEG,47.61989974975586,-117.53399658203124
North Perry Airport,Hollywood,United States,HWO,26.0012,-80.2407
San Francisco International Airport,San Francisco,United States,SFO,37.61899948120117,-122.375
Cut Bank International Airport,Cutbank,United States,CTB,48.6083984375,-112.375999451
Acadiana Regional Airport,Louisiana,United States,ARA,30.0378,-91.883904
Gainesville Regional Airport,Gainesville,United States,GNV,29.6900997162,-82.2717971802
Memphis International Airport,Memphis,United States,MEM,35.04240036010742,-89.97669982910156
Bisbee Douglas International Airport,Douglas,United States,DUG,31.4689998627,-109.603996277
Allen Army Airfield,Delta Junction,United States,BIG,63.9944992065,-145.722000122
TSTC Waco Airport,Waco,United States,CNW,31.6378002167,-97.0740966797
Annette Island Airport,Annette Island,United States,ANN,55.04240036010742,-131.57200622558594
Caribou Municipal Airport,Caribou,United States,CAR,46.8714981079,-68.0178985596
Little Rock Air Force Base,Jacksonville,United States,LRF,34.916900634799994,-92.14969635010002
Redstone Army Air Field,Redstone,United States,HUA,34.67869949,-86.68479919
Pope Field,Fort Bragg,United States,POB,35.1708984375,-79.014503479004
Dalhart Municipal Airport,Dalhart,United States,DHT,36.0225982666,-102.54699707
DLF Airport,Del Rio,United States,DLF,29.359501,-100.778002
Los Angeles International Airport,Los Angeles,United States,LAX,33.94250107,-118.4079971
Anniston Regional Airport,Anniston,United States,ANB,33.5882,-85.8581
Cleveland Hopkins International Airport,Cleveland,United States,CLE,41.4117012024,-81.8498001099
Dover Air Force Base,Dover,United States,DOV,39.12950134,-75.46600342
Cincinnati Northern Kentucky International Airport,Cincinnati,United States,CVG,39.0488014221,-84.6678009033
Tipton Airport,Fort Meade,United States,FME,39.08539962769999,-76.7593994141
Huron Regional Airport,Huron,United States,HON,44.38520050048828,-98.22850036621094
Juneau International Airport,Juneau,United States,JNU,58.35499954223633,-134.5760040283203
Lafayette Regional Airport,Lafayette,United States,LFT,30.20529938,-91.98760223
Newark Liberty International Airport,Newark,United States,EWR,40.692501068115234,-74.168701171875
Boise Air Terminal/Gowen Field,Boise,United States,BOI,43.5644,-116.223
Creech Air Force Base,Indian Springs,United States,INS,36.5872001648,-115.672996521
Garden City Regional Airport,Garden City,United States,GCK,37.9275016785,-100.723999023
Minot International Airport,Minot,United States,MOT,48.2593994140625,-101.27999877929688
Wheeler Army Airfield,Wahiawa,United States,HHI,21.48349953,-158.0399933
Maxwell Air Force Base,Montgomery,United States,MXF,32.3829,-86.365799
Dallas Love Field,Dallas,United States,DAL,32.847099,-96.851799
Butts AAF (Fort Carson) Air Field,Fort Carson,United States,FCS,38.67839813,-104.7570038
Helena Regional Airport,Helena,United States,HLN,46.6068000793457,-111.98300170898438
Miramar Marine Corps Air Station - Mitscher Field,Miramar,United States,NKX,32.86840057,-117.1429977
Luke Air Force Base,Phoenix,United States,LUF,33.534999847399995,-112.383003235
Jack Northrop Field Hawthorne Municipal Airport,Hawthorne,United States,HHR,33.922798,-118.334999
Houlton International Airport,Houlton,United States,HUL,46.1231002808,-67.792098999
Vance Air Force Base,Enid,United States,END,36.3391990662,-97.9164962769
Point Mugu Naval Air Station (Naval Base Ventura Co),Point Mugu,United States,NTD,34.120300293,-119.121002197
Edwards Air Force Base,Edwards Afb,United States,EDW,34.905399,-117.884003
Lake Charles Regional Airport,Lake Charles,United States,LCH,30.126100540161133,-93.22329711914062
Ellison Onizuka Kona International At Keahole Airport,Kona,United States,KOA,19.738783,-156.045603
Myrtle Beach International Airport,Myrtle Beach,United States,MYR,33.6796989441,-78.9282989502
Lemoore Naval Air Station (Reeves Field) Airport,Lemoore,United States,NLC,36.33300018,-119.9520035
Nantucket Memorial Airport,Nantucket,United States,ACK,41.25310135,-70.06020355
Felker Army Air Field,Fort Eustis,United States,FAF,37.1324996948,-76.60880279540001
Campbell AAF (Fort Campbell) Air Field,Hopkinsville,United States,HOP,36.668598175,-87.49620056150002
Ronald Reagan Washington National Airport,Washington,United States,DCA,38.8521,-77.037697
Patuxent River Naval Air Station (Trapnell Field),Patuxent River,United States,NHK,38.285999,-76.411797
Palacios Municipal Airport,Palacios,United States,PSX,28.727500915527,-96.250999450684
Arkansas International Airport,Blytheville,United States,BYH,35.9642982483,-89.94400024410001
Atlantic City International Airport,Atlantic City,United States,ACY,39.45759963989258,-74.57720184326172
Tinker Air Force Base,Oklahoma City,United States,TIK,35.414699554443,-97.386596679688
Elizabeth City Regional Airport & Coast Guard Air Station,Elizabeth City,United States,ECG,36.26060104,-76.17459869
Pueblo Memorial Airport,Pueblo,United States,PUB,38.289100646972656,-104.49700164794922
Northern Maine Regional Airport at Presque Isle,Presque Isle,United States,PQI,46.68899918,-68.0447998
Gray Army Air Field,Fort Lewis,United States,GRF,47.07920074,-122.5810013
Kodiak Airport,Kodiak,United States,ADQ,57.75,-152.4940033
Upolu Airport,Opolu,United States,UPP,20.265300750732425,-155.86000061035156
Fort Lauderdale Hollywood International Airport,Fort Lauderdale,United States,FLL,26.072599,-80.152702
Falls International Airport,International Falls,United States,INL,48.566200256347656,-93.4030990600586
Salt Lake City International Airport,Salt Lake City,United States,SLC,40.78839874267578,-111.97799682617188
Childress Municipal Airport,Childress,United States,CDS,34.4337997437,-100.288002014
Keesler Air Force Base,Biloxi,United States,BIX,30.4104003906,-88.92440032959999
Lawson Army Air Field (Fort Benning),Fort Benning,United States,LSF,32.337299346900004,-84.9913024902
Kingsville Naval Air Station,Kingsville,United States,NQI,27.5072002411,-97.8097000122
Marshall Army Air Field,Fort Riley,United States,FRI,39.05530167,-96.76450348
Harrisburg International Airport,Harrisburg,United States,MDT,40.1935005188,-76.7633972168
Lincoln Airport,Lincoln,United States,LNK,40.85100173950195,-96.75920104980467
Capital City Airport,Lansing,United States,LAN,42.77870178222656,-84.58740234375
Waimea Kohala Airport,Kamuela,United States,MUE,20.001300811767575,-155.66799926757812
Massena International Richards Field,Massena,United States,MSS,44.93579864501953,-74.84559631347656
Hickory Regional Airport,Hickory,United States,HKY,35.74110031,-81.38950348
Albert Whitted Airport,St. Petersburg,United States,SPG,27.7651,-82.626999
Page Field,Fort Myers,United States,FMY,26.58659935,-81.86329650879999
George Bush Intercontinental Houston Airport,Houston,United States,IAH,29.984399795532227,-95.34140014648438
Joint Base Andrews,Camp Springs,United States,ADW,38.810799,-76.866997
Smith Reynolds Airport,Winston-salem,United States,INT,36.13370132446289,-80.22200012207031
Southern California Logistics Airport,Victorville,United States,VCV,34.597499847399995,-117.383003235
Bob Sikes Airport,Crestview,United States,CEW,30.778799057,-86.522102356
St Clair County International Airport,Port Huron,United States,PHN,42.9109993,-82.52890015
Meadows Field,Bakersfield,United States,BFL,35.43360138,-119.0569992
El Paso International Airport,El Paso,United States,ELP,31.80719948,-106.3779984
Valley International Airport,Harlingen,United States,HRL,26.228500366210938,-97.65440368652344
Columbia Metropolitan Airport,Columbia,United States,CAE,33.93880081176758,-81.11949920654297
Davis Monthan Air Force Base,Tucson,United States,DMA,32.1665000916,-110.883003235
Pensacola Naval Air Station/Forrest Sherman Field,Pensacola,United States,NPA,30.35269928,-87.31860352
Pensacola Regional Airport,Pensacola,United States,PNS,30.473400115967,-87.186599731445
Grand Forks Air Force Base,Red River,United States,RDR,47.961101532,-97.4011993408
William P Hobby Airport,Houston,United States,HOU,29.64539909,-95.27890015
Buckley Air Force Base,Buckley,United States,BFK,39.7016983032,-104.751998901
Northway Airport,Northway,United States,ORT,62.9612999,-141.9290009
"Warren ""Bud"" Woods Palmer Municipal Airport",Palmer,United States,PAQ,61.594898,-149.08901
Pittsburgh International Airport,Pittsburgh,United States,PIT,40.49150085,-80.23290253
Wiley Post Will Rogers Memorial Airport,Barrow,United States,BRW,71.285402,-156.766008
Ellington Airport,Houston,United States,EFD,29.6072998047,-95.1587982178
Whidbey Island Naval Air Station (Ault Field),Whidbey Island,United States,NUW,48.351799,-122.655998
Alice International Airport,Alice,United States,ALI,27.7409000397,-98.02690124510002
Moody Air Force Base,Valdosta,United States,VAD,30.9678001404,-83.1930007935
Miami International Airport,Miami,United States,MIA,25.79319953918457,-80.29060363769531
Seattle Tacoma International Airport,Seattle,United States,SEA,47.449001,-122.308998
Lovell Field,Chattanooga,United States,CHA,35.035301208496094,-85.20379638671875
Igor I Sikorsky Memorial Airport,Stratford,United States,BDR,41.16350173950195,-73.1261978149414
Jackson-Medgar Wiley Evers International Airport,Jackson,United States,JAN,32.3111991882,-90.0758972168
Scholes International At Galveston Airport,Galveston,United States,GLS,29.265300750732425,-94.8603973388672
Long Beach /Daugherty Field/ Airport,Long Beach,United States,LGB,33.81769943,-118.1520004
Dillingham Airfield,Dillingham,United States,HDH,21.5795001984,-158.197006226
Williamsport Regional Airport,Williamsport,United States,IPT,41.241798400878906,-76.92109680175781
Indianapolis International Airport,Indianapolis,United States,IND,39.7173,-86.294403
Whiteman Air Force Base,Knobnoster,United States,SZL,38.73030090332,-93.547897338867
Akron Fulton International Airport,Akron,United States,AKC,41.0374984741,-81.4669036865
Greenwood–Leflore Airport,Greenwood,United States,GWO,33.4943008423,-90.0847015381
Westchester County Airport,White Plains,United States,HPN,41.06700134277344,-73.70760345458984
Francis S Gabreski Airport,West Hampton Beach,United States,FOK,40.8437004089,-72.6317977905
Jonesboro Municipal Airport,Jonesboro,United States,JBR,35.83169937133789,-90.64640045166016
Tonopah Test Range Airport,Tonopah,United States,XSD,37.7988014221,-116.78099823
Palm Beach County Park Airport,West Palm Beach,United States,LNA,26.59300041,-80.08509827
North Island Naval Air Station-Halsey Field,San Diego,United States,NZY,32.69919968,-117.2149963
Biggs Army Air Field (Fort Bliss),El Paso,United States,BIF,31.84950066,-106.3799973
Yuma MCAS/Yuma International Airport,Yuma,United States,YUM,32.65660095,-114.6060028
Cavern City Air Terminal,Carlsbad,United States,CNM,32.337501525878906,-104.26300048828124
Duluth International Airport,Duluth,United States,DLH,46.8420982361,-92.1936035156
Bethel Airport,Bethel,United States,BET,60.77980042,-161.8379974
Bowman Field,Louisville,United States,LOU,38.2280006409,-85.6636962891
Sierra Vista Municipal Libby Army Air Field,Fort Huachuca,United States,FHU,31.588499069213867,-110.34400177001952
Lihue Airport,Lihue,United States,LIH,21.97599983215332,-159.33900451660156
"Terre Haute Regional Airport, Hulman Field",Terre Haute,United States,HUF,39.4515,-87.307602
Havre City County Airport,Havre,United States,HVR,48.54299927,-109.762001
Grant County International Airport,Grant County Airport,United States,MWH,47.20769882,-119.3199997
Edward F Knapp State Airport,Montpelier,United States,MPV,44.20349884,-72.56230164
Richmond International Airport,Richmond,United States,RIC,37.50519943237305,-77.3197021484375
Shreveport Regional Airport,Shreveport,United States,SHV,32.446602,-93.8256
Merle K (Mudhole) Smith Airport,Cordova,United States,CDV,60.4917984,-145.4779968
Norfolk International Airport,Norfolk,United States,ORF,36.89459991455078,-76.20120239257812
Southeast Texas Regional Airport,Beaumont,United States,BPT,29.9507999420166,-94.02069854736328
Savannah Hilton Head International Airport,Savannah,United States,SAV,32.12760162,-81.20210266
Hill Air Force Base,Ogden,United States,HIF,41.12403,-111.973086
Nome Airport,Nome,United States,OME,64.51219940185547,-165.44500732421875
St Petersburg Clearwater International Airport,St. Petersburg,United States,PIE,27.91020012,-82.68740082
Menominee Regional Airport,Macon,United States,MNM,45.126701,-87.638397
Conroe-North Houston Regional Airport,Conroe,United States,CXO,30.351801,-95.414497
Deadhorse Airport,Deadhorse,United States,SCC,70.19470215,-148.4649963
San Antonio International Airport,San Antonio,United States,SAT,29.533700942993164,-98.46980285644533
Greater Rochester International Airport,Rochester,United States,ROC,43.118900299072266,-77.67240142822266
Patrick Air Force Base,Coco Beach,United States,COF,28.2348995209,-80.6100997925
Teterboro Airport,Teterboro,United States,TEB,40.85010147089999,-74.060798645
Ellsworth Air Force Base,Rapid City,United States,RCA,44.14500046,-103.1039963
Raleigh Durham International Airport,Raleigh-durham,United States,RDU,35.87760162353516,-78.7874984741211
James M Cox Dayton International Airport,Dayton,United States,DAY,39.90240097045898,-84.21939849853516
Kenai Municipal Airport,Kenai,United States,ENA,60.57310104370117,-151.2449951171875
Mc Alester Regional Airport,Mcalester,United States,MLC,34.882401,-95.783501
Niagara Falls International Airport,Niagara Falls,United States,IAG,43.1072998046875,-78.94619750976562
Coulter Field,Bryan,United States,CFD,30.7157001495,-96.3313980103
Wright AAF (Fort Stewart)/Midcoast Regional Airport,Wright,United States,LIY,31.889099,-81.562303
Newport News Williamsburg International Airport,Newport News,United States,PHF,37.13190079,-76.49299622
Esler Regional Airport,Alexandria,United States,ESF,31.3948993683,-92.2957992554
Altus Air Force Base,Altus,United States,LTS,34.667098999,-99.2667007446
Tucson International Airport,Tucson,United States,TUS,32.1161003112793,-110.94100189208984
Minot Air Force Base,Minot,United States,MIB,48.4156,-101.358002
Beale Air Force Base,Marysville,United States,BAB,39.136100769,-121.43699646
Greater Kankakee Airport,Kankakee,United States,IKK,41.07139968869999,-87.8462982178
Seymour Johnson Air Force Base,Goldsboro,United States,GSB,35.33940125,-77.96060181
Theodore Francis Green State Airport,Providence,United States,PVD,41.732601,-71.420403
Salisbury Ocean City Wicomico Regional Airport,Salisbury,United States,SBY,38.34049987792969,-75.51029968261719
Bob Hope Airport,Burbank,United States,BUR,34.20069885253906,-118.35900115966795
Detroit Metropolitan Wayne County Airport,Detroit,United States,DTW,42.212398529052734,-83.35340118408203
Tampa International Airport,Tampa,United States,TPA,27.975500106811523,-82.533203125
Pembina Municipal Airport,Pembina,United States,PMB,48.9425010681,-97.2407989502
Polk Army Air Field,Fort Polk,United States,POE,31.0447998,-93.1917038
Eielson Air Force Base,Fairbanks,United States,EIL,64.66570282,-147.102005
Range Regional Airport,Hibbing,United States,HIB,47.38660049,-92.83899689
Angelina County Airport,Lufkin,United States,LFK,31.2339992523,-94.75
Midland International Airport,Midland,United States,MAF,31.9424991607666,-102.2020034790039
Austin Straubel International Airport,Green Bay,United States,GRB,44.48509979248047,-88.12960052490234
Ardmore Municipal Airport,Ardmore,United States,ADM,34.30301,-97.0196342
Mc Guire Air Force Base,Wrightstown,United States,WRI,40.0155983,-74.59169769
Augusta Regional At Bush Field,Bush Field,United States,AGS,33.36989974975586,-81.9645004272461
Sloulin Field International Airport,Williston,United States,ISN,48.177898407,-103.641998291
Bill & Hillary Clinton National Airport/Adams Field,Little Rock,United States,LIT,34.729400634799994,-92.2242965698
Stewart International Airport,Newburgh,United States,SWF,41.50410079956055,-74.10479736328125
Baudette International Airport,Baudette,United States,BDE,48.7284011841,-94.612197876
Sacramento Executive Airport,Sacramento,United States,SAC,38.5125007629,-121.492996216
Homer Airport,Homer,United States,HOM,59.645599365234375,-151.4770050048828
Waynesville-St. Robert Regional Forney field,Fort Leonardwood,United States,TBN,37.74160004,-92.14070129
Dobbins Air Reserve Base,Marietta,United States,MGE,33.91540146,-84.51629639
Fairchild Air Force Base,Spokane,United States,SKA,47.6151008606,-117.65599823
Roscommon County - Blodgett Memorial Airport,Houghton Lake,United States,HTL,44.359798,-84.671095
Tyndall Air Force Base,Panama City,United States,PAM,30.0695991516,-85.57540130619999
Dallas Fort Worth International Airport,Dallas-Fort Worth,United States,DFW,32.896801,-97.038002
Melbourne International Airport,Melbourne,United States,MLB,28.10280036926269,-80.64530181884766
McChord Air Force Base,Tacoma,United States,TCM,47.1376991272,-122.475997925
Austin Bergstrom International Airport,Austin,United States,AUS,30.194499969482425,-97.6698989868164
Rickenbacker International Airport,Columbus,United States,LCK,39.813801,-82.927803
Sawyer International Airport,Gwinn,United States,MQT,46.3535995483,-87.395401001
McGhee Tyson Airport,Knoxville,United States,TYS,35.81100082,-83.9940033
Hood Army Air Field,Fort Hood,United States,HLR,31.1387004852,-97.7145004272
St Louis Lambert International Airport,St. Louis,United States,STL,38.748697,-90.370003
Millville Municipal Airport,Millville,United States,MIV,39.367802,-75.072197
Sheppard Air Force Base-Wichita Falls Municipal Airport,Wichita Falls,United States,SPS,33.9888,-98.491898
Cincinnati Municipal Airport Lunken Field,Cincinnati,United States,LUK,39.10329819,-84.41860199
Hartsfield Jackson Atlanta International Airport,Atlanta,United States,ATL,33.6367,-84.428101
Castle Airport,Merced,United States,MER,37.38050079,-120.5680008
Mc Clellan Airfield,Sacramento,United States,MCC,38.66759872,-121.401001
Gerald R. Ford International Airport,Grand Rapids,United States,GRR,42.88079834,-85.52279663
Winkler County Airport,Wink,United States,INK,31.7796001434,-103.200996399
Fresno Yosemite International Airport,Fresno,United States,FAT,36.77619934082031,-119.71800231933594
Vero Beach Regional Airport,Vero Beach,United States,VRB,27.6556,-80.417901
Imperial County Airport,Imperial,United States,IPL,32.834201812699995,-115.57900238
Nashville International Airport,Nashville,United States,BNA,36.1245002746582,-86.6781997680664
Laredo International Airport,Laredo,United States,LRD,27.543800354003903,-99.46160125732422
Elmendorf Air Force Base,Anchorage,United States,EDF,61.2509994506836,-149.8070068359375
Ralph Wien Memorial Airport,Kotzebue,United States,OTZ,66.88469696,-162.598999
Altoona Blair County Airport,Altoona,United States,AOO,40.29639816,-78.31999969
Dyess Air Force Base,Abilene,United States,DYS,32.4207992554,-99.854598999
South Arkansas Regional At Goodwin Field,El Dorado,United States,ELD,33.22100067138672,-92.81330108642578
La Guardia Airport,New York,United States,LGA,40.77719879,-73.87259674
Tallahassee Regional Airport,Tallahassee,United States,TLH,30.396499633789062,-84.35030364990234
Dupage Airport,West Chicago,United States,DPA,41.90779877,-88.24859619
Waco Regional Airport,Waco,United States,ACT,31.611299514770508,-97.23049926757812
Augusta State Airport,Augusta,United States,AUG,44.3205986023,-69.7973022461
Jacksonville Naval Air Station (Towers Field),Jacksonville,United States,NIP,30.2358,-81.680603
McKellar-Sipes Regional Airport,Jackson,United States,MKL,35.599899,-88.915604
Molokai Airport,Molokai,United States,MKK,21.15290069580078,-157.0959930419922
Godman Army Air Field,Fort Knox,United States,FTK,37.9071006775,-85.9720993042
San Angelo Regional Mathis Field,San Angelo,United States,SJT,31.35770034790039,-100.49600219726562
Calexico International Airport,Calexico,United States,CXL,32.6694984436,-115.513000488
Chico Municipal Airport,Chico,United States,CIC,39.79539871,-121.8580017
Burlington International Airport,Burlington,United States,BTV,44.4719009399,-73.15329742429999
Jacksonville International Airport,Jacksonville,United States,JAX,30.49410057067871,-81.68789672851562
Durango La Plata County Airport,Durango,United States,DRO,37.1515007019,-107.753997803
Washington Dulles International Airport,Washington,United States,IAD,38.94449997,-77.45580292
Easterwood Field,College Station,United States,CLL,30.58860016,-96.36380005
Felts Field,Spokane,United States,SFF,47.682800292969,-117.32299804688
General Mitchell International Airport,Milwaukee,United States,MKE,42.94720077514648,-87.89659881591797
Abilene Regional Airport,Abilene,United States,ABI,32.4113006592,-99.6819000244
Columbia Regional Airport,Columbia,United States,COU,38.81809997558594,-92.21959686279295
Portland International Airport,Portland,United States,PDX,45.58869934,-122.5979996
Dade Collier Training and Transition Airport,Miami,United States,TNT,25.861799240112,-80.897003173828
Palm Beach International Airport,West Palm Beach,United States,PBI,26.68320083618164,-80.09559631347656
Fort Worth Meacham International Airport,Fort Worth,United States,FTW,32.819801,-97.362396
Ogdensburg International Airport,Ogdensburg,United States,OGS,44.6819000244,-75.46549987790002
Cape Cod Coast Guard Air Station,Falmouth,United States,FMH,41.6584014893,-70.5214004517
Boeing Field King County International Airport,Seattle,United States,BFI,47.52999877929688,-122.302001953125
Lackland Air Force Base,San Antonio,United States,SKF,29.38419914,-98.58110046
Daniel K Inouye International Airport,Honolulu,United States,HNL,21.32062,-157.924228
Des Moines International Airport,Des Moines,United States,DSM,41.53400039672852,-93.66310119628906
Coastal Carolina Regional Airport,New Bern,United States,EWN,35.0730018616,-77.04290008539999
San Diego International Airport,San Diego,United States,SAN,32.7336006165,-117.190002441
Monroe Regional Airport,Monroe,United States,MLU,32.51089859008789,-92.0376968383789
Shaw Air Force Base,Sumter,United States,SSC,33.97269821,-80.47059631
Ontario International Airport,Ontario,United States,ONT,34.055999755859375,-117.60099792480467
Majors Airport,Greenvile,United States,GVT,33.0677986145,-96.0652999878
Roswell International Air Center Airport,Roswell,United States,ROW,33.30160140991211,-104.53099822998048
Coleman A. Young Municipal Airport,Detroit,United States,DET,42.40919876,-83.00990295
Brownsville South Padre Island International Airport,Brownsville,United States,BRO,25.90679931640625,-97.4259033203125
Dothan Regional Airport,Dothan,United States,DHN,31.3213005065918,-85.44960021972656
Cape May County Airport,Wildwood,United States,WWD,39.0084991455,-74.9083023071
Fallon Naval Air Station,Fallon,United States,NFL,39.41659927,-118.7009964
Selfridge Air National Guard Base Airport,Mount Clemens,United States,MTC,42.613463,-82.836919
Four Corners Regional Airport,Farmington,United States,FMN,36.7411994934,-108.230003357
Corpus Christi International Airport,Corpus Christi,United States,CRP,27.77039909362793,-97.5011978149414
Syracuse Hancock International Airport,Syracuse,United States,SYR,43.11119842529297,-76.1063003540039
Naval Air Station Key West/Boca Chica Field,Key West,United States,NQX,24.57579994,-81.68890381
Chicago Midway International Airport,Chicago,United States,MDW,41.785999,-87.752403
Norman Y. Mineta San Jose International Airport,San Jose,United States,SJC,37.362598,-121.929001
Lea County Regional Airport,Hobbs,United States,HOB,32.6875,-103.2170029
Northeast Philadelphia Airport,Philadelphia,United States,PNE,40.081902,-75.010597
Denver International Airport,Denver,United States,DEN,39.861698150635,-104.672996521
Philadelphia International Airport,Philadelphia,United States,PHL,39.87189865112305,-75.24109649658203
Sioux Gateway Col. Bud Day Field,Sioux City,United States,SUX,42.40259933,-96.38439941
Middle Georgia Regional Airport,Macon,United States,MCN,32.69279861450195,-83.64920043945312
Truth Or Consequences Municipal Airport,Truth Or Consequences,United States,TCS,33.2369003296,-107.272003174
Palmdale Regional/USAF Plant 42 Airport,Palmdale,United States,PMD,34.62939835,-118.0849991
Randolph Air Force Base,San Antonio,United States,RND,29.52969933,-98.27890015
El Centro NAF Airport (Vraciu Field),El Centro,United States,NJK,32.829201,-115.671996
John Glenn Columbus International Airport,Columbus,United States,CMH,39.998001,-82.891899
Drake Field,Fayetteville,United States,FYV,36.00510025024414,-94.17009735107422
Henry Post Army Air Field (Fort Sill),Fort Sill,United States,FSI,34.64979935,-98.40219879
Wright-Patterson Air Force Base,Dayton,United States,FFO,39.8260993958,-84.0483016968
Edward G. Pitka Sr Airport,Galena,United States,GAL,64.73619843,-156.9369965
Mineral Wells Airport,Mineral Wells,United States,MWL,32.7816009521,-98.0602035522
Mc Connell Air Force Base,Wichita,United States,IAB,37.62189865,-97.26820374
New Orleans NAS JRB/Alvin Callender Field,New Orleans,United States,NBG,29.82530022,-90.03500366
Beaufort County Airport,Beaufort,United States,BFT,32.4122009277,-80.6343994141
Texarkana Regional Webb Field,Texarkana,United States,TXK,33.45370101928711,-93.99099731445312
Plattsburgh International Airport,Plattsburgh,United States,PBG,44.6509017944336,-73.46810150146484
Phillips Army Air Field,Aberdeen,United States,APG,39.466202,-76.1688
Tucumcari Municipal Airport,Tucumcari,United States,TCC,35.182800293,-103.602996826
Ted Stevens Anchorage International Airport,Anchorage,United States,ANC,61.17440032958984,-149.99600219726562
Robert Gray  Army Air Field Airport,Killeen,United States,GRK,31.067199707,-97.8289031982
Bellingham International Airport,Bellingham,United States,BLI,48.79280090332031,-122.53800201416016
Millington-Memphis Airport,Millington,United States,NQA,35.356701,-89.8703
Elkins-Randolph Co-Jennings Randolph Field,Elkins,United States,EKN,38.88940048,-79.85710144
Hartford Brainard Airport,Hartford,United States,HFD,41.736698150635,-72.649398803711
North Central State Airport,Smithfield,United States,SFZ,41.9207992554,-71.49140167239999
Mobile Regional Airport,Mobile,United States,MOB,30.691200256348,-88.242797851562
Moffett Federal Airfield,Mountain View,United States,NUQ,37.4161,-122.049004
Santa Fe Municipal Airport,Santa Fe,United States,SAF,35.617099762,-106.088996887
Barking Sands Airport,Barking Sands,United States,BKH,22.0228004456,-159.785003662
Beauregard Regional Airport,Deridder,United States,DRI,30.8316993713,-93.3398971558
Bradshaw Army Airfield,Bradshaw Field,United States,BSF,19.760099411,-155.554000854
Nogales International Airport,Nogales,United States,OLS,31.4177,-110.848
Mac Dill Air Force Base,Tampa,United States,MCF,27.84930038,-82.52120209
Scott AFB/Midamerica Airport,Belleville,United States,BLV,38.5452,-89.835197
Opa-locka Executive Airport,Miami,United States,OPF,25.907,-80.278397
Del Rio International Airport,Del Rio,United States,DRT,29.3742008209,-100.927001953
Southwest Florida International Airport,Fort Myers,United States,RSW,26.53619956970215,-81.75520324707031
King Salmon Airport,King Salmon,United States,AKN,58.67679977,-156.6490021
Muir Army Air Field (Fort Indiantown Gap) Airport,Muir,United States,MUI,40.434799,-76.569397
Kapalua Airport,Lahania-kapalua,United States,JHM,20.962900161743164,-156.67300415039062
John F Kennedy International Airport,New York,United States,JFK,40.63980103,-73.77890015
Homestead ARB Airport,Homestead,United States,HST,25.48859978,-80.38359833
Riverside Municipal Airport,Riverside,United States,RAL,33.95190048,-117.4449997
Sherman Army Air Field,Fort Leavenworth,United States,FLV,39.3683013916,-94.9147033691
Wallops Flight Facility Airport,Wallops Island,United States,WAL,37.9402008057,-75.4664001465
Holloman Air Force Base,Alamogordo,United States,HMN,32.8525009155,-106.107002258
Willow Grove Naval Air Station/Joint Reserve Base,Willow Grove,United States,NXX,40.19979858,-75.14820099
Cheyenne Regional Jerry Olson Field,Cheyenne,United States,CYS,41.15570068,-104.8119965
Stockton Metropolitan Airport,Stockton,United States,SCK,37.894199371338,-121.2379989624
Charleston Air Force Base-International Airport,Charleston,United States,CHS,32.89860153,-80.04049683
Reno Tahoe International Airport,Reno,United States,RNO,39.49909973144531,-119.76799774169922
Ketchikan International Airport,Ketchikan,United States,KTN,55.35559845,-131.7140045
Willow Run Airport,Detroit,United States,YIP,42.23789978,-83.53040314
Vandenberg Air Force Base,Lompoc,United States,VBG,34.7373008728,-120.583999634
Birmingham-Shuttlesworth International Airport,Birmingham,United States,BHM,33.56290054,-86.75350189
Lakehurst Maxfield Field Airport,Lakehurst,United States,NEL,40.03329849,-74.353302
Eareckson Air Station,Shemya,United States,SYA,52.71229935,174.1139984
Nellis Air Force Base,Las Vegas,United States,LSV,36.2361984253,-115.033996582
March ARB Airport,Riverside,United States,RIV,33.880699,-117.259003
Modesto City Co-Harry Sham Field,Modesto,United States,MOD,37.62580109,-120.9540024
Sacramento International Airport,Sacramento,United States,SMF,38.69540023803711,-121.59100341796876
Waukegan National Airport,Chicago,United States,UGN,42.422199249268,-87.867897033691
City of Colorado Springs Municipal Airport,Colorado Springs,United States,COS,38.805801,-104.700996
Buffalo Niagara International Airport,Buffalo,United States,BUF,42.94049835,-78.73220062
Griffing Sandusky Airport,Sandusky,United States,SKY,41.4333992004,-82.6522979736
Snohomish County (Paine Field) Airport,Everett,United States,PAE,47.90629959,-122.2819977
Mountain Home Air Force Base,Mountain Home,United States,MUO,43.043598,-115.872002
Cedar City Regional Airport,Cedar City,United States,CDC,37.70100021362305,-113.0989990234375
Bradley International Airport,Windsor Locks,United States,BDL,41.9388999939,-72.68319702149999
Mc Allen Miller International Airport,Mcallen,United States,MFE,26.17580032,-98.23860168
Norfolk Naval Station (Chambers Field),Norfolk,United States,NGU,36.937599,-76.289299
Westover ARB/Metropolitan Airport,Chicopee Falls,United States,CEF,42.19400024,-72.53479767
Lubbock Preston Smith International Airport,Lubbock,United States,LBB,33.663601,-101.822998
Chicago O'Hare International Airport,Chicago,United States,ORD,41.9786,-87.9048
Boca Raton Airport,Boca Raton,United States,BCT,26.3784999847,-80.1076965332
Fairbanks International Airport,Fairbanks,United States,FAI,64.81510162,-147.8560028
Cannon Air Force Base,Clovis,United States,CVS,34.3828010559,-103.321998596
Kaneohe Bay MCAS (Marion E. Carl Field) Airport,Kaneohe Bay,United States,NGF,21.4505004883,-157.768005371
Offutt Air Force Base,Omaha,United States,OFF,41.118301391602,-95.912498474121
Gulkana Airport,Gulkana,United States,GKN,62.1548996,-145.4570007
Watertown International Airport,Watertown,United States,ART,43.99190139770508,-76.02169799804688
Palm Springs International Airport,Palm Springs,United States,PSP,33.8297004699707,-116.50700378417967
Rick Husband Amarillo International Airport,Amarillo,United States,AMA,35.219398,-101.706001
Fort Dodge Regional Airport,Fort Dodge,United States,FOD,42.55149841,-94.19259644
Barksdale Air Force Base,Shreveport,United States,BAD,32.5018005371,-93.6626968384
Topeka Regional Airport - Forbes Field,Topeka,United States,FOE,38.9509010315,-95.6635971069
Cotulla-La Salle County Airport,Cotulla,United States,COT,28.45669937,-99.22029877
Wilmington International Airport,Wilmington,United States,ILM,34.270599365234375,-77.90260314941406
Baton Rouge Metropolitan Airport,Baton Rouge,United States,BTR,30.533199,-91.149597
Tyler Pounds Regional Airport,Tyler,United States,TYR,32.35409927368164,-95.40239715576172
Baltimore/Washington International Thurgood Marshall Airport,Baltimore,United States,BWI,39.1754,-76.668297
Hobart Regional Airport,Hobart,United States,HBR,34.991317,-99.051313
Lanai Airport,Lanai,United States,LNY,20.785600662231445,-156.9510040283203
Alexandria International Airport,Alexandria,United States,AEX,31.32740020751953,-92.54979705810548
Condron Army Air Field,White Sands,United States,WSD,32.34149933,-106.4029999
Cold Bay Airport,Cold Bay,United States,CDB,55.20610046386719,-162.72500610351562
Tulsa International Airport,Tulsa,United States,TUL,36.19839859008789,-95.88809967041016
Sitka Rocky Gutierrez Airport,Sitka,United States,SIT,57.04710006713867,-135.36199951171875
Long Island Mac Arthur Airport,Islip,United States,ISP,40.79520035,-73.10019684
Minneapolis-St Paul International/Wold-Chamberlain Airport,Minneapolis,United States,MSP,44.882,-93.221802
New Castle Airport,Wilmington,United States,ILG,39.67869949,-75.60649872
Unalaska Airport,Unalaska,United States,DUT,53.900100708,-166.544006348
Louis Armstrong New Orleans International Airport,New Orleans,United States,MSY,29.99340057373047,-90.25800323486328
Portland International Jetport Airport,Portland,United States,PWM,43.64619827,-70.30930328
Will Rogers World Airport,Oklahoma City,United States,OKC,35.39310073852539,-97.60070037841795
Albany International Airport,Albany,United States,ALB,42.74829864501953,-73.80169677734375
Valdez Pioneer Field,Valdez,United States,VDZ,61.13389969,-146.2480011
Langley Air Force Base,Hampton,United States,LFI,37.082901001,-76.360496521
John Wayne Airport-Orange County Airport,Santa Ana,United States,SNA,33.67570114,-117.8679962
Columbus Air Force Base,Colombus,United States,CBM,33.6437988281,-88.44380187990001
Kendall-Tamiami Executive Airport,Kendall-tamiami,United States,TMB,25.6478996277,-80.432800293
Oceana Naval Air Station,Oceana,United States,NTU,36.820702,-76.033501
Grissom Air Reserve Base,Peru,United States,GUS,40.6481018066,-86.1520996094
Casper-Natrona County International Airport,Casper,United States,CPR,42.908001,-106.463997
Destin-Ft Walton Beach Airport,Valparaiso,United States,VPS,30.4832,-86.525398
Craig Field,Selma,United States,SEM,32.343898773193,-86.987800598145
Key West International Airport,Key West,United States,EYW,24.556100845336918,-81.75959777832031
Charlotte Douglas International Airport,Charlotte,United States,CLT,35.2140007019043,-80.94309997558594
McCarran International Airport,Las Vegas,United States,LAS,36.08010101,-115.1520004
Orlando International Airport,Orlando,United States,MCO,28.429399490356445,-81.30899810791016
Florence Regional Airport,Florence,United States,FLO,34.18539810180664,-79.7238998413086
Great Falls International Airport,Great Falls,United States,GTF,47.48199844,-111.3710022
Youngstown Warren Regional Airport,Youngstown,United States,YNG,41.26070023,-80.67910004
Ladd AAF Airfield,Fort Wainwright,United States,FBK,64.83750153,-147.6139984
Robins Air Force Base,Macon,United States,WRB,32.6400985718,-83.5919036865
Suvarnabhumi Airport,Bangkok,Thailand,BKK,13.681099891662598,100.74700164794922
Naha Airport,Naha,Indonesia,NAH,3.6832098960876474,125.52799987792967
Andi Jemma Airport,Masamba,Indonesia,MXB,-2.55803,120.323997
Soroako Airport,Soroako,Indonesia,SQR,-2.5311999320983887,121.35800170898438
Pongtiku Airport,Makale,Indonesia,TTR,-3.0447399616241,119.82199859619
Wolter Monginsidi Airport,Kendari,Indonesia,KDI,-4.081610202789307,122.41799926757812
Maimun Saleh Airport,Sabang,Indonesia,SBG,5.87412977219,95.3396987915
Cibeureum Airport,Tasikmalaya,Indonesia,TSY,-7.346600055690001,108.246002197
Abdul Rachman Saleh Airport,Malang,Indonesia,MLG,-7.926559925079999,112.714996338
Husein Sastranegara International Airport,Bandung,Indonesia,BDO,-6.900629997253418,107.57599639892578
Penggung Airport,Cirebon,Indonesia,CBN,-6.756140232090001,108.540000916
Adi Sutjipto International Airport,Yogyakarta,Indonesia,JOG,-7.788179874420166,110.43199920654295
Tunggul Wulung Airport,Cilacap,Indonesia,CXP,-7.645060062410001,109.033996582
Pondok Cabe Air Base,Jakarta,Indonesia,PCB,-6.336959838867188,106.76499938964844
Achmad Yani Airport,Semarang,Indonesia,SRG,-6.97273,110.375
Hang Nadim International Airport,Batam,Indonesia,BTH,1.12102997303,104.119003296
Buluh Tumbang (H A S Hanandjoeddin) Airport,Tanjung Pandan,Indonesia,TJQ,-2.74571990967,107.754997253
Pangkal Pinang (Depati Amir) Airport,Pangkal Pinang,Indonesia,PGK,-2.16219997406,106.138999939
Raja Haji Fisabilillah International Airport,Tanjung Pinang,Indonesia,TNJ,0.922683000565,104.531997681
Dabo Airport,Singkep,Indonesia,SIQ,-0.47918900847435,104.5790023803711
Syamsudin Noor Airport,Banjarmasin,Indonesia,BDJ,-3.4423599243164062,114.76300048828124
Batu Licin Airport,Batu Licin,Indonesia,BTW,-3.4124100208300003,115.995002747
Iskandar Airport,Pangkalan Bun,Indonesia,PKN,-2.70519995689,111.672996521
Tjilik Riwut Airport,Palangkaraya,Indonesia,PKY,-2.22513008118,113.943000793
Maumere(Wai Oti) Airport,Maumere,Indonesia,MOF,-8.64064979553,122.236999512
Ende (H Hasan Aroeboesman) Airport,Ende,Indonesia,ENE,-8.8492898941,121.661003113
Frans Sales Lega Airport,Ruteng,Indonesia,RTG,-8.5970096588135,120.47699737549
El Tari Airport,Kupang,Indonesia,KOE,-10.171600341796877,123.6709976196289
Komodo Airport,Labuhan Bajo,Indonesia,LBJ,-8.48666,119.889
Sultan Aji Muhamad Sulaiman Airport,Balikpapan,Indonesia,BPN,-1.26827001572,116.893997192
Juwata Airport,Taraken,Indonesia,TRK,3.326667,117.569444
Temindung Airport,Samarinda,Indonesia,SRI,-0.484530985355,117.156997681
Tanjung Santan Airport,Tanjung Santan,Indonesia,TSX,-0.0929730013013,117.45300293
Selaparang Airport,Mataram,Indonesia,AMI,-8.560709953309999,116.095001221
Muhammad Salahuddin Airport,Bima,Indonesia,BMU,-8.5396499633789,118.68699645996
Umbu Mehang Kunda Airport,Waingapu,Indonesia,WGP,-9.66922,120.302002
Juanda International Airport,Surabaya,Indonesia,SUB,-7.379829883575439,112.78700256347656
Adi Sumarmo Wiryokusumo Airport,Solo City,Indonesia,SOC,-7.516089916229248,110.75700378417967
Incheon International Airport,Seoul,South Korea,ICN,37.46910095214844,126.45099639892578
Chiang Mai International Airport,Chiang Mai,Thailand,CNX,18.7667999268,98.962600708
Chiang Rai International Airport,Chiang Rai,Thailand,CEI,19.952299118,99.8828964233
Nakhon Si Thammarat Airport,Nakhon Si Thammarat,Thailand,NST,8.539620399475098,99.9447021484375
Nakhon Ratchasima Airport,Nakhon Ratchasima,Thailand,NAK,14.94950008392334,102.31300354003906
Nakhon Phanom Airport,Nakhon Phanom,Thailand,KOP,17.383800506591797,104.64299774169922
Ubon Ratchathani Airport,Ubon Ratchathani,Thailand,UBP,15.2512998581,104.870002747
Khon Kaen Airport,Khon Kaen,Thailand,KKC,16.466600418099997,102.783996582
Sukhothai Airport,Sukhothai,Thailand,THS,17.238000869750977,99.81819915771484
Ngurah Rai (Bali) International Airport,Denpasar,Indonesia,DPS,-8.7481698989868,115.16699981689
Eleftherios Venizelos International Airport,Athens,Greece,ATH,37.9364013672,23.9444999695
Chubu Centrair International Airport,Nagoya,Japan,NGO,34.8583984375,136.80499267578125
Kobe Airport,Kobe,Japan,UKB,34.6328010559082,135.2239990234375
Pullman Moscow Regional Airport,Pullman,United States,PUW,46.7439,-117.110001
Lewiston Nez Perce County Airport,Lewiston,United States,LWS,46.3745002746582,-117.01499938964844
Elmira Corning Regional Airport,Elmira,United States,ELM,42.1599006652832,-76.8916015625
Ithaca Tompkins Regional Airport,Ithaca,United States,ITH,42.49100112915039,-76.4583969116211
Monterey Peninsula Airport,Monterey,United States,MRY,36.58700180053711,-121.84300231933594
Santa Barbara Municipal Airport,Santa Barbara,United States,SBA,34.42620087,-119.8399963
Daytona Beach International Airport,Daytona Beach,United States,DAB,29.179899,-81.058098
Liepāja International Airport,Liepaja,Latvia,LPX,56.51750183105469,21.096900939941406
Riga International Airport,Riga,Latvia,RIX,56.92359924316406,23.971099853515625
Šiauliai International Airport,Siauliai,Lithuania,SQQ,55.89390182495117,23.395000457763672
Barysiai Airport,Barysiai,Lithuania,HLJ,56.07059860229492,23.5580997467041
Kaunas International Airport,Kaunas,Lithuania,KUN,54.96390151977539,24.084800720214844
Palanga International Airport,Palanga,Lithuania,PLQ,55.97320175170898,21.093900680541992
Vilnius International Airport,Vilnius,Lithuania,VNO,54.634102,25.285801
Panevėžys Air Base,Panevezys,Lithuania,PNV,55.729400634765625,24.46080017089844
Zvartnots International Airport,Yerevan,Armenia,EVN,40.1473007202,44.3959007263
Gyumri Shirak Airport,Gyumri,Armenia,LWN,40.7504005432,43.859298706100006
Assab International Airport,Assab,Eritrea,ASA,13.071800231933594,42.64500045776367
Asmara International Airport,Asmara,Eritrea,ASM,15.291899681091309,38.91070175170898
Massawa International Airport,Massawa,Eritrea,MSW,15.670000076293944,39.37009811401367
Yasser Arafat International Airport,Gaza,Palestine,GZA,31.24640083313,34.276100158691
Batumi International Airport,Batumi,Georgia,BUS,41.6102981567,41.5997009277
Kopitnari Airport,Kutaisi,Georgia,KUT,42.176700592,42.4826011658
Tbilisi International Airport,Tbilisi,Georgia,TBS,41.6692008972,44.95470047
Mukalla International Airport,Mukalla,Yemen,RIY,14.662599563598633,49.375
Ta'izz International Airport,Taiz,Yemen,TAI,13.6859998703,44.1390991211
Hodeidah International Airport,Hodeidah,Yemen,HOD,14.753000259399414,42.97629928588867
Aden International Airport,Aden,Yemen,ADE,12.829500198364258,45.02880096435547
Ataq Airport,Ataq,Yemen,AXK,14.551300048828123,46.82619857788086
Al Ghaidah International Airport,Al Ghaidah Intl,Yemen,AAY,16.191699981689453,52.17499923706055
Sana'a International Airport,Sanaa,Yemen,SAH,15.476300239562988,44.21969985961914
Beihan Airport,Beihan,Yemen,BHN,14.781999588012695,45.72010040283203
Socotra International Airport,Socotra,Yemen,SCT,12.63070011138916,53.905799865722656
Memmingen Allgau Airport,Memmingen,Germany,FMM,47.9888000488,10.2395000458
Nevşehir Kapadokya Airport,Nevsehir,Turkey,NAV,38.7719,34.5345
Ministro Pistarini International Airport,Buenos Aires,Argentina,EZE,-34.8222,-58.5358
Erbil International Airport,Erbil,Iraq,EBL,36.23759841918945,43.96319961547852
Emerald Airport,Emerald,Australia,EMD,-23.5674991608,148.179000854
Athen Helenikon Airport,Athens,Greece,HEW,37.893299,23.726101
Kansai International Airport,Osaka,Japan,KIX,34.42729949951172,135.24400329589844
Downtown-Manhattan/Wall St Heliport,New York,United States,JRB,40.70119858,-74.00900269
Tagbilaran Airport,Tagbilaran,Philippines,TAG,9.665442,123.853533
Ilulissat Airport,Ilulissat,Greenland,JAV,69.2432022095,-51.0570983887
Qasigiannguit Heliport,Qasigiannguit,Greenland,JCH,68.822815547,-51.1734473705
Aasiaat Airport,Aasiaat,Greenland,JEG,68.7218017578,-52.7846984863
Palma De Mallorca Airport,Palma de Mallorca,Spain,PMI,39.551700592,2.73881006241
Darwin International Airport,Darwin,Australia,DRW,-12.41469955444336,130.8769989013672
Surat Thani Airport,Surat Thani,Thailand,URT,9.13259983063,99.135597229
Talkeetna Airport,Talkeetna,United States,TKA,62.320499420166,-150.09399414062
Xewkija Heliport,Gozo,Malta,GZM,36.027199,14.2728
Tweed New Haven Airport,New Haven,United States,HVN,41.26369858,-72.88680267
Asheville Regional Airport,Asheville,United States,AVL,35.43619918823242,-82.54180145263672
Piedmont Triad International Airport,Greensboro,United States,GSO,36.097801208496094,-79.93730163574219
Joe Foss Field Airport,Sioux Falls,United States,FSD,43.5820007324,-96.741897583
Ayers Rock Connellan Airport,Uluru,Australia,AYQ,-25.1861,130.975998
Manchester-Boston Regional Airport,Manchester NH,United States,MHT,42.932598,-71.435699
Naples Municipal Airport,Naples,United States,APF,26.1525993347,-81.7752990723
LTS Pulau Redang Airport,Redang,Malaysia,RDN,5.765279769897461,103.00700378417967
Louisville International Standiford Field,Louisville,United States,SDF,38.1744,-85.736
Charlottesville Albemarle Airport,Charlottesville VA,United States,CHO,38.13859939575195,-78.4529037475586
Roanoke–Blacksburg Regional Airport,Roanoke VA,United States,ROA,37.3255,-79.975403
Blue Grass Airport,Lexington KY,United States,LEX,38.0364990234375,-84.60590362548828
Evansville Regional Airport,Evansville,United States,EVV,38.0369987488,-87.5324020386
Albuquerque International Sunport,Albuquerque,United States,ABQ,35.040199,-106.609001
Gallatin Field,Bozeman,United States,BZN,45.77750015,-111.1529999
Billings Logan International Airport,Billings,United States,BIL,45.80770111083984,-108.54299926757812
Bert Mooney Airport,Butte,United States,BTM,45.95479965209961,-112.49700164794922
Cherry Capital Airport,Traverse City,United States,TVC,44.74140167236328,-85.58219909667969
Mundo Maya International Airport,Flores,Guatemala,FRS,16.913799285899998,-89.86640167239999
Hancock County-Bar Harbor Airport,Bar Harbor,United States,BHB,44.45000076,-68.3615036
Knox County Regional Airport,Rockland,United States,RKD,44.06010056,-69.09919739
Jackson Hole Airport,Jacksn Hole,United States,JAC,43.6072998046875,-110.73799896240234
Chicago Rockford International Airport,Rockford,United States,RFD,42.19540023803711,-89.09719848632812
Domodedovo International Airport,Moscow,Russia,DME,55.40879821777344,37.90629959106445
Sanya Phoenix International Airport,Sanya,China,SYX,18.30290031433105,109.41200256347656
Milford Sound Airport,Milford Sound,New Zealand,MFN,-44.673301696777344,167.92300415039062
Lijiang Airport,Lijiang,China,LJG,26.6800003052,100.246002197
Greenville Spartanburg International Airport,Greenville,United States,GSP,34.8956985474,-82.2189025879
Central Illinois Regional Airport at Bloomington-Normal,Bloomington,United States,BMI,40.47710037,-88.91590118
Gulfport Biloxi International Airport,Gulfport,United States,GPT,30.40730094909668,-89.07009887695312
Kalamazoo Battle Creek International Airport,Kalamazoo,United States,AZO,42.234901428222656,-85.5521011352539
Toledo Express Airport,Toledo,United States,TOL,41.58679962,-83.80780029
Fort Wayne International Airport,Fort Wayne,United States,FWA,40.97850037,-85.19509888
Decatur Airport,Decatur,United States,DEC,39.834598541259766,-88.8656997680664
The Eastern Iowa Airport,Cedar Rapids,United States,CID,41.88470077514648,-91.71080017089844
La Crosse Municipal Airport,La Crosse,United States,LSE,43.879002,-91.256699
Central Wisconsin Airport,Wassau,United States,CWA,44.7775993347,-89.6668014526
General Wayne A. Downing Peoria International Airport,Peoria,United States,PIA,40.664199829100006,-89.6932983398
Appleton International Airport,Appleton,United States,ATW,44.2580986023,-88.5190963745
Rochester International Airport,Rochester,United States,RST,43.90829849243164,-92.5
University of Illinois Willard Airport,Champaign,United States,CMI,40.03919983,-88.27809906
Manhattan Regional Airport,Manhattan,United States,MHK,39.14099884033203,-96.6707992553711
Kingscote Airport,Kingscote,Australia,KGC,-35.71390151977539,137.52099609375
Hervey Bay Airport,Hervey Bay,Australia,HVB,-25.3188991547,152.880004883
Dali Airport,Dali,China,DLU,25.649401,100.319
Mulu Airport,Mulu,Malaysia,MZV,4.048329830169678,114.80500030517578
Sharm El Sheikh International Airport,Sharm El Sheikh,Egypt,SSH,27.9773006439,34.3950004578
Venango Regional Airport,Franklin,United States,FKL,41.3778991699,-79.8603973389
Jomo Kenyatta International Airport,Nairobi,Kenya,NBO,-1.31923997402,36.9277992249
Seronera Airport,Seronera,Tanzania,SEU,-2.45806,34.822498
El Calafate Airport,El Calafate,Argentina,FTE,-50.2803,-72.053101
Armidale Airport,Armidale,Australia,ARM,-30.5280990601,151.617004395
Grand Junction Regional Airport,Grand Junction,United States,GJT,39.1223983765,-108.527000427
St George Municipal Airport,Saint George,United States,SGU,37.036389,-113.510306
David Wayne Hooks Memorial Airport,Houston,United States,DWH,30.0618000031,-95.5528030396
Sarasota Bradenton International Airport,Sarasota,United States,SRQ,27.39539909362793,-82.55439758300781
L.F. Wade International International Airport,Bermuda,Bermuda,BDA,32.36399841308594,-64.67870330810547
Van Nuys Airport,Van Nuys,United States,VNY,34.209800720215,-118.48999786377
Quad City International Airport,Moline,United States,MLI,41.44850158691406,-90.50749969482422
Panama City-Bay Co International Airport,Panama City,United States,PFN,30.212099,-85.6828
Honiara International Airport,Honiara,Solomon Islands,HIR,-9.4280004501343,160.05499267578
Faa'a International Airport,Papeete,French Polynesia,PPT,-17.553699,-149.606995
Nauru International Airport,Nauru,Nauru,INU,-0.547458,166.919006
Funafuti International Airport,Funafuti,Tuvalu,FUN,-8.525,179.195999
Tolmachevo Airport,Novosibirsk,Russia,OVB,55.012599945068,82.650703430176
Xieng Khouang Airport,Phon Savan,Laos,XKH,19.450001,103.157997
Bismarck Municipal Airport,Bismarck,United States,BIS,46.77270126342773,-100.74600219726562
Telluride Regional Airport,Telluride,United States,TEX,37.9538002,-107.9079971
Mae Hong Son Airport,Mae Hong Son,Thailand,HGN,19.301300048828125,97.97579956054688
Rapid City Regional Airport,Rapid City,United States,RAP,44.0452995300293,-103.05699920654295
Mc Clellan-Palomar Airport,Carlsbad,United States,CLD,33.12829971,-117.2799988
Bishop International Airport,Flint,United States,FNT,42.96540069580078,-83.74359893798828
Francisco Bangoy International Airport,Davao,Philippines,DVO,7.1255202293396,125.64600372314452
Madeira Airport,Funchal,Portugal,FNC,32.697899,-16.7745
Maestro Wilson Fonseca Airport,Santarem,Brazil,STM,-2.424721956253052,-54.785831451416016
Sihanoukville International Airport,Sihanoukville,Cambodia,KOS,10.57970047,103.637001038
Ekati Airport,Ekati,Canada,YOA,64.6988983154,-110.614997864
Hawke's Bay Airport,NAPIER,New Zealand,NPE,-39.465801,176.869995
Levuka Airfield,Levuka,Fiji,LEV,-17.7110996246,178.759002686
Lhasa Gonggar Airport,Lhasa,China,LXA,29.2978000641,90.9119033813
Redding Municipal Airport,Redding,United States,RDD,40.50899887,-122.2929993
Mahlon Sweet Field,Eugene,United States,EUG,44.12459945678711,-123.21199798583984
Idaho Falls Regional Airport,Idaho Falls,United States,IDA,43.514599,-112.070999
Rogue Valley International Medford Airport,Medford,United States,MFR,42.37419891357422,-122.8730010986328
Kaikoura Airport,Kaikoura,New Zealand,KBZ,-42.42499923706055,173.60499572753906
Roberts Field,Redmond-Bend,United States,RDM,44.2541008,-121.1500015
Picton Aerodrome,Picton,New Zealand,PCN,-41.346099853516,173.95599365234
Hosea Kutako International Airport,Windhoek,Namibia,WDH,-22.4799,17.4709
Victoria Harbour Seaplane Base,Victoria,Canada,YWH,48.4249858939,-123.388867378
Yaoqiang Airport,Jinan,China,TNA,36.857200622558594,117.21600341796876
Changzhou Benniu Airport,Changzhou,China,CZX,31.919701,119.778999
Yibin Caiba Airport,Yibin,China,YBP,28.8005555556,104.545
Roshchino International Airport,Tyumen,Russia,TJM,57.1896018982,65.3243026733
Akron Canton Regional Airport,Akron,United States,CAK,40.91609954833984,-81.44219970703125
Huntsville International Carl T Jones Field,Huntsville,United States,HSV,34.637199401855,-86.775100708008
Mid Ohio Valley Regional Airport,PARKERSBURG,United States,PKB,39.34510040283203,-81.43920135498047
Montgomery Regional (Dannelly Field) Airport,MONTGOMERY,United States,MGM,32.30059814,-86.39399719
Tri-Cities Regional TN/VA Airport,BRISTOL,United States,TRI,36.475201,-82.407401
Barkley Regional Airport,PADUCAH,United States,PAH,37.06079864501953,-88.7738037109375
Djibouti-Ambouli Airport,Djibouti,Djibouti,JIB,11.547300338745115,43.15950012207031
Haikou Meilan International Airport,Haikou,China,HAK,19.93490028381348,110.45899963378906
Mafia Island Airport,Mafia Island,Tanzania,MFA,-7.917478,39.668502
Page Municipal Airport,Page,United States,PGA,36.92610168,-111.447998
Utila Airport,Utila,Honduras,UII,16.1131,-86.880302
Glacier Park International Airport,Kalispell,United States,FCA,48.31050109863281,-114.25599670410156
MBS International Airport,Saginaw,United States,MBS,43.532901763916016,-84.07959747314453
Greater Binghamton/Edwin A Link field,Binghamton,United States,BGM,42.20869827,-75.97979736
Baghdad International Airport,Baghdad,Iraq,BGW,33.262500762900004,44.2346000671
Nan Airport,Nan,Thailand,NNT,18.807899475097656,100.78299713134766
Roi Et Airport,Roi Et,Thailand,ROI,16.11680030822754,103.77400207519533
Buri Ram Airport,Buri Ram,Thailand,BFV,15.229499816894531,103.25299835205078
Trat Airport,Trat,Thailand,TDX,12.274600029,102.319000244
Blythe Airport,Blythe,United States,BLH,33.6192016602,-114.717002869
Al Asad Air Base,Al Asad,Iraq,IQA,33.7855987549,42.4412002563
Al Taqaddum Air Base,Al Taqaddum,Iraq,TQD,33.33810043335,43.597099304199
Joint Base Balad,Al Bakr,Iraq,XQC,33.940200805699995,44.361598968500005
Diosdado Macapagal International Airport,Angeles City,Philippines,CRK,15.186,120.559998
Sandakan Airport,Sandakan,Malaysia,SDK,5.900899887084961,118.05899810791016
Luang Namtha Airport,Luang Namtha,Laos,LXG,20.966999,101.400002
Oudomsay Airport,Muang Xay,Laos,ODY,20.68269920349121,101.99400329589844
Taoxian Airport,Shenyang,China,SHE,41.63980102539063,123.48300170898438
Dongying Shengli Airport,Dongying,China,DOY,37.5085983276,118.788002014
John A. Osborne Airport,Geralds,Montserrat,MNI,16.791400909423828,-62.19329833984375
Petersburg James A Johnson Airport,Petersburg,United States,PSG,56.80170059,-132.9450073
Luoyang Airport,Luoyang,China,LYA,34.741100311299995,112.388000488
Xuzhou Guanyin Airport,Xuzhou,China,XUZ,34.059056,117.555278
Magway Airport,Magwe,Burma,MWQ,20.1656,94.941399
Kanti Airport,Khamti,Burma,KHM,25.988300323486328,95.67440032958984
Lien Khuong Airport,Dalat,Vietnam,DLI,11.75,108.366997
Dong Hoi Airport,Dong Hoi,Vietnam,VDH,17.515,106.590556
Rach Gia Airport,Rach Gia,Vietnam,VKG,9.95802997234,105.132379532
Cà Mau Airport,Ca Mau,Vietnam,CAH,9.177667,105.177778
Chu Lai International Airport,Chu Lai,Vietnam,VCL,15.4033002853,108.706001282
Dong Tac Airport,Tuy Hoa,Vietnam,TBB,13.0495996475,109.333999634
Mae Hong Son Airport,Pai,Thailand,PYY,19.3719997406,98.43699646
Bol Airport,Brac,Croatia,BWK,43.28570175170898,16.67970085144043
Yaoundé Nsimalen International Airport,Yaounde,Cameroon,NSI,3.722559928894043,11.553299903869627
Conakry International Airport,Conakry,Guinea,CKY,9.57689,-13.612
Aachen-Merzbrück Airport,Aachen,Germany,AAH,50.823055267333984,6.186388969421387
Karlsruhe Baden-Baden Airport,Karlsruhe/Baden-Baden,Germany,FKB,48.7793998718,8.08049964905
Orlando Sanford International Airport,Sanford,United States,SFB,28.7775993347168,-81.23750305175781
John Murtha Johnstown Cambria County Airport,Johnstown,United States,JST,40.31610107421875,-78.83390045166016
Lukla Airport,Lukla,Nepal,LUA,27.686899185180664,86.72969818115234
Bhojpur Airport,Bhojpur,Nepal,BHP,27.14739990234375,87.05079650878906
Lamidanda Airport,Lamidanda,Nepal,LDN,27.25309944152832,86.66999816894531
Jomsom Airport,Jomsom,Nepal,JMO,28.780426,83.723
Manang Airport,Manang,Nepal,NGX,28.641399,84.089203
Phaplu Airport,Phaplu,Nepal,PPL,27.517787,86.584454
Rumjatar Airport,Rumjatar,Nepal,RUM,27.30349922180176,86.55039978027344
Tulsipur Airport,Dang,Nepal,DNP,28.111099243164062,82.29419708251953
Rukum Chaurjahari Airport,Rukumkot,Nepal,RUK,28.627001,82.195
Jumla Airport,Jumla,Nepal,JUM,29.2742,82.193298
Taplejung Airport,Taplejung,Nepal,TPJ,27.3509,87.69525
Tumling Tar Airport,Tumling Tar,Nepal,TMI,27.315001,87.193298
Surkhet Airport,Surkhet,Nepal,SKH,28.586,81.636002
Simikot Airport,Simikot,Nepal,IMK,29.971099853515625,81.81890106201172
Dolpa Airport,Dolpa,Nepal,DOP,28.985700607299805,82.81909942626953
Bajhang Airport,Bajhang,Nepal,BJH,29.53899955749512,81.1854019165039
Dhangarhi Airport,Dhangarhi,Nepal,DHI,28.75329971313477,80.58190155029297
Muan International Airport,Muan,South Korea,MWX,34.991406,126.382814
Astypalaia Airport,Astypalaia,Greece,JTY,36.5798988342,26.3757991791
Ikaria Airport,Ikaria,Greece,JIK,37.6827011108,26.3470993042
Kalymnos Airport,Kalymnos,Greece,JKL,36.9632987976,26.9405994415
Milos Airport,Milos,Greece,MLO,36.696899,24.4769
Naxos Airport,Cyclades Islands,Greece,JNX,37.0811004639,25.3680992126
Paros National Airport,Paros,Greece,PAS,37.020495,25.113195
Kastelorizo Airport,Kastelorizo,Greece,KZS,36.1417007446,29.576400756799995
Marsa Alam International Airport,Marsa Alam,Egypt,RMF,25.557100296,34.5836982727
Weeze Airport,Weeze,Germany,NRN,51.6024017334,6.14216995239
Francisco B. Reyes Airport,Busuanga,Philippines,USU,12.1215000153,120.099998474
Bancasi Airport,Butuan,Philippines,BXU,8.9515,125.4788
Dipolog Airport,Dipolog,Philippines,DPL,8.60198349877,123.341875076
Laoag International Airport,Laoag,Philippines,LAO,18.1781005859375,120.53199768066406
Legazpi City International Airport,Legazpi,Philippines,LGP,13.1575,123.735
Labo Airport,Ozamis,Philippines,OZC,8.178509712219238,123.84200286865234
Mactan Cebu International Airport,Cebu,Philippines,CEB,10.307499885559,123.97899627686
Norden-Norddeich Airport,Norden,Germany,NOD,53.6330566406,7.19027805328
Juist Airport,Juist,Germany,JUI,53.68111038208008,7.055832862854004
Porto Seguro Airport,Porto Seguro,Brazil,BPS,-16.438601,-39.080898
Iguatu Airport,Iguatu,Brazil,QIG,-6.346640110015869,-39.29380035400391
Brigadeiro Lysias Rodrigues Airport,Palmas,Brazil,PMW,-10.2915000916,-48.35699844359999
Nelson Ribeiro Guimarães Airport,Caldas Novas,Brazil,CLV,-17.725299835205,-48.607498168945
Missoula International Airport,Missoula,United States,MSO,46.91630173,-114.0910034
Blackall Airport,Blackall,Australia,BKQ,-24.427799224900003,145.429000854
Bundaberg Airport,Bundaberg,Australia,BDB,-24.9039001465,152.319000244
Grand Canyon National Park Airport,Grand Canyon,United States,GCN,35.95240020751953,-112.14700317382812
Sugar Land Regional Airport,Sugar Land,United States,SGR,29.622299194336,-95.65650177002
Centennial Airport,Denver,United States,APA,39.57009888,-104.848999
Clovis Municipal Airport,Clovis,United States,CVN,34.4250984192,-103.07900238
Fort Stockton Pecos County Airport,Fort Stockton,United States,FST,30.9157009125,-102.916000366
Las Vegas Municipal Airport,Las Vegas,United States,LVS,35.6542015076,-105.141998291
West Houston Airport,Houston,United States,IWS,29.8181991577,-95.6725997925
Las Cruces International Airport,Las Cruces,United States,LRU,32.289398193359375,-106.9219970703125
Stephens County Airport,Breckenridge,United States,BKD,32.71900177,-98.8909988403
Draughon Miller Central Texas Regional Airport,Temple,United States,TPL,31.15250015258789,-97.40779876708984
Ozona Municipal Airport,Ozona,United States,OZA,30.735300064087,-101.20300292969
Kaadedhdhoo Airport,Kaadedhdhoo,Maldives,KDM,0.4881309866905212,72.99690246582031
Aklavik/Freddie Carmichael Airport,Aklavik,Canada,LAK,68.223297,-135.00599
Déline Airport,Deline,Canada,YWJ,65.21109771728516,-123.43599700927734
Tulita Airport,Tulita,Canada,ZFN,64.909697,-125.572998
Fort Good Hope Airport,Fort Good Hope,Canada,YGH,66.24079895019531,-128.6510009765625
Tanna Airport,Tanna,Vanuatu,TAH,-19.45509910583496,169.2239990234375
Paulatuk (Nora Aliqatchialuk Ruben) Airport,Paulatuk,Canada,YPC,69.3608381154,-124.075469971
El Trompillo Airport,Santa Cruz,Bolivia,SRZ,-17.8115997314,-63.1715011597
Juancho E. Yrausquin Airport,Saba,Netherlands Antilles,SAB,17.645000457763672,-63.220001220703125
Eagle County Regional Airport,Vail,United States,EGE,39.64260101,-106.9179993
Stokmarknes Skagen Airport,Stokmarknes,Norway,SKN,68.578826904297,15.033416748047
Cuyahoga County Airport,Richmond Heights,United States,CGF,41.5651016235,-81.4863967896
Mansfield Lahm Regional Airport,Mansfield,United States,MFD,40.82139968869999,-82.5166015625
Columbus Metropolitan Airport,Columbus,United States,CSG,32.516300201416016,-84.93890380859375
Lawton Fort Sill Regional Airport,Lawton,United States,LAW,34.5676994324,-98.4166030884
Northern Colorado Regional Airport,Fort Collins,United States,FNL,40.451804,-105.011
Flagstaff Pulliam Airport,Flagstaff,United States,FLG,35.13850021,-111.6709976
Lake Tahoe Airport,South Lake Tahoe,United States,TVL,38.89390182495117,-119.99500274658205
Joslin Field Magic Valley Regional Airport,Twin Falls,United States,TWF,42.4818,-114.487999
Martha's Vineyard Airport,Vineyard Haven MA,United States,MVY,41.3931007385,-70.6143035889
Concord Municipal Airport,Concord NH,United States,CON,43.20270157,-71.50229645
Groton New London Airport,Groton CT,United States,GON,41.3301010131836,-72.04509735107422
St Cloud Regional Airport,Saint Cloud,United States,STC,45.54660034179688,-94.05989837646484
Qinhuangdao Beidaihe Airport,Bagan,Burma,BPE,39.666389,119.058889
Golden Triangle Regional Airport,Columbus Mississippi,United States,GTR,33.450298309299995,-88.5914001465
Nizhny Novgorod Strigino International Airport,Nizhniy Novgorod,Russia,GOJ,56.230098724365,43.784000396729
Bowerman Airport,Hoquiam,United States,HQM,46.9711990356,-123.93699646
Erie International Tom Ridge Field,Erie,United States,ERI,42.0831270134,-80.1738667488
Barnstable Municipal Boardman Polando Field,Barnstable,United States,HYA,41.66930008,-70.28040314
San Pedro Airport,San Pedro,Belize,SPR,17.9139,-87.9711
Sedona Airport,Sedona,United States,SDX,34.848598480225,-111.78800201416
Morgantown Municipal Walter L. Bill Hart Field,Morgantown,United States,MGW,39.64289856,-79.91629791
Yeager Airport,Charleston,United States,CRW,38.37310028076172,-81.59320068359375
Wilkes Barre Scranton International Airport,Scranton,United States,AVP,41.3385009766,-75.72339630130001
Bemidji Regional Airport,Bemidji,United States,BJI,47.50939941,-94.93370056
Thangool Airport,Biloela,Australia,THG,-24.493900299072266,150.5760040283203
Fagali'i Airport,Apia,Samoa,FGI,-13.8486995697,-171.740005493
Ballina Byron Gateway Airport,Ballina Byron Bay,Australia,BNK,-28.8339004517,153.56199646
Hector International Airport,Fargo,United States,FAR,46.92070007324219,-96.81580352783205
Charles B. Wheeler Downtown Airport,Kansas City,United States,MKC,39.12319946289063,-94.5927963256836
Ratanakiri Airport,Ratanakiri,Cambodia,RBE,13.729999542236328,106.98699951171876
Gillette Campbell County Airport,Gillette,United States,GCC,44.3488998413,-105.539001465
Bogashevo Airport,Tomsk,Russia,TOF,56.380298614502,85.208297729492
El Toro Marine Corps Air Station,Santa Ana,United States,NZJ,33.67610168457031,-117.7310028076172
Phetchabun Airport,Phetchabun,Thailand,PHY,16.6760005951,101.194999695
Chumphon Airport,Chumphon,Thailand,CJM,10.711199760437012,99.36170196533205
Jiuzhai Huanglong Airport,Jiuzhaigou,China,JZH,32.8533333333,103.682222222
Jieyang Chaoshan International Airport,Shantou,China,SWA,23.552,116.5033
Cheddi Jagan International Airport,Georgetown,Guyana,GEO,6.498549938201904,-58.25410079956055
Guarani International Airport,Ciudad del Este,Paraguay,AGT,-25.454516,-54.842682
Eugene F. Correira International Airport,Georgetown,Guyana,OGL,6.80628,-58.1059
Kaieteur International Airport,Kaieteur,Guyana,KAI,5.17275476456,-59.491481781
Dunhuang Airport,Dunhuang,China,DNH,40.16109848022461,94.80919647216795
Ancona Falconara Airport,Ancona,Italy,AOI,43.616299,13.3623
Taba International Airport,Taba,Egypt,TCP,29.5877990723,34.7780990601
Edward Bodden Airfield,Little Cayman,Cayman Islands,LYB,19.660161,-80.088826
Milas Bodrum International Airport,Bodrum,Turkey,BJV,37.25059890749999,27.6643009186
Tabarka 7 Novembre Airport,Tabarka,Tunisia,TBJ,36.97999954223633,8.87693977355957
Sabiha Gökçen International Airport,Istanbul,Turkey,SAW,40.898601532,29.3092002869
University Park Airport,State College Pennsylvania,United States,SCE,40.8493003845,-77.84870147710001
Broome International Airport,Broome,Australia,BME,-17.944700241088867,122.23200225830078
Newcastle Airport,Newcastle,Australia,NTL,-32.79499816894531,151.83399963378906
Klagenfurt Airport,Klagenfurt,Austria,KLU,46.642502,14.3377
Hammerfest Airport,Hammerfest,Norway,HFT,70.679702758789,23.668600082397
Valan Airport,Honningsvag,Norway,HVG,71.009696960449,25.983600616455
Mehamn Airport,Mehamn,Norway,MEH,71.02970123291,27.826700210571
Vadsø Airport,Vadsø,Norway,VDS,70.065299987793,29.844699859619
Imam Khomeini International Airport,Tehran,Iran,IKA,35.416099548339844,51.15219879150391
Mashhad International Airport,Mashhad,Iran,MHD,36.235198974609375,59.64099884033203
Ust-Ilimsk Airport,Ust Ilimsk,Russia,UIK,58.13610076904297,102.56500244140624
Key Field,Meridian,United States,MEI,32.33259963989258,-88.75189971923828
Abraham Lincoln Capital Airport,Springfield,United States,SPI,39.84410095,-89.67790222
Cortez Municipal Airport,Cortez,United States,CEZ,37.3030014038,-108.627998352
Yampa Valley Airport,Hayden,United States,HDN,40.48120117,-107.2180023
Gallup Municipal Airport,Gallup,United States,GUP,35.511100769,-108.789001465
Liberal Mid-America Regional Airport,Liberal,United States,LBL,37.0442009,-100.9599991
Lamar Municipal Airport,Lamar,United States,LAA,38.0696983337,-102.68800354
Renner Field-Goodland Municipal Airport,Goodland,United States,GLD,39.37060165,-101.6989975
Yellowstone Regional Airport,Cody,United States,COD,44.520198822,-109.024002075
"Ørsta-Volda Airport, Hovden",Orsta-Volda,Norway,HOV,62.180000305176,6.0741000175476
St. Mary's Airport,ST MARY\'S,United Kingdom,ISC,49.91329956054688,-6.291669845581055
Springfield Branson National Airport,Springfield,United States,SGF,37.24570084,-93.38860321
Narvik Framnes Airport,Narvik,Norway,NVK,68.436897277832,17.386699676514
Berlevåg Airport,Berlevag,Norway,BVG,70.871399,29.034201
"Oslo, Fornebu Airport",Oslo,Norway,FBU,59.89580154418945,10.617199897766112
Norilsk-Alykel Airport,Norilsk,Russia,NSK,69.31109619140625,87.33219909667969
Anapa Vityazevo Airport,Anapa,Russia,AAQ,45.002101898193,37.347301483154
Joplin Regional Airport,Joplin,United States,JLN,37.151798248291016,-94.49829864501952
Lehigh Valley International Airport,Allentown,United States,ABE,40.652099609375,-75.44080352783203
Northwest Arkansas Regional Airport,Bentonville,United States,XNA,36.281898,-94.306801
Atyrau Airport,Atyrau,Kazakhstan,GUW,47.12189865112305,51.8213996887207
Kzyl-Orda Southwest Airport,Kzyl-Orda,Kazakhstan,KZO,44.706902,65.592499
South Bend Regional Airport,South Bend,United States,SBN,41.70869827270508,-86.31729888916016
Bykovo Airport,Moscow,Russia,BKA,55.6171989441,38.0600013733
Talagi Airport,Arkhangelsk,Russia,ARH,64.60030364990234,40.71670150756836
Saratov Central Airport,Saratov,Russia,RTW,51.56499862670898,46.04669952392578
Novy Urengoy Airport,Novy Urengoy,Russia,NUX,66.06939697265625,76.52030181884766
Noyabrsk Airport,Noyabrsk,Russia,NOJ,63.18330001831055,75.2699966430664
Aktau Airport,Aktau,Kazakhstan,SCO,43.8601,51.091999
Ukhta Airport,Ukhta,Russia,UCT,63.56689834594727,53.8046989440918
Usinsk Airport,Usinsk,Russia,USK,66.00469970703125,57.3671989440918
Pechora Airport,Pechora,Russia,PEX,65.12110137939453,57.13079833984375
Naryan Mar Airport,Naryan-Mar,Russia,NNM,67.63999938964844,53.12189865112305
Pskov Airport,Pskov,Russia,PKV,57.78390121459961,28.39559936523437
Kogalym International Airport,Kogalym,Russia,KGP,62.19039916992188,74.53379821777344
Yemelyanovo Airport,Krasnoyarsk,Russia,KJA,56.172901,92.493301
Sary-Arka Airport,Karaganda,Kazakhstan,KGF,49.67079925537109,73.33439636230469
Uray Airport,Uraj,Russia,URJ,60.10329818725586,64.82669830322266
Ivanovo South Airport,Ivanovo,Russia,IWA,56.93939971923828,40.940799713134766
Longjia Airport,Changchun,China,CGQ,43.9962005615,125.684997559
Niigata Airport,Niigata,Japan,KIJ,37.9558982849,139.121002197
Johnston Atoll Airport,Johnston Island,Johnston Atoll,JON,16.7285995483,-169.533996582
Smith Field,Fort Wayne IN,United States,SMD,41.14339828,-85.15280151
California Redwood Coast-Humboldt County Airport,Arcata CA,United States,ACV,40.978101,-124.109
Albert J Ellis Airport,Jacksonville NC,United States,OAJ,34.8292007446,-77.61209869380001
Tuscaloosa Regional Airport,Tuscaloosa AL,United States,TCL,33.220600128174,-87.611396789551
Dubuque Regional Airport,Dubuque IA,United States,DBQ,42.40200043,-90.70950317
Shun Tak Heliport,Hong Kong,Hong Kong,HHP,22.2893714905,114.152153015
Uru Harbour Airport,Atoifi,Solomon Islands,ATD,-8.87333,161.011002
Gwaunaru'u Airport,Auki,Solomon Islands,AKS,-8.70257,160.682007
Ballalae Airport,Ballalae,Solomon Islands,BAS,-6.990745,155.886656
Fera/Maringe Airport,Fera Island,Solomon Islands,FRE,-8.1075,159.576996
Babanakira Airport,Mbambanakira,Solomon Islands,MBU,-9.7475004196167,159.83900451660156
Ngorangora Airport,Kirakira,Solomon Islands,IRA,-10.4497003555,161.897994995
Santa Cruz/Graciosa Bay/Luova Airport,Santa Cruz/Graciosa Bay/Luova,Solomon Islands,SCZ,-10.72029972076416,165.7949981689453
Munda Airport,Munda,Solomon Islands,MUA,-8.327969551086426,157.26300048828125
Nusatupe Airport,Gizo,Solomon Islands,GZO,-8.09778022766,156.863998413
Mono Airport,Stirling Island,Solomon Islands,MNY,-7.416940212249756,155.56500244140625
Rennell/Tingoa Airport,Rennell Island,Solomon Islands,RNL,-11.533900260925291,160.06300354003906
Marau Airport,Marau,Solomon Islands,RUS,-9.86166954041,160.824996948
Suavanao Airport,Suavanao,Solomon Islands,VAO,-7.585559844970703,158.7310028076172
Kaghau Airport,Kagau Island,Solomon Islands,KGE,-7.3305,157.585
Ramata Airport,Ramata,Solomon Islands,RBV,-8.168060302734375,157.64300537109375
Buka Airport,Buka Island,Papua New Guinea,BUA,-5.422319889068604,154.67300415039062
Chimbu Airport,Kundiawa,Papua New Guinea,CMU,-6.024290084838867,144.9709930419922
Daru Airport,Daru,Papua New Guinea,DAU,-9.08675956726,143.207992554
Gurney Airport,Gurney,Papua New Guinea,GUR,-10.3114995956,150.333999634
Girua Airport,Girua,Papua New Guinea,PNP,-8.80453968048,148.309005737
Kimbe Airport,Hoskins,Papua New Guinea,HKN,-5.462170124053955,150.40499877929688
Kiunga Airport,Kiunga,Papua New Guinea,UNG,-6.1257100105285645,141.28199768066406
Kikori Airport,Kikori,Papua New Guinea,KRI,-7.424379825592041,144.2500762939453
Kerema Airport,Kerema,Papua New Guinea,KMA,-7.96361017227,145.770996094
Kavieng Airport,Kavieng,Papua New Guinea,KVG,-2.57940006256,150.807998657
Mendi Airport,Mendi,Papua New Guinea,MDU,-6.14774,143.656998
Momote Airport,Momote,Papua New Guinea,MAS,-2.06189,147.423996
Moro Airport,Moro,Papua New Guinea,MXH,-6.36332988739,143.238006592
Misima Island Airport,Misima Island,Papua New Guinea,MIS,-10.6892004013,152.837997437
Tari Airport,Tari,Papua New Guinea,TIZ,-5.84499979019,142.947998047
Tabubil Airport,Tabubil,Papua New Guinea,TBG,-5.27861,141.225998
Tokua Airport,Tokua,Papua New Guinea,RAB,-4.34045982361,152.380004883
Vanimo Airport,Vanimo,Papua New Guinea,VAI,-2.6926,141.3028
Wapenamanda Airport,Wapenamanda,Papua New Guinea,WBM,-5.64330005645752,143.89500427246094
Alluitsup Paa Heliport,Alluitsup Paa,Greenland,LLU,60.46445,-45.56917
Neerlerit Inaat Airport,Neerlerit Inaat,Greenland,CNP,70.7431030273,-22.6504993439
Paamiut Heliport,Paamiut,Greenland,JFR,61.9921989441,-49.6624984741
Qeqertarsuaq Heliport,Qeqertarsuaq Airport,Greenland,JGO,69.251181993,-53.5148763657
Qaqortoq Heliport,Qaqortoq,Greenland,JJU,60.7156841553,-46.0299186409
Maniitsoq Airport,Maniitsoq,Greenland,JSU,65.4124984741,-52.9393997192
Nanortalik Heliport,Nanortalik,Greenland,JNN,60.1418839759,-45.232976675
Narsaq Heliport,Narsaq,Greenland,JNS,60.9172827256,-46.059923172
Qaanaaq Airport,Qaanaaq,Greenland,NAQ,77.4886016846,-69.3887023926
Sisimiut Airport,Sisimiut,Greenland,JHS,66.9513015747,-53.7293014526
Upernavik Airport,Upernavik,Greenland,JUV,72.7901992798,-56.1305999756
Qaarsut Airport,Uummannaq,Greenland,JQA,70.7341995239,-52.6962013245
Grímsey Airport,Grímsey,Iceland,GRY,66.5458,-18.0173
Thorshofn Airport,Thorshofn,Iceland,THO,66.21849822998047,-15.335599899291992
Vopnafjörður Airport,Vopnafjörður,Iceland,VPN,65.72059631347656,-14.850600242614746
Whistler/Green Lake Water Aerodrome,Whistler,Canada,YWS,50.1436004639,-122.948997498
Anahim Lake Airport,Anahim Lake,Canada,YAA,52.45249938964844,-125.3030014038086
Williams Harbour Airport,Williams Harbour,Canada,YWM,52.56689834594727,-55.784698486328125
St. Lewis (Fox Harbour) Airport,St. Lewis,Canada,YFX,52.37279891967773,-55.67390060424805
Port Hope Simpson Airport,Port Hope Simpson,Canada,YHA,52.528099060058594,-56.28609848022461
Rigolet Airport,Rigolet,Canada,YRG,54.1796989440918,-58.45750045776367
Colville Lake Airport,Colville Lake,Canada,YCK,67.0392,-126.08
Whatì Airport,Whatì,Canada,YLE,63.13169860839844,-117.24600219726562
Summer Beaver Airport,Summer Beaver,Canada,SUR,52.70859909057617,-88.54190063476562
Wapekeka Airport,Angling Lake,Canada,YAX,53.84920120239258,-89.57939910888672
Wunnumin Lake Airport,Wunnumin Lake,Canada,WNN,52.89390182495117,-89.28919982910156
North Spirit Lake Airport,North Spirit Lake,Canada,YNO,52.4900016784668,-92.97109985351562
Bearskin Lake Airport,Bearskin Lake,Canada,XBE,53.965599060058594,-91.0271987915039
Kingfisher Lake Airport,Kingfisher Lake,Canada,KIF,53.01250076293945,-89.85530090332031
Ogoki Post Airport,Ogoki Post,Canada,YOG,51.6585998535,-85.9017028809
Poplar Hill Airport,Poplar Hill,Canada,YHP,52.1133,-94.2556
Chisasibi Airport,Chisasibi,Canada,YKU,53.80559921264648,-78.91690063476562
Tête-à-la-Baleine Airport,Tête-à-la-Baleine,Canada,ZTB,50.67440032958984,-59.38359832763672
La Tabatière Airport,La Tabatière,Canada,ZLT,50.8307991027832,-58.97560119628906
Cat Lake Airport,Cat Lake,Canada,YAC,51.72719955444336,-91.82440185546876
Fort Frances Municipal Airport,Fort Frances,Canada,YAG,48.65420150756836,-93.439697265625
Kasabonika Airport,Kasabonika,Canada,XKS,53.52470016479492,-88.6427993774414
Kangirsuk Airport,Kangirsuk,Canada,YKG,60.02719879150391,-69.99919891357422
Attawapiskat Airport,Attawapiskat,Canada,YAT,52.9275016784668,-82.43190002441406
Uranium City Airport,Uranium City,Canada,YBE,59.5614013671875,-108.4810028076172
Lourdes de Blanc Sablon Airport,Lourdes-De-Blanc-Sablon,Canada,YBX,51.4435997009,-57.1852989197
Cartwright Airport,Cartwright,Canada,YRF,53.68280029296875,-57.041900634765625
Chesterfield Inlet Airport,Chesterfield Inlet,Canada,YCS,63.3469009399,-90.7311019897
Nain Airport,Nain,Canada,YDP,56.549198150634766,-61.680301666259766
Fort Severn Airport,Fort Severn,Canada,YER,56.01890182495117,-87.67610168457031
Fort Albany Airport,Fort Albany,Canada,YFA,52.20140075683594,-81.6968994140625
Fort Hope Airport,Fort Hope,Canada,YFH,51.5619010925293,-87.90779876708984
Makkovik Airport,Makkovik,Canada,YMN,55.07690048217773,-59.1864013671875
Texada Gillies Bay Airport,Texada,Canada,YGB,49.69419860839844,-124.51799774169922
Gods Lake Narrows Airport,Gods Lake Narrows,Canada,YGO,54.55889892578125,-94.49140167236328
Igloolik Airport,Igloolik,Canada,YGT,69.3647003174,-81.8161010742
Kuujjuarapik Airport,Kuujjuarapik,Canada,YGW,55.28189849853516,-77.76529693603516
Gillam Airport,Gillam,Canada,YGX,56.35749816894531,-94.71060180664062
Grise Fiord Airport,Grise Fiord,Canada,YGZ,76.4261016846,-82.90920257570001
Quaqtaq Airport,Quaqtaq,Canada,YQC,61.0463981628418,-69.6177978515625
Vancouver Harbour Water Aerodrome,Vancouver,Canada,CXH,49.2943992615,-123.111000061
Nemiscau Airport,Nemiscau,Canada,YNS,51.69110107421875,-76.1355972290039
Hopedale Airport,Hopedale,Canada,YHO,55.44829940795898,-60.22859954833984
Chevery Airport,Chevery,Canada,YHR,50.46889877319336,-59.63669967651367
Ivujivik Airport,Ivujivik,Canada,YIK,62.41730117797852,-77.92530059814453
Island Lake Airport,Island Lake,Canada,YIV,53.857200622558594,-94.65360260009766
Akulivik Airport,Akulivik,Canada,AKV,60.81859970092773,-78.14859771728516
Waskaganish Airport,Waskaganish,Canada,YKQ,51.47330093383789,-78.75830078125
Aupaluk Airport,Aupaluk,Canada,YPJ,59.29669952392578,-69.59970092773438
Kimmirut Airport,Kimmirut,Canada,YLC,62.8499984741,-69.88330078119999
Lansdowne House Airport,Lansdowne House,Canada,YLH,52.19559860229492,-87.93419647216797
Kangiqsualujjuaq (Georges River) Airport,Kangiqsualujjuaq,Canada,XGR,58.71139907836914,-65.9927978515625
Mary's Harbour Airport,Mary's Harbour,Canada,YMH,52.30279922485352,-55.847198486328125
Chapais Airport,Chibougamau,Canada,YMT,49.77190017700195,-74.5280990600586
Umiujaq Airport,Umiujaq,Canada,YUD,56.53609848022461,-76.51830291748047
Wemindji Airport,Wemindji,Canada,YNC,53.01060104370117,-78.83110046386719
Norway House Airport,Norway House,Canada,YNE,53.95830154418945,-97.84420013427734
Points North Landing Airport,Points North Landing,Canada,YNL,58.27669906616211,-104.08200073242188
Oxford House Airport,Oxford House,Canada,YOH,54.93330001831055,-95.27890014648438
Inukjuak Airport,Inukjuak,Canada,YPH,58.471900939941406,-78.07689666748047
Pikangikum Airport,Pikangikum,Canada,YPM,51.81969833374024,-93.97329711914062
Peawanuck Airport,Peawanuck,Canada,YPO,54.98809814453125,-85.44329833984375
Powell River Airport,Powell River,Canada,YPW,49.83420181274414,-124.5
The Pas Airport,The Pas,Canada,YQD,53.97140121459961,-101.09100341796876
Nakina Airport,Nakina,Canada,YQN,50.18280029296875,-86.69640350341797
Rae Lakes Airport,Gamètì,Canada,YRA,64.11609649658203,-117.30999755859376
Red Lake Airport,Red Lake,Canada,YRL,51.06689834594727,-93.79309844970705
Stony Rapids Airport,Stony Rapids,Canada,YSF,59.250301361083984,-105.84100341796876
Sanikiluaq Airport,Sanikiluaq,Canada,YSK,56.5377998352,-79.2466964722
St. Theresa Point Airport,St. Theresa Point,Canada,YST,53.84560012817383,-94.85189819335938
Big Trout Lake Airport,Big Trout Lake,Canada,YTL,53.81779861450195,-89.89689636230469
Deer Lake Airport,Deer Lake,Canada,YVZ,52.655799865722656,-94.0614013671875
Webequie Airport,Webequie,Canada,YWP,52.9593933975,-87.3748683929
Whale Cove Airport,Whale Cove,Canada,YXN,62.24000167849999,-92.5980987549
Salluit Airport,Salluit,Canada,YZG,62.17940139770508,-75.66719818115234
York Landing Airport,York Landing,Canada,ZAC,56.08940124511719,-96.08920288085938
Ilford Airport,Ilford,Canada,ILF,56.0614013672,-95.613899231
Bathurst Airport,Bathurst,Canada,ZBF,47.629699707,-65.738899231
Eastmain River Airport,Eastmain River,Canada,ZEM,52.22639846801758,-78.52249908447266
Fond-Du-Lac Airport,Fond-Du-Lac,Canada,ZFD,59.33440017700195,-107.18199920654295
Gods River Airport,Gods River,Canada,ZGI,54.83969879150391,-94.07859802246094
Swan River Airport,Swan River,Canada,ZJN,52.120601654052734,-101.23600006103516
Kashechewan Airport,Kashechewan,Canada,ZKE,52.282501220703125,-81.67780303955078
Muskrat Dam Airport,Muskrat Dam,Canada,MSA,53.44139862060547,-91.76280212402344
Masset Airport,Masset,Canada,ZMT,54.02750015258789,-132.125
Sachigo Lake Airport,Sachigo Lake,Canada,ZPB,53.8911018371582,-92.19640350341795
Round Lake (Weagamow Lake) Airport,Round Lake,Canada,ZRJ,52.94359970092773,-91.31279754638672
Sandy Lake Airport,Sandy Lake,Canada,ZSJ,53.06420135498047,-93.34439849853516
Shamattawa Airport,Shamattawa,Canada,ZTM,55.8656005859375,-92.0813980102539
Churchill Falls Airport,Churchill Falls,Canada,ZUM,53.5619010925293,-64.10639953613281
Wollaston Lake Airport,Wollaston Lake,Canada,ZWL,58.10689926147461,-103.1719970703125
Batna Airport,Batna,Algeria,BLJ,35.7521018982,6.308589935300001
Béchar Boudghene Ben Ali Lotfi Airport,Béchar,Algeria,CBH,31.645700454711918,-2.269860029220581
Bordj Badji Mokhtar Airport,Bordj Badji Mokhtar,Algeria,BMW,21.375,0.923888981342
Guemar Airport,Guemar,Algeria,ELU,33.5113983154,6.77679014206
Kumasi Airport,Kumasi,Ghana,KMS,6.714560031890869,-1.5908199548721311
Heringsdorf Airport,Heringsdorf,Germany,HDF,53.8787002563,14.152299881
Heide-Büsum Airport,Büsum,Germany,HEI,54.1533317566,8.90166664124
Helgoland-Düne Airport,Helgoland,Germany,HGL,54.1852798462,7.91583299637
Seinäjoki Airport,Seinäjoki / Ilmajoki,Finland,SJY,62.692101,22.8323
Nottingham Airport,Nottingham,United Kingdom,NQT,52.91999816894531,-1.079169988632202
Robin Hood Doncaster Sheffield Airport,"Doncaster, Sheffield",United Kingdom,DSA,53.4805378105,-1.01065635681
Campbeltown Airport,Campbeltown,United Kingdom,CAL,55.437198638916016,-5.686389923095703
Eday Airport,Eday,United Kingdom,EOI,59.19060134887695,-2.7722198963165283
Fair Isle Airport,Fair Isle,United Kingdom,FIE,59.53580093383789,-1.628059983253479
North Ronaldsay Airport,North Ronaldsay,United Kingdom,NRL,59.3675003052,-2.43443989754
Papa Westray Airport,Papa Westray,United Kingdom,PPW,59.351699829100006,-2.9002799987800003
Stronsay Airport,Stronsay,United Kingdom,SOY,59.1553001404,-2.64139008522
Sanday Airport,Sanday,United Kingdom,NDY,59.250301361083984,-2.576669931411743
Lerwick / Tingwall Airport,Lerwick,United Kingdom,LWK,60.192199707,-1.24361002445
Westray Airport,Westray,United Kingdom,WRY,59.3502998352,-2.95000004768
Land's End Airport,Land's End,United Kingdom,LEQ,50.102798,-5.67056
Penzance Heliport,Penzance,United Kingdom,PZE,50.128101,-5.51845
Anglesey Airport,Angelsey,United Kingdom,VLY,53.2481002808,-4.53533983231
Barra Airport,Barra,United Kingdom,BRR,57.0228,-7.44306
Donegal Airport,Dongloe,Ireland,CFN,55.0442008972168,-8.340999603271484
Sindal Airport,Sindal,Denmark,CNL,57.503502,10.2294
Leknes Airport,Leknes,Norway,LKN,68.152496337891,13.609399795532
Namsos Høknesøra Airport,Namsos,Norway,OSY,64.472198486328,11.57859992981
"Mo i Rana Airport, Røssvoll",Mo i Rana,Norway,MQN,66.363899230957,14.301400184631
"Rørvik Airport, Ryum",Rørvik,Norway,RVK,64.838302612305,11.14610004425
Røst Airport,Røst,Norway,RET,67.527801513672,12.103300094604
Sandane Airport (Anda),Sandane,Norway,SDN,61.830001831055,6.1058301925659
Sogndal Airport,Sogndal,Norway,SOG,61.156101,7.13778
Svolvær Helle Airport,Svolvær,Norway,SVJ,68.243301391602,14.669199943542
Sørkjosen Airport,Sorkjosen,Norway,SOJ,69.786796569824,20.959400177002
"Vardø Airport, Svartnes",Vardø,Norway,VAW,70.355400085449,31.044900894165
Værøy Heliport,Værøy,Norway,VRY,67.654555,12.727257
Bydgoszcz Ignacy Jan Paderewski Airport,Bydgoszcz,Poland,BZG,53.0968017578,17.9776992798
Łódź Władysław Reymont Airport,Lodz,Poland,LCJ,51.7219009399,19.3980998993
Åre Östersund Airport,Östersund,Sweden,OSD,63.194400787354,14.50030040741
Hagfors Airport,Hagfors,Sweden,HFS,60.02009963989258,13.578900337219238
Karlstad Airport,Karlstad,Sweden,KSD,59.4446983337,13.3374004364
Torsby Airport,Torsby,Sweden,TYF,60.1576004028,12.991299629199998
Ängelholm-Helsingborg Airport,Ängelholm,Sweden,AGH,56.29610061645508,12.847100257873535
Storuman Airport,Mohed,Sweden,SQO,64.96089935302734,17.69659996032715
Hemavan Airport,Hemavan,Sweden,HMV,65.80609893798828,15.082799911499023
Ventspils International Airport,Ventspils,Latvia,VNT,57.35779953,21.5442008972
Rand Airport,Johannesburg,South Africa,QRA,-26.2425003052,28.1511993408
Kruger Mpumalanga International Airport,Mpumalanga,South Africa,MQP,-25.3831996918,31.1056003571
Malamala Airport,Malamala,South Africa,AAM,-24.818099975585938,31.54459953308105
Mmabatho International Airport,Mafeking,South Africa,MBD,-25.798400878900004,25.5480003357
Ghanzi Airport,Ghanzi,Botswana,GNZ,-21.6924991607666,21.658100128173828
Orapa Airport,Orapa,Botswana,ORP,-21.266701,25.3167
Shakawe Airport,Shakawe,Botswana,SWX,-18.373899459838867,21.832599639892575
Limpopo Valley Airport,Tuli Lodge,Botswana,TLD,-22.1891994476,29.1268997192
Ngot Nzoungou Airport,Loubomo,Congo (Brazzaville),DIS,-4.20635,12.6599
Chipata Airport,Chipata,Zambia,CIP,-13.558300018310549,32.58720016479492
Iconi Airport,Moroni,Comoros,YVA,-11.7108001709,43.2439002991
Antsalova Airport,Antsalova,Madagascar,WAQ,-18.701273,44.614921
Ankavandra Airport,Ankavandra,Madagascar,JVA,-18.80501,45.273467
Belo sur Tsiribihina Airport,Belo sur Tsiribihina,Madagascar,BMD,-19.6867008209,44.5419006348
Maintirano Airport,Maintirano,Madagascar,MXT,-18.049999,44.033001
Morafenobe Airport,Morafenobe,Madagascar,TVA,-17.850083,44.920467
Tambohorano Airport,Tambohorano,Madagascar,WTA,-17.47610092163086,43.972801208496094
Tsiroanomandidy Airport,Tsiroanomandidy,Madagascar,WTS,-18.759677,46.054065
Ambatondrazaka Airport,Ambatondrazaka,Madagascar,WAM,-17.795378,48.442583
Port Bergé Airport,Port Bergé,Madagascar,WPB,-15.584286,47.623587
Soalala Airport,Soalala,Madagascar,DWB,-16.10169,45.358837
Mampikony Airport,Mampikony,Madagascar,WMP,-16.0722693402,47.6441645622
Mandritsara Airport,Mandritsara,Madagascar,WMA,-15.833049,48.833284
Manja Airport,Manja,Madagascar,MJA,-21.426105,44.316509
Catumbela Airport,Catumbela,Angola,CBT,-12.4792,13.4869
Dundo Airport,Dundo,Angola,DUE,-7.400889873504639,20.818500518798828
Ngjiva Pereira Airport,Ondjiva,Angola,VPE,-17.0435009003,15.683799743700002
Namibe Airport,Mocamedes,Angola,MSZ,-15.261199951171877,12.14680004119873
Koulamoutou Mabimbi Airport,Koulamoutou,Gabon,KOU,-1.1846100091934,12.441300392151
Mouilla Ville Airport,Mouila,Gabon,MJL,-1.845139980316162,11.056699752807615
Tchibanga Airport,Tchibanga,Gabon,TCH,-2.8499999046325684,11.017000198364258
Chimoio Airport,Chimoio,Mozambique,VPY,-19.15130043029785,33.42900085449219
Sarh Airport,Sarh,Chad,SRH,9.14444,18.374399
Club Makokola Airport,Club Makokola,Malawi,CMK,-14.306900024414062,35.13249969482422
Luderitz Airport,Luderitz,Namibia,LUD,-26.687400817871094,15.242899894714355
Ondangwa Airport,Ondangwa,Namibia,OND,-17.878201,15.9526
Oranjemund Airport,Oranjemund,Namibia,OMD,-28.5847,16.446699
Swakopmund Airport,Swakopmund,Namibia,SWP,-22.66189956665,14.568099975586
Eros Airport,Windhoek,Namibia,ERS,-22.612199783325195,17.080400466918945
Boma Airport,Boma,Congo (Kinshasa),BOA,-5.854000091552734,13.064000129699709
Tshimpi Airport,Matadi,Congo (Kinshasa),MAT,-5.799610137939453,13.440400123596191
Inongo Airport,Inongo,Congo (Kinshasa),INO,-1.947219967842102,18.28580093383789
Nioki Airport,Nioki,Congo (Kinshasa),NIO,-2.7174999713897705,17.68470001220703
Basango Mboliasa Airport,Kiri,Congo (Kinshasa),KRZ,-1.434999942779541,19.02400016784668
Basankusu Airport,Basankusu,Congo (Kinshasa),BSU,1.2247200012207031,19.78890037536621
Tshikapa Airport,Tshikapa,Congo (Kinshasa),TSH,-6.43833,20.794701
Lodja Airport,Lodja,Congo (Kinshasa),LJA,-3.4170000553131104,23.450000762939453
Ilebo Airport,Ilebo,Congo (Kinshasa),PFR,-4.329919,20.590124
Outer Skerries Airport,Outer Skerries,United Kingdom,OUK,60.4252,-0.75
La Gomera Airport,La Gomera,Spain,GMZ,28.029600143432617,-17.214599609375
Sherbro International Airport,Bonthe,Sierra Leone,BTE,7.5324201583862305,-12.51889991760254
Bo Airport,Bo,Sierra Leone,KBS,7.944399833679199,-11.76099967956543
Kenema Airport,Kenema,Sierra Leone,KEN,7.891290187835693,-11.176600456237791
Osvaldo Vieira International Airport,Bissau,Guinea-Bissau,OXB,11.894800186157228,-15.65369987487793
Smara Airport,Smara,Western Sahara,SMW,26.7318,-11.6847
Dakhla Airport,Dakhla,Western Sahara,VIL,23.7183,-15.932
Mogador Airport,Essadouira,Morocco,ESU,31.3974990845,-9.6816701889
Hassan I Airport,El Aaiún,Western Sahara,EUN,27.151699,-13.2192
Nador International Airport,El Aroui,Morocco,NDR,34.988800048799995,-3.0282099247
Praia International Airport,"Praia, Santiago Island",Cape Verde,RAI,14.924500465393066,-23.49349975585937
São Filipe Airport,"Sao Filipe, Fogo Island",Cape Verde,SFL,14.8850002289,-24.4799995422
Baco Airport,Baco,Ethiopia,BCO,5.78287,36.562
Beica Airport,Beica,Ethiopia,BEI,9.38638973236084,34.52190017700195
Combolcha Airport,Dessie,Ethiopia,DSE,11.082500457763672,39.71139907836914
Dembidollo Airport,Dembidollo,Ethiopia,DEM,8.553999900817871,34.858001708984375
Gode Airport,Gode,Ethiopia,GDE,5.93513011932,43.5786018372
Gore Airport,Gore,Ethiopia,GOR,8.1614,35.5529
Kabri Dehar Airport,Kabri Dehar,Ethiopia,ABK,6.734,44.252998
Mizan Teferi Airport,Mizan Teferi,Ethiopia,MTF,6.9571,35.5547
Tippi Airport,Tippi,Ethiopia,TIE,7.2024,35.415
Alula Airport,Alula,Somalia,ALU,11.9582,50.748
Bosaso Airport,Bosaso,Somalia,BSA,11.27530002593994,49.14939880371094
Aden Adde International Airport,Mogadishu,Somalia,MGQ,2.014440059661865,45.3046989440918
Galcaio Airport,Galcaio,Somalia,GLK,6.78082990646,47.45470047
Burao Airport,Burao,Somalia,BUO,9.5275,45.5549
El Arish International Airport,El Arish,Egypt,AAC,31.073299408,33.8358001709
Assiut International Airport,Asyut,Egypt,ATZ,27.0464992523,31.0119991302
Amboseli Airport,Amboseli National Park,Kenya,ASV,-2.645050048828125,37.25310134887695
Lokichoggio Airport,Lokichoggio,Kenya,LKG,4.20412015914917,34.348201751708984
Malindi Airport,Malindi,Kenya,MYD,-3.2293100357055664,40.10169982910156
Nanyuki Airport,Nanyuki,Kenya,NYK,-0.06239889934659,37.04100799560547
Gardabya Airport,Sirt,Libya,SRX,31.0634994507,16.5949993134
Gamal Abdel Nasser Airport,Tobruk,Libya,TOB,31.861,23.907
Mitiga Airport,Tripoli,Libya,MJI,32.894100189208984,13.276000022888184
La Abraq Airport,Al Bayda',Libya,LAQ,32.788700103759766,21.96430015563965
Atbara Airport,Atbara,Sudan,ATB,17.710344314575195,34.0570182800293
Nyala Airport,Nyala,Sudan,UYL,12.053500175476074,24.956199645996094
Port Sudan New International Airport,Port Sudan,Sudan,PZU,19.4335994720459,37.23410034179688
Bukoba Airport,Bukoba,Tanzania,BKZ,-1.332,31.8212
Kigoma Airport,Kigoma,Tanzania,TKQ,-4.8862,29.6709
Lindi Airport,Lindi,Tanzania,LDI,-9.85111,39.757801
Musoma Airport,Musoma,Tanzania,MUZ,-1.503,33.8021
Shinyanga Airport,Shinyanga,Tanzania,SHY,-3.6093,33.5035
Tabora Airport,Tabora,Tanzania,TBO,-5.076389789581299,32.83330154418945
Arua Airport,Arua,Uganda,RUA,3.049999952316284,30.91699981689453
Gulu Airport,Gulu,Uganda,ULU,2.805560111999512,32.27180099487305
Diu Airport,Diu,India,DIU,20.71310043334961,70.92109680175781
Aberdeen Regional Airport,Aberdeen,United States,ABR,45.449100494384766,-98.42179870605467
Southwest Georgia Regional Airport,Albany,United States,ABY,31.535499572753903,-84.19450378417969
Athens Ben Epps Airport,Athens,United States,AHN,33.94860076904297,-83.32630157470703
Alamogordo White Sands Regional Airport,Alamogordo,United States,ALM,32.8399009705,-105.990997314
Waterloo Regional Airport,Waterloo,United States,ALO,42.55709838867188,-92.40029907226562
Walla Walla Regional Airport,Walla Walla,United States,ALW,46.09489822,-118.288002
Alpena County Regional Airport,Alpena,United States,APN,45.0780983,-83.56030273
Watertown Regional Airport,Watertown,United States,ATY,44.91400146,-97.15470123
Bradford Regional Airport,Bradford,United States,BFD,41.8031005859375,-78.64009857177734
Western Neb. Rgnl/William B. Heilig Airport,Scottsbluff,United States,BFF,41.87400055,-103.5960007
Raleigh County Memorial Airport,Beckley,United States,BKW,37.7873001099,-81.1241989136
Brunswick Golden Isles Airport,Brunswick,United States,BQK,31.2588005065918,-81.46649932861328
Southeast Iowa Regional Airport,Burlington,United States,BRL,40.783199310302734,-91.12550354003906
Jack Mc Namara Field Airport,Crescent City,United States,CEC,41.78020096,-124.2369995
Cape Girardeau Regional Airport,Cape Girardeau,United States,CGI,37.22529983520508,-89.57080078125
Chippewa County International Airport,Sault Ste Marie,United States,CIU,46.25080108642578,-84.47239685058594
North Central West Virginia Airport,Clarksburg,United States,CKB,39.2966003418,-80.2281036377
William R Fairchild International Airport,Port Angeles,United States,CLM,48.12020111083984,-123.5
Houghton County Memorial Airport,Hancock,United States,CMX,47.168399810791016,-88.48909759521484
Dodge City Regional Airport,Dodge City,United States,DDC,37.76340103149414,-99.9655990600586
DuBois Regional Airport,Du Bois,United States,DUJ,41.17829895,-78.8986969
Chippewa Valley Regional Airport,Eau Claire,United States,EAU,44.86579895019531,-91.48429870605467
Elko Regional Airport,Elko,United States,EKO,40.82490158081055,-115.79199981689452
New Bedford Regional Airport,New Bedford,United States,EWB,41.67610168457031,-70.95690155029297
Fayetteville Regional Grannis Field,Fayetteville,United States,FAY,34.9911994934082,-78.88030242919922
Wokal Field Glasgow International Airport,Glasgow,United States,GGW,48.212502,-106.614998
Central Nebraska Regional Airport,Grand Island,United States,GRI,40.96749877929688,-98.30960083007812
Memorial Field,Hot Springs,United States,HOT,34.47800064086914,-93.09619903564452
Tri-State/Milton J. Ferguson Field,Huntington,United States,HTS,38.36669922,-82.55799866
Kili Airport,Kili Island,Marshall Islands,KIO,5.644515,169.119507
Kirksville Regional Airport,Kirksville,United States,IRK,40.09349822998047,-92.5448989868164
Jamestown Regional Airport,Jamestown,United States,JMS,46.92969894,-98.67819977
Laramie Regional Airport,Laramie,United States,LAR,41.31209945678711,-105.6750030517578
Arnold Palmer Regional Airport,Latrobe,United States,LBE,40.27590179,-79.40480042
North Platte Regional Airport Lee Bird Field,North Platte,United States,LBF,41.12620163,-100.6839981
Lebanon Municipal Airport,Lebanon,United States,LEB,43.6260986328,-72.30419921880001
Crater Lake-Klamath Regional Airport,Klamath Falls,United States,LMT,42.156101,-121.733002
Lancaster Airport,Lancaster,United States,LNS,40.121700286865234,-76.29609680175781
Lewistown Municipal Airport,Lewistown,United States,LWT,47.04930114746094,-109.46700286865234
Lynchburg Regional Preston Glenn Field,Lynchburg,United States,LYH,37.326698303222656,-79.20040130615234
Muskegon County Airport,Muskegon,United States,MKG,43.16949844,-86.23819733
Frank Wiley Field,Miles City,United States,MLS,46.428001403808594,-105.88600158691406
Northwest Alabama Regional Airport,Muscle Shoals,United States,MSL,34.74530029,-87.61019897
Southwest Oregon Regional Airport,North Bend,United States,OTH,43.41709899902344,-124.24600219726562
Owensboro Daviess County Airport,Owensboro,United States,OWB,37.74010086,-87.16680145
Hattiesburg Laurel Regional Airport,Hattiesburg/Laurel,United States,PIB,31.467100143432617,-89.33709716796875
Pocatello Regional Airport,Pocatello,United States,PIH,42.9098014831543,-112.59600067138672
Pierre Regional Airport,Pierre,United States,PIR,44.38270187,-100.2860031
Pellston Regional Airport of Emmet County Airport,Pellston,United States,PLN,45.57089996,-84.79669952
Portsmouth International at Pease Airport,Portsmouth,United States,PSM,43.0778999329,-70.8233032227
Reading Regional Carl A Spaatz Field,Reading,United States,RDG,40.37850189208984,-75.96520233154297
Rhinelander Oneida County Airport,Rhinelander,United States,RHI,45.63119888305664,-89.46749877929688
Southwest Wyoming Regional Airport,Rock Springs,United States,RKS,41.5942,-109.065001
Rutland - Southern Vermont Regional Airport,Rutland,United States,RUT,43.52939987,-72.94960022
San Luis County Regional Airport,San Luis Obispo,United States,SBP,35.2368011475,-120.641998291
Sheridan County Airport,Sheridan,United States,SHR,44.76919937133789,-106.9800033569336
Adirondack Regional Airport,Saranac Lake,United States,SLK,44.38529968261719,-74.2061996459961
Salina Municipal Airport,Salina,United States,SLN,38.79100036621094,-97.6521987915039
Santa Maria Pub/Capt G Allan Hancock Field,Santa Maria,United States,SMX,34.89889908,-120.4570007
Tupelo Regional Airport,Tupelo,United States,TUP,34.26810073852539,-88.7698974609375
Quincy Regional Baldwin Field,Quincy,United States,UIN,39.94269943,-91.19460297
Victoria Regional Airport,Victoria,United States,VCT,28.85260009765625,-96.9185028076172
Valdosta Regional Airport,Valdosta,United States,VLD,30.78249931335449,-83.27670288085938
Worland Municipal Airport,Worland,United States,WRL,43.9656982421875,-107.95099639892578
Yakima Air Terminal McAllister Field,Yakima,United States,YKM,46.56819916,-120.5439987
Ercan International Airport,Nicosia,Cyprus,ECN,35.15470123291016,33.49610137939453
Logroño-Agoncillo Airport,Logroño-Agoncillo,Spain,RJL,42.4609534888,-2.32223510742
Île d'Yeu Airport,Île d'Yeu,France,IDY,46.71860122680664,-2.3911099433898926
Angers-Loire Airport,Angers/Marcé,France,ANE,47.560299,-0.312222
La Môle Airport,La Môle,France,LTT,43.205399,6.482
Syros Airport,Syros Island,Greece,JSY,37.4227981567,24.9508991241
Pécs-Pogány Airport,Pécs-Pogány,Hungary,PEV,45.990898,18.240996
Sármellék International Airport,Sármellék,Hungary,SOB,46.686391,17.159084
Aosta Airport,Aosta,Italy,AOT,45.738499,7.36872
Salerno Costa d'Amalfi Airport,Salerno,Italy,QSR,40.620399,14.9113
Corvo Airport,Corvo,Portugal,CVU,39.671501,-31.1136
Banja Luka International Airport,Banja Luka,Bosnia and Herzegovina,BNX,44.94139862060547,17.297500610351562
Uşak Airport,Usak,Turkey,USQ,38.68149948120117,29.47170066833496
Kars Airport,Kars,Turkey,KSY,40.562198638916016,43.1150016784668
Şanlıurfa Airport,Sanliurfa,Turkey,SFQ,37.09429931640625,38.84709930419922
Kahramanmaraş Airport,Kahramanmaras,Turkey,KCM,37.5388259888,36.9535217285
Ağrı Airport,Agri,Turkey,AJI,39.654541015625,43.025978088378906
Adıyaman Airport,Adiyaman,Turkey,ADF,37.7313995361,38.4688987732
Süleyman Demirel International Airport,Isparta,Turkey,ISE,37.8554000854,30.3684005737
Balıkesir Körfez Airport,Balikesir Korfez,Turkey,EDO,39.554599762,27.0137996674
Samsun Çarşamba Airport,Samsun,Turkey,SZF,41.254501,36.567101
Žilina Airport,Žilina,Slovakia,ILZ,49.2314987183,18.6135005951
JAGS McCartney International Airport,Cockburn Town,Turks and Caicos Islands,GDT,21.444499969482425,-71.14230346679688
Middle Caicos Airport,Middle Caicos,Turks and Caicos Islands,MDS,21.82602,-71.8025
Salt Cay Airport,Salt Cay,Turks and Caicos Islands,SLX,21.3330001831,-71.1999969482
Samaná El Catey International Airport,Samana,Dominican Republic,AZS,19.2670001984,-69.7419967651
La Isabela International Airport,La Isabela,Dominican Republic,JBQ,18.57250022888184,-69.98560333251953
Puerto Barrios Airport,Puerto Barrios,Guatemala,PBR,15.7309,-88.583801
Quezaltenango Airport,Quezaltenango,Guatemala,AAZ,14.8656,-91.501999
Utirik Airport,Utirik Island,Marshall Islands,UTK,11.222,169.852005
Ahuas Airport,Ahuas,Honduras,AHS,15.4722,-84.352203
Puerto Lempira Airport,Puerto Lempira,Honduras,PEU,15.2622,-83.781197
Mili Island Airport,Mili Island,Marshall Islands,MIJ,6.08333,171.733002
Captain Rogelio Castillo National Airport,Celaya,Mexico,CYW,20.546,-100.887001
Ciudad Constitución Airport,Ciudad Constitución,Mexico,CUA,25.053800582886,-111.61499786377
Guerrero Negro Airport,Guerrero Negro,Mexico,GUB,28.0261,-114.024002
El Lencero Airport,Jalapa,Mexico,JAL,19.4750995636,-96.7975006104
Alonso Valderrama Airport,Chitré,Panama,CTD,7.987840175628662,-80.40969848632812
Enrique Adolfo Jimenez Airport,Colón,Panama,ONX,9.356639862060549,-79.86740112304688
Jaqué Airport,Jaqué,Panama,JQE,7.51777982711792,-78.1572036743164
Captain Ramon Xatruch Airport,La Palma,Panama,PLP,8.406669616699219,-78.1417007446289
Aerotortuguero Airport,Roxana,Costa Rica,TTQ,10.42,-83.6095
Barra del Colorado Airport,Pococi,Costa Rica,BCL,10.768699645996094,-83.58560180664062
Islita Airport,Nandayure,Costa Rica,PBP,9.856109619140623,-85.37079620361328
Puerto Jimenez Airport,Puerto Jimenez,Costa Rica,PJM,8.533329963684082,-83.30000305175781
Tobias Bolanos International Airport,San Jose,Costa Rica,SYQ,9.957050323486328,-84.13980102539062
Jérémie Airport,Jeremie,Haiti,JEE,18.66309928894043,-74.17030334472656
Port-de-Paix Airport,Port-de-Paix,Haiti,PAX,19.9335994720459,-72.84860229492188
Alberto Delgado Airport,Trinidad,Cuba,TND,21.788299560546875,-79.99720001220703
Congo Town Airport,Andros,Bahamas,COX,24.158701,-77.589798
Arthur's Town Airport,Arthur's Town,Bahamas,ATC,24.6294,-75.673797
New Bight Airport,Cat Island,Bahamas,TBI,24.3153,-75.452301
Colonel Hill Airport,Colonel Hill,Bahamas,CRI,22.7455997467,-74.1824035645
Nassau Paradise Island Airport,Nassau,Bahamas,PID,25.08300018310547,-77.30000305175781
Enua Airport,Atiu Island,Cook Islands,AIU,-19.96780014038086,-158.11900329589844
Mangaia Island Airport,Mangaia Island,Cook Islands,MGS,-21.89598655700684,-157.9066619873047
Manihiki Island Airport,Manihiki Island,Cook Islands,MHX,-10.376700401306152,-161.0019989013672
Mauke Airport,Mauke Island,Cook Islands,MUK,-20.13610076904297,-157.34500122070312
Mitiaro Island Airport,Mitiaro Island,Cook Islands,MOI,-19.842500686645508,-157.7030029296875
Tongareva Airport,Penrhyn Island,Cook Islands,PYE,-9.01436996459961,-158.03240966796875
Cicia Airport,Cicia,Fiji,ICI,-17.7432994843,-179.341995239
Malolo Lailai Island Airport,Malolo Lailai Island,Fiji,PTF,-17.7779006958,177.197006226
Vunisea Airport,Vunisea,Fiji,KDV,-19.0580997467,178.156997681
Mana Island Airport,Mana Island,Fiji,MNF,-17.6730995178,177.098007202
Moala Airport,Moala,Fiji,MFJ,-18.5666999817,179.951004028
Ngau Airport,Ngau,Fiji,NGI,-18.1156005859,179.339996338
Lakeba Island Airport,Lakeba Island,Fiji,LKB,-18.1991996765,-178.817001343
Labasa Airport,Lambasa,Fiji,LBS,-16.466699600219727,179.33999633789062
Matei Airport,Matei,Fiji,TVU,-16.6905994415,-179.876998901
Koro Island Airport,Koro Island,Fiji,KXF,-17.3458003998,179.42199707
Rotuma Airport,Rotuma,Fiji,RTA,-12.482500076293944,177.0709991455078
Savusavu Airport,Savusavu,Fiji,SVU,-16.8027992249,179.341003418
Kaufana Airport,Eua Island,Tonga,EUA,-21.3782997131,-174.957992554
Lifuka Island Airport,Lifuka,Tonga,HPA,-19.777000427246094,-174.34100341796875
Mata'aho Airport,"Angaha, Niuafo'ou Island",Tonga,NFO,-15.5707998276,-175.632995605
Kuini Lavenia Airport,Niuatoputapu,Tonga,NTT,-15.977297,-173.791089
Vanua Balavu Airport,Vanua Balavu,Fiji,VBV,-17.268999099731445,-178.9759979248047
Niue International Airport,Alofi,Niue,IUE,-19.079030990600582,-169.92559814453125
Pointe Vele Airport,Futuna Island,Wallis and Futuna,FUT,-14.3114004135,-178.065994263
Maota Airport,Savaii Island,Samoa,MXS,-13.742300033569336,-172.25799560546875
Apataki Airport,Apataki,French Polynesia,APK,-15.5736,-146.414993
Ahe Airport,Ahe,French Polynesia,AHE,-14.428099632263184,-146.2570037841797
Hiva Oa-Atuona Airport,Hiva-oa,French Polynesia,AUQ,-9.76879024506,-139.011001587
Ua Pou Airport,Ua Pou,French Polynesia,UAP,-9.35167,-140.078003
Ua Huka Airport,Ua Huka,French Polynesia,UAH,-8.93611,-139.552002
Mota Lava Airport,Ablow,Vanuatu,MTV,-13.6660003662,167.712005615
Sola Airport,Sola,Vanuatu,SLH,-13.8516998291,167.537002563
Torres Airstrip,Loh/Linua,Vanuatu,TOH,-13.3280000687,166.638000488
Siwo Airport,Sangafa,Vanuatu,EAE,-17.0902996063,168.343002319
Craig Cove Airport,Craig Cove,Vanuatu,CCV,-16.264999,167.923996
Longana Airport,Longana,Vanuatu,LOD,-15.3066997528,167.966995239
Sara Airport,Pentecost Island,Vanuatu,SSR,-15.4708003998,168.151992798
Tavie Airport,Paama Island,Vanuatu,PBJ,-16.438999176,168.257003784
Lamap Airport,Lamap,Vanuatu,LPM,-16.4611228,167.829253
Lamen Bay Airport,Lamen Bay,Vanuatu,LNB,-16.584199905400002,168.158996582
Maewo-Naone Airport,Maewo Island,Vanuatu,MWF,-15.0,168.082992554
Lonorore Airport,Lonorore,Vanuatu,LNE,-15.8655996323,168.17199707
Norsup Airport,Norsup,Vanuatu,NUS,-16.0797,167.401001
Gaua Island Airport,Gaua Island,Vanuatu,ZGU,-14.218099594099998,167.587005615
Redcliffe Airport,Redcliffe,Vanuatu,RCL,-15.4720001221,167.835006714
Santo Pekoa International Airport,Santo,Vanuatu,SON,-15.505000114399998,167.220001221
Tongoa Airport,Tongoa Island,Vanuatu,TGH,-16.8910999298,168.550994873
Uléi Airport,Ambryn Island,Vanuatu,ULB,-16.3297,168.3011
Valesdir Airport,Valesdir,Vanuatu,VLS,-16.796100616500002,168.177001953
Southwest Bay Airport,Malekula Island,Vanuatu,SWJ,-16.4864,167.4472
North West Santo Airport,Olpoi,Vanuatu,OLJ,-14.881699562099998,166.557998657
Aneityum Airport,Anelghowhat,Vanuatu,AUY,-20.2492008209,169.770996094
Aniwa Airport,Aniwa,Vanuatu,AWD,-19.2346,169.6009
Dillon's Bay Airport,Dillon's Bay,Vanuatu,DLY,-18.7693996429,169.00100708
Futuna Airport,Futuna Island,Vanuatu,FTA,-19.5163993835,170.231994629
Ipota Airport,Ipota,Vanuatu,IPA,-18.856389,169.283333
Tiga Airport,Tiga,New Caledonia,TGJ,-21.096099853515625,167.8040008544922
Île Art - Waala Airport,Waala,New Caledonia,BMY,-19.720600128173828,163.66099548339844
Île des Pins Airport,Île des Pins,New Caledonia,ILP,-22.58889961242676,167.45599365234375
Fayzabad Airport,Faizabad,Afghanistan,FBD,37.121101,70.518097
Al-Jawf Domestic Airport,Al-Jawf,Saudi Arabia,AJF,29.78510093688965,40.09999847412109
Wadi Al Dawasir Airport,Wadi-al-dawasir,Saudi Arabia,WAE,20.504299163800003,45.1996002197
Khoram Abad Airport,Khorram Abad,Iran,KHD,33.43539810180664,48.282901763916016
Bam Airport,Bam,Iran,BXR,29.084199905395508,58.45000076293945
Rafsanjan Airport,Rafsanjan,Iran,RJN,30.297700881958008,56.05110168457031
Bojnord Airport,Bojnourd,Iran,BJB,37.49300003051758,57.30820083618164
Sabzevar National Airport,Sabzevar,Iran,AFZ,36.16809844970703,57.59519958496094
Noshahr Airport,Noshahr,Iran,NSH,36.66329956054688,51.46469879150391
Dasht-e Naz Airport,Dasht-e-naz,Iran,SRY,36.635799408,53.1935997009
Lar Airport,Lar,Iran,LRR,27.6746997833,54.3833007812
Ardabil Airport,Ardabil,Iran,ADU,38.3256988525,48.4244003296
Urmia Airport,Uromiyeh,Iran,OMH,37.6680984497,45.0686988831
Al Ain International Airport,Al Ain,United Arab Emirates,AAN,24.261699676513672,55.60919952392578
Bannu Airport,Bannu,Pakistan,BNP,32.9729,70.527901
Bahawalpur Airport,Bahawalpur,Pakistan,BHV,29.348100662231445,71.71800231933594
Chitral Airport,Chitral,Pakistan,CJL,35.886600494384766,71.80059814453125
Dalbandin Airport,Dalbandin,Pakistan,DBA,28.8782997131,64.3998031616
Dera Ghazi Khan Airport,Dera Ghazi Khan,Pakistan,DEA,29.961000442504883,70.48590087890625
Dera Ismael Khan Airport,Dera Ismael Khan,Pakistan,DSK,31.909400939941406,70.89659881591797
Jiwani Airport,Jiwani,Pakistan,JIW,25.067800521900004,61.8054008484
Hyderabad Airport,Hyderabad,Pakistan,HDD,25.3181,68.366096
Khuzdar Airport,Khuzdar,Pakistan,KDD,27.790599823,66.6473007202
Ormara Airport,Ormara Raik,Pakistan,ORW,25.274700164799995,64.58599853519999
Parachinar Airport,Parachinar,Pakistan,PAJ,33.902099609400004,70.0716018677
Skardu Airport,Skardu,Pakistan,KDU,35.33549880981445,75.53600311279297
Sehwan Sharif Airport,Sehwan Sharif,Pakistan,SYW,26.473100662231445,67.71720123291016
Turbat International Airport,Turbat,Pakistan,TUK,25.986400604248047,63.03020095825195
Sulaymaniyah International Airport,Sulaymaniyah,Iraq,ISU,35.5617485046,45.3167381287
Kamishly Airport,Kamishly,Syria,KAC,37.020599365234375,41.19139862060547
Sayun International Airport,Sayun Intl,Yemen,GXF,15.9660997391,48.78829956049999
Adak Airport,Adak Island,United States,ADK,51.87799835205078,-176.64599609375
Gustavus Airport,Gustavus,United States,GST,58.4253006,-135.7070007
Skagway Airport,Skagway,United States,SGY,59.46009826660156,-135.3159942626953
Holy Cross Airport,Holy Cross,United States,HCR,62.18830108642578,-159.77499389648438
Haines Airport,Haines,United States,HNS,59.24380111694336,-135.5240020751953
Kalskag Airport,Kalskag,United States,KLG,61.53630065917969,-160.34100341796875
McGrath Airport,Mcgrath,United States,MCG,62.95289993,-155.6060028
Mountain Village Airport,Mountain Village,United States,MOU,62.095401763916016,-163.6820068359375
Aniak Airport,Aniak,United States,ANI,61.58160018920898,-159.54299926757812
Chevak Airport,Chevak,United States,VAK,61.5409,-165.6005
Wrangell Airport,Wrangell,United States,WRG,56.48429871,-132.3699951
Balimo Airport,Balimo,Papua New Guinea,OPU,-8.05000019073,142.932998657
Baimuru Airport,Baimuru,Papua New Guinea,VMU,-7.49686002731,144.819900513
Kalaupapa Airport,Molokai,United States,LUP,21.21100044,-156.973999
Eniwetok Airport,Eniwetok Atoll,Marshall Islands,ENT,11.340700149536133,162.3280029296875
Matsu Nangan Airport,Matsu Islands,Taiwan,LZN,26.1598,119.958
Hengchun Airport,Hengchun,Taiwan,HCN,22.041099548339844,120.7300033569336
Matsu Beigan Airport,Matsu Islands,Taiwan,MFK,26.224199,120.002998
Kushiro Airport,Kushiro,Japan,KUH,43.0410003662,144.192993164
Okadama Airport,Sapporo,Japan,OKD,43.117447,141.38134
Saga Airport,Saga,Japan,HSG,33.149700164799995,130.302001953
Nagoya Airport,Nagoya,Japan,NKM,35.255001068115234,136.9239959716797
Iwami Airport,Iwami,Japan,IWJ,34.676399231,131.789993286
Fukushima Airport,Fukushima,Japan,FKS,37.22740173339844,140.43099975585938
Odate Noshiro Airport,Odate Noshiro,Japan,ONJ,40.1918983459,140.371002197
Shonai Airport,Shonai,Japan,SYO,38.81219863889999,139.787002563
Miyakejima Airport,Miyakejima,Japan,MYE,34.073600769,139.559997559
Kunsan Air Base,Kunsan,South Korea,KUV,35.90380096435547,126.61599731445312
Mokpo Heliport,Mokpo,South Korea,MPK,34.7588996887,126.379997253
Wonju/Hoengseong Air Base (K-38/K-46),Wonju,South Korea,WJU,37.441201,127.963858
Yangyang International Airport,Sokcho / Gangneung,South Korea,YNY,38.061298,128.669006
Sacheon Air Base/Airport,Sacheon,South Korea,HIN,35.088591,128.071747
Cheongju International Airport/Cheongju Air Base (K-59/G-513),Chongju,South Korea,CJJ,36.717008,127.498741
Subic Bay International Airport,Olongapo City,Philippines,SFS,14.794400215148926,120.27100372314452
Cuyo Airport,Cuyo,Philippines,CYU,10.858099937438965,121.06900024414062
Camiguin Airport,Camiguin,Philippines,CGM,9.253520011901855,124.70700073242188
Jolo Airport,Jolo,Philippines,JOL,6.0536699295043945,121.01100158691406
Sanga Sanga Airport,Sanga Sanga,Philippines,TWT,5.046991,119.742996
Surigao Airport,Sangley Point,Philippines,SUG,9.755838325629998,125.480947495
Tandag Airport,Tandag,Philippines,TDG,9.072110176086426,126.1709976196289
Naga Airport,Naga,Philippines,WNP,13.58489990234375,123.2699966430664
Basco Airport,Basco,Philippines,BSO,20.4513,121.980003
San Fernando Airport,San Fernando,Philippines,SFE,16.595600128173828,120.3030014038086
Tuguegarao Airport,Tuguegarao,Philippines,TUG,17.6433676823,121.733150482
Virac Airport,Virac,Philippines,VRC,13.57639980316162,124.20600128173828
Calbayog Airport,Calbayog City,Philippines,CYP,12.072699546813965,124.54499816894533
Catarman National Airport,Catarman,Philippines,CRM,12.502400398254396,124.63600158691406
Moises R. Espinosa Airport,Masbate,Philippines,MBT,12.369682,123.630095
Roxas Airport,Roxas City,Philippines,RXS,11.597700119018556,122.7519989013672
General Enrique Mosconi Airport,Tartagal,Argentina,TTG,-22.619600296,-63.7937011719
Las Heras Airport,Las Heras,Argentina,LHS,-46.53829956049999,-68.9653015137
Antoine de Saint Exupéry Airport,San Antonio Oeste,Argentina,OES,-40.7512,-65.0343
Lago Argentino Airport,El Calafate,Argentina,ING,-50.336102,-72.248596
Gobernador Gregores Airport,Gobernador Gregores,Argentina,GGS,-48.7831,-70.150002
Santa Teresita Airport,Santa Teresita,Argentina,SST,-36.5423,-56.7218
Necochea Airport,Necochea,Argentina,NEC,-38.4831,-58.8172
Orlando Bezerra de Menezes Airport,Juazeiro Do Norte,Brazil,JDO,-7.21895980835,-39.2700996399
Coronel Horácio de Mattos Airport,Lençóis,Brazil,LEC,-12.4822998047,-41.2770004272
Macaé Airport,Macaé,Brazil,MEA,-22.343000412,-41.7659988403
Frank Miloye Milenkowichi–Marília State Airport,Marília,Brazil,MII,-22.1968994141,-49.926399231
Vitória da Conquista Airport,Vitória Da Conquista,Brazil,VDC,-14.8627996445,-40.8630981445
Santa Maria Airport,Santa Maria,Brazil,RIA,-29.711399,-53.688202
Toledo Airport,Toledo,Brazil,TOW,-24.6863,-53.697498
Ricardo García Posada Airport,El Salvador,Chile,ESR,-26.31110000610352,-69.76519775390625
Pucón Airport,Pucon,Chile,ZPC,-39.29280090332031,-71.91590118408203
Sorocaba Airport,Sorocaba,Brazil,SOD,-23.478001,-47.490002
San Cristóbal Airport,San Cristóbal,Ecuador,SCY,-0.910206,-89.617401
Camilo Ponce Enriquez Airport,La Toma (Catamayo),Ecuador,LOH,-3.99589,-79.371902
General Rivadeneira Airport,Esmeraldas,Ecuador,ESM,0.9785190224647522,-79.62660217285156
Port Stanley Airport,Stanley,Falkland Islands,PSY,-51.685699462891,-57.777599334717
Santa Ana Airport,Cartago,Colombia,CRC,4.75818,-75.9557
Caucaya Airport,Puerto Leguízamo,Colombia,LQM,-0.182278,-74.7708
La Pedrera Airport,La Pedrera,Colombia,LPD,-1.32861,-69.5797
Reyes Murillo Airport,Nuquí,Colombia,NQU,5.6964,-77.2806
Obando Airport,Puerto Inírida,Colombia,PDA,3.85353,-67.9062
El Yopal Airport,Yopal,Colombia,EYP,5.31911,-72.384
Capitán de Av. Emilio Beltrán Airport,Guayaramerín,Bolivia,GYA,-10.820599556,-65.3455963135
Puerto Rico Airport,Puerto Rico/Manuripi,Bolivia,PUR,-11.107663,-67.551155
Capitán Av. Selin Zeitun Lopez Airport,Riberalta,Bolivia,RIB,-11.0,-66.0
Reyes Airport,Reyes,Bolivia,REY,-14.3044,-67.353401
Capitán Av. German Quiroga G. Airport,San Borja,Bolivia,SRJ,-14.85919952392578,-66.73750305175781
Zorg en Hoop Airport,Paramaribo,Suriname,ORG,5.81108,-55.190701
Mucuri Airport,Mucuri,Brazil,MVS,-18.048900604248047,-39.864200592041016
Mayor General FAP Armando Revoredo Iglesias Airport,Cajamarca,Peru,CJA,-7.1391801834106445,-78.4894027709961
Alferez Fap David Figueroa Fernandini Airport,Huánuco,Peru,HUU,-9.878809928894045,-76.20480346679688
Maria Reiche Neuman Airport,Nazca,Peru,NZC,-14.8540000916,-74.9615020752
Santa Rosa Airport,Santa Rosa,Brazil,SRA,-27.9067,-54.520401
Escuela Mariscal Sucre Airport,Maracay,Venezuela,MYC,10.249978065490724,-67.64942169189453
Juan Pablo Pérez Alfonso Airport,El Vigía,Venezuela,VIG,8.624139,-71.672668
Ji-Paraná Airport,Ji-Paraná,Brazil,JPR,-10.8708000183,-61.8465003967
Codrington Airport,Codrington,Antigua and Barbuda,BBQ,17.635799,-61.828602
La Désirade Airport,Grande Anse,Guadeloupe,DSD,16.296902,-61.0844
Baillif Airport,Basse Terre,Guadeloupe,BBR,16.0132999420166,-61.7421989440918
St-François Airport,St-François,Guadeloupe,SFC,16.25779914855957,-61.26250076293945
Les Bases Airport,Grand Bourg,Guadeloupe,GBJ,15.86870002746582,-61.27000045776367
Vance W. Amory International Airport,Charlestown,Saint Kitts and Nevis,NEV,17.205699920654297,-62.58990097045898
Virgin Gorda Airport,Spanish Town,British Virgin Islands,VIJ,18.446399688720703,-64.42749786376953
J F Mitchell Airport,Bequia,Saint Vincent and the Grenadines,BQU,12.9884004593,-61.2620010376
Union Island International Airport,Union Island,Saint Vincent and the Grenadines,UNI,12.60013484954834,-61.41194534301758
Kokshetau Airport,Kokshetau,Kazakhstan,KOV,53.329102,69.594597
Petropavlosk South Airport,Petropavlosk,Kazakhstan,PPK,54.77470016479492,69.18389892578125
Zhezkazgan Airport,Zhezkazgan,Kazakhstan,DZN,47.708302,67.733299
Ust-Kamennogorsk Airport,Ust Kamenogorsk,Kazakhstan,UKK,50.036598205566406,82.49420166015625
Kostanay West Airport,Kostanay,Kazakhstan,KSN,53.20690155029297,63.55030059814453
Ganja Airport,Ganja,Azerbaijan,KVD,40.737701416015625,46.31760025024414
Nakhchivan Airport,Nakhchivan,Azerbaijan,NAJ,39.18880081176758,45.45840072631836
Chulman Airport,Neryungri,Russia,NER,56.913898468018,124.91400146484
Polyarny Airport,Yakutia,Russia,PYJ,66.4003982544,112.029998779
Chokurdakh Airport,Chokurdah,Russia,CKH,70.62310028076172,147.90199279785156
Cherskiy Airport,Cherskiy,Russia,CYX,68.7406005859375,161.33799743652344
Tiksi Airport,Tiksi,Russia,IKS,71.697700500488,128.90299987793
Komsomolsk-on-Amur Airport,Komsomolsk-on-Amur,Russia,KXK,50.40900039672852,136.9340057373047
Ugolny Airport,Anadyr,Russia,DYR,64.734902,177.740997
Okhotsk Airport,Okhotsk,Russia,OHO,59.410064697265625,143.05650329589844
Ujae Atoll Airport,Ujae Atoll,Marshall Islands,UJE,8.92805957794,165.761993408
Mariupol International Airport,Mariupol International,Ukraine,MPW,47.07609939575195,37.44960021972656
Luhansk International Airport,Lugansk,Ukraine,VSG,48.4174003601,39.3740997314
Zaporizhzhia International Airport,Zaporozhye,Ukraine,OZH,47.867000579833984,35.31570053100586
Kryvyi Rih International Airport,Krivoy Rog,Ukraine,KWG,48.04330062866211,33.209999084472656
Kharkiv International Airport,Kharkov,Ukraine,HRK,49.924800872802734,36.290000915527344
Ivano-Frankivsk International Airport,Ivano-Frankivsk,Ukraine,IFO,48.88420104980469,24.68610000610352
Chernivtsi International Airport,Chernovtsk,Ukraine,CWC,48.2593002319336,25.98080062866211
Rivne International Airport,Rivne,Ukraine,RWN,50.60710144042969,26.141599655151367
Uzhhorod International Airport,Uzhgorod,Ukraine,UDJ,48.6343002319336,22.263399124145508
Solovki Airport,Solovetsky Islands,Russia,CSH,65.0299987793,35.7333335876
Cherepovets Airport,Cherepovets,Russia,CEE,59.273601532,38.0158004761
Amderma Airport,Amderma,Russia,AMV,69.76329803466797,61.556400299072266
Kotlas Airport,Kotlas,Russia,KSZ,61.235801696777344,46.6974983215332
Petrozavodsk Airport,Petrozavodsk,Russia,PES,61.88520050048828,34.15470123291016
Hrodna Airport,Hrodna,Belarus,GNA,53.60200119018555,24.053800582885746
Mogilev Airport,Mogilev,Belarus,MVQ,53.95489883422852,30.09510040283203
Yeniseysk Airport,Yeniseysk,Russia,EIE,58.47420120239258,92.1125030517578
Kyzyl Airport,Kyzyl,Russia,KYZ,51.66939926147461,94.40059661865234
Spichenkovo Airport,Novokuznetsk,Russia,NOZ,53.811401,86.877197
Khatanga Airport,Khatanga,Russia,HTG,71.97810363769531,102.49099731445312
Igarka Airport,Igarka,Russia,IAA,67.43720245361328,86.62190246582031
Nalchik Airport,Nalchik,Russia,NAL,43.51290130615234,43.636600494384766
Beslan Airport,Beslan,Russia,OGZ,43.2051010132,44.6066017151
Elista Airport,Elista,Russia,ESL,46.3739013671875,44.33089828491211
Aleknagik / New Airport,Aleknagik,United States,WKK,59.2826004028,-158.617996216
Mercer County Airport,Bluefield,United States,BLF,37.29579925537109,-81.20770263671875
Mid Delta Regional Airport,Greenville,United States,GLH,33.4828987121582,-90.98560333251952
Tri Cities Airport,Pasco,United States,PSC,46.26470184326172,-119.11900329589844
Akutan Seaplane Base,Akutan,United States,KQA,54.1337704415,-165.778895617
Lopez Island Airport,Lopez,United States,LPS,48.4838981628418,-122.93800354003906
Salekhard Airport,Salekhard,Russia,SLY,66.5907974243164,66.61100006103516
Khanty Mansiysk Airport,Khanty-Mansiysk,Russia,HMA,61.02849960327149,69.08609771728516
Nyagan Airport,Nyagan,Russia,NYA,62.110001,65.614998
Sovetskiy Airport,Sovetskiy,Russia,OVS,61.326622009277344,63.60191345214844
Izhevsk Airport,Izhevsk,Russia,IJK,56.82809829711914,53.45750045776367
Pobedilovo Airport,Kirov,Russia,KVX,58.503299713135,49.348300933838
Nadym Airport,Nadym,Russia,NYM,65.48090362548828,72.69889831542969
Raduzhny Airport,Raduzhnyi,Russia,RAT,62.1585998535,77.32890319820001
Nefteyugansk Airport,Nefteyugansk,Russia,NFG,61.10829925537109,72.6500015258789
Kurgan Airport,Kurgan,Russia,KRO,55.47529983520508,65.41560363769531
Khudzhand Airport,Khudzhand,Tajikistan,LBD,40.21540069580078,69.6947021484375
Andizhan Airport,Andizhan,Uzbekistan,AZN,40.7276992798,72.2939987183
Fergana International Airport,Fergana,Uzbekistan,FEG,40.3587989807,71.7450027466
Namangan Airport,Namangan,Uzbekistan,NMA,40.9846000671,71.5567016602
Nukus Airport,Nukus,Uzbekistan,NCU,42.488399505615234,59.62329864501953
Urgench Airport,Urgench,Uzbekistan,UGC,41.58430099487305,60.641700744628906
Karshi Khanabad Airport,Khanabad,Uzbekistan,KSQ,38.8335990906,65.9215011597
Termez Airport,Termez,Uzbekistan,TMJ,37.28670120239258,67.30999755859375
Staroselye Airport,Rybinsk,Russia,RYB,58.10419845581055,38.92940139770508
Belgorod International Airport,Belgorod,Russia,EGO,50.643798828125,36.5900993347168
Kursk East Airport,Kursk,Russia,URS,51.7505989074707,36.29560089111328
Lipetsk Airport,Lipetsk,Russia,LPK,52.70280075073242,39.53779983520508
Vorkuta Airport,Vorkuta,Russia,VKT,67.48860168457031,63.99309921264648
Bugulma Airport,Bugulma,Russia,UUA,54.63999938964844,52.801700592041016
Yoshkar-Ola Airport,Yoshkar-Ola,Russia,JOK,56.70059967041016,47.90470123291016
Cheboksary Airport,Cheboksary,Russia,CSY,56.09030151367188,47.3473014831543
Ulyanovsk East Airport,Ulyanovsk,Russia,ULY,54.4010009765625,48.80270004272461
Orsk Airport,Orsk,Russia,OSW,51.0724983215332,58.59560012817383
Penza Airport,Penza,Russia,PEZ,53.110599517822266,45.02109909057617
Saransk Airport,Saransk,Russia,SKX,54.12512969970703,45.21225738525391
Balakovo Airport,Balakovo,Russia,BWO,51.8582992554,47.7456016541
Hubli Airport,Hubli,India,HBX,15.361700058,75.08489990230001
Koggala Airport,Koggala,Sri Lanka,KCT,5.993680000305176,80.32029724121094
Weerawila Airport,Wirawila,Sri Lanka,WRZ,6.25448989868,81.23519897460001
Battambang Airport,Battambang,Cambodia,BBM,13.095600128173828,103.2239990234375
Shillong Airport,Shillong,India,SHL,25.70359992980957,91.97869873046876
Lokpriya Gopinath Bordoloi International Airport,Guwahati,India,GAU,26.10610008239746,91.58589935302734
Dimapur Airport,Dimapur,India,DMU,25.8838996887,93.7711029053
Tezpur Airport,Tezpur,India,TEZ,26.7091007232666,92.78469848632812
Barisal Airport,Barisal,Bangladesh,BZL,22.801000595092773,90.30120086669922
Ban Huoeisay Airport,Huay Xai,Laos,HOE,20.2572994232,100.43699646
Bharatpur Airport,Bharatpur,Nepal,BHR,27.678101,84.429398
Bhadrapur Airport,Chandragarhi,Nepal,BDP,26.5708007812,88.07959747310001
Meghauli Airport,Meghauli,Nepal,MEY,27.5774,84.22875
Nepalgunj Airport,Nepalgunj,Nepal,KEP,28.103599548339844,81.66699981689453
Gan International Airport,Gan Island,Maldives,GAN,-0.693342,73.155602
Hanimaadhoo Airport,Haa Dhaalu Atoll,Maldives,HAQ,6.744229793548584,73.17050170898438
Kadhdhoo Airport,Laamu Atoll,Maldives,KDO,1.8591699600219729,73.52189636230469
Mae Sot Airport,Tak,Thailand,MAQ,16.699899673461914,98.54509735107422
Buon Ma Thuot Airport,Buonmethuot,Vietnam,BMV,12.668299675,108.120002747
Cat Bi International Airport,Haiphong,Vietnam,HPH,20.81940078735352,106.7249984741211
Cam Ranh Airport,Nha Trang,Vietnam,CXR,11.99820041656494,109.21900177001952
Co Ong Airport,Conson,Vietnam,VCS,8.73183,106.633003
Can Tho International Airport,Can Tho,Vietnam,VCA,10.085100174,105.711997986
Dien Bien Phu Airport,Dienbienphu,Vietnam,DIN,21.3974990845,103.008003235
Phu Cat Airport,Phucat,Vietnam,UIH,13.955,109.042
Pleiku Airport,Pleiku,Vietnam,PXU,14.00450038909912,108.01699829101562
Vinh Airport,Vinh,Vietnam,VII,18.7376003265,105.67099762
Banmaw Airport,Banmaw,Burma,BMO,24.268999099731445,97.24620056152344
Dawei Airport,Dawei,Burma,TVY,14.103899955749512,98.20359802246094
Kawthoung Airport,Kawthoung,Burma,KAW,10.04930019378662,98.53800201416016
Loikaw Airport,Loikaw,Burma,LIW,19.691499710083008,97.2147979736328
Mawlamyine Airport,Mawlamyine,Burma,MNU,16.444700241088867,97.66069793701172
Pathein Airport,Pathein,Burma,BSX,16.815201,94.7799
Pakhokku Airport,Pakhokku,Burma,PKK,21.4043,95.11125
Sumbawa Besar Airport,Sumbawa Island,Indonesia,SWQ,-8.48904037475586,117.41200256347656
Tambolaka Airport,Waikabubak-Sumba Island,Indonesia,TMC,-9.40972,119.244003
Bokondini Airport,Bokondini-Papua Island,Indonesia,BUI,-3.6822,138.6755
Senggeh Airport,Senggeh-Papua Island,Indonesia,SEH,-3.45,140.779
Tanjung Harapan Airport,Tanjung Selor-Borneo Island,Indonesia,TJS,2.83583333333,117.373611111
Datadawai Airport,Datadawai-Borneo Island,Indonesia,DTD,0.8106,114.5306
Kalimarau Airport,Tanjung Redep-Borneo Island,Indonesia,BEJ,2.1555,117.431999
Warukin Airport,Tanjung-Borneo Island,Indonesia,TJG,-2.21655988693,115.435997009
Sampit(Hasan) Airport,Sampit-Borneo Island,Indonesia,SMQ,-2.49919009209,112.974998474
Dumatumbun Airport,Langgur-Kei Islands,Indonesia,LUV,-5.661620140075684,132.7310028076172
Mali Airport,Alor Island,Indonesia,ARD,-8.132340431213379,124.59700012207033
Belaga Airport,Belaga,Malaysia,BLG,2.65000009537,113.766998291
Long Lellang Airport,Long Datih,Malaysia,LGL,3.42100000381,115.153999329
Long Seridan Airport,Long Seridan,Malaysia,ODN,3.9670000076293945,115.0500030517578
Mukah Airport,Mukah,Malaysia,MKM,2.90639,112.080002
Bakalalan Airport,Bakalalan,Malaysia,BKM,3.973999977111816,115.61799621582033
Lawas Airport,Lawas,Malaysia,LWY,4.84917,115.407997
Bario Airport,Bario,Malaysia,BBN,3.7338900566101074,115.47899627685548
Tomanggong Airport,Tomanggong,Malaysia,TMG,5.40257,118.65763
Kudat Airport,Kudat,Malaysia,KUD,6.922500133514404,116.83599853515624
Radin Inten II (Branti) Airport,Bandar Lampung-Sumatra Island,Indonesia,TKG,-5.240556,105.175556
Halim Perdanakusuma International Airport,Jakarta,Indonesia,HLP,-6.266610145568848,106.89099884033205
Ranai Airport,Ranai-Natuna Besar Island,Indonesia,NTX,3.90871,108.388
Pangsuma Airport,Putussibau-Borneo Island,Indonesia,PSU,0.8355780243873596,112.93699645996094
Sintang(Susilo) Airport,Sintang-Borneo Island,Indonesia,SQG,0.0636190026998519,111.4729995727539
Pendopo Airport,Talang Gudang-Sumatra Island,Indonesia,PDO,-3.2860701084136963,103.87999725341795
Malikus Saleh Airport,Lhok Seumawe-Sumatra Island,Indonesia,LSW,5.226679801940918,96.95030212402344
Pulau Pangkor Airport,Pangkor Island,Malaysia,PKG,4.244719982147217,100.5530014038086
Long Bawan Airport,Long Bawan-Borneo Island,Indonesia,LBW,3.9028,115.6921
Nunukan Airport,Nunukan-Nunukan Island,Indonesia,NNX,4.13333333333,117.666666667
Long Apung Airport,Long Apung-Borneo Island,Indonesia,LPU,1.704486,114.970297
Albany Airport,Albany,Australia,ALH,-34.94329833984375,117.80899810791016
Argyle Airport,Argyle,Australia,GYL,-16.6369,128.451004
Aurukun Airport,Aurukun,Australia,AUU,-13.354067,141.72065
Barcaldine Airport,Barcaldine,Australia,BCI,-23.5652999878,145.307006836
Badu Island Airport,Badu Island,Australia,BDD,-10.1499996185,142.1734
Birdsville Airport,Birdsville,Australia,BVI,-25.897499084472656,139.34800720214844
Broken Hill Airport,Broken Hill,Australia,BHQ,-32.0013999939,141.472000122
Hamilton Island Airport,Hamilton Island,Australia,HTI,-20.3581008911,148.95199585
Bedourie Airport,Bedourie,Australia,BEU,-24.346099853515625,139.4600067138672
Bourke Airport,Bourke,Australia,BRK,-30.03919982910156,145.95199584960938
Burketown Airport,Burketown,Australia,BUC,-17.748600006103516,139.53399658203125
Boigu Airport,Boigu,Australia,GIC,-9.23278045654,142.218002319
Oakey Airport,Oakey,Australia,OKY,-27.411399841308597,151.73500061035156
Boulia Airport,Boulia,Australia,BQL,-22.913299560546875,139.89999389648438
Bathurst Airport,Bathurst,Australia,BHS,-33.4094009399,149.651992798
Blackwater Airport,Blackwater,Australia,BLT,-23.603099822998047,148.8070068359375
Carnarvon Airport,Carnarvon,Australia,CVQ,-24.880211,113.67174
Cobar Airport,Cobar,Australia,CAZ,-31.538299560546875,145.79400634765625
Coober Pedy Airport,Coober Pedy,Australia,CPD,-29.040000915527344,134.7209930419922
Coconut Island Airport,Coconut Island,Australia,CNC,-10.050000190734863,143.07000732421875
Cloncurry Airport,Cloncurry,Australia,CNJ,-20.6686000824,140.503997803
Ceduna Airport,Ceduna,Australia,CED,-32.13059997558594,133.7100067138672
Cooktown Airport,Cooktown,Australia,CTN,-15.444700241088867,145.1840057373047
Cunnamulla Airport,Cunnamulla,Australia,CMA,-28.030000686645508,145.6219940185547
Coonamble Airport,Coonamble,Australia,CNB,-30.983299255371094,148.37600708007812
Coen Airport,Coen,Australia,CUQ,-13.761133,143.113311
Cooma Snowy Mountains Airport,Cooma,Australia,OOM,-36.3005981445,148.973999023
Doomadgee Airport,Doomadgee,Australia,DMD,-17.9403,138.822006
Darnley Island Airport,Darnley Island,Australia,NLF,-9.583330154418944,143.76699829101562
Devonport Airport,Devonport,Australia,DPO,-41.1697006226,146.429992676
Elcho Island Airport,Elcho Island,Australia,ELC,-12.019399642899998,135.570999146
Esperance Airport,Esperance,Australia,EPR,-33.684399,121.822998
Flinders Island Airport,Flinders Island,Australia,FLS,-40.0917015076,147.992996216
Geraldton Airport,Geraldton,Australia,GET,-28.796101,114.707001
Gladstone Airport,Gladstone,Australia,GLT,-23.869699,151.223007
Groote Eylandt Airport,Groote Eylandt,Australia,GTE,-13.9750003815,136.460006714
Griffith Airport,Griffith,Australia,GFF,-34.2508010864,146.067001343
Horn Island Airport,Horn Island,Australia,HID,-10.586400032,142.289993286
Hooker Creek Airport,Hooker Creek,Australia,HOK,-18.3367004395,130.638000488
Mount Hotham Airport,Mount Hotham,Australia,MHU,-37.0475006104,147.333999634
Hughenden Airport,Hughenden,Australia,HGD,-20.815000534057617,144.22500610351562
Julia Creek Airport,Julia Creek,Australia,JCK,-20.66830062866211,141.72300720214844
Kalbarri Airport,Kalbarri,Australia,KAX,-27.692813,114.259169
King Island Airport,King Island,Australia,KNS,-39.87749862670898,143.8780059814453
Kalkgurung Airport,Kalkgurung,Australia,KFG,-17.431900024414062,130.80799865722656
Karumba Airport,Karumba,Australia,KRB,-17.45669937133789,140.8300018310547
Kowanyama Airport,Kowanyama,Australia,KWM,-15.485600471496582,141.75100708007812
Kubin Airport,Kubin,Australia,KUG,-10.2250003815,142.218002319
Leonora Airport,Leonora,Australia,LNO,-28.87809944152832,121.31500244140624
Lake Evella Airport,Lake Evella,Australia,LEL,-12.498900413513184,135.80599975585938
Lord Howe Island Airport,Lord Howe Island,Australia,LDH,-31.5382995605,159.07699585
Lockhart River Airport,Lockhart River,Australia,IRG,-12.7869,143.304993
Lismore Airport,Lismore,Australia,LSY,-28.8302993774,153.259994507
Lightning Ridge Airport,Lightning Ridge,Australia,LHG,-29.45669937133789,147.98399353027344
Longreach Airport,Longreach,Australia,LRE,-23.4342002869,144.279998779
Leinster Airport,Leinster,Australia,LER,-27.843299865722656,120.7030029296875
Laverton Airport,Laverton,Australia,LVO,-28.61359977722168,122.42400360107422
Mabuiag Island Airport,Mabuiag Island,Australia,UBB,-9.949999809265137,142.18299865722656
Meekatharra Airport,Meekatharra,Australia,MKR,-26.6117000579834,118.5479965209961
Merimbula Airport,Merimbula,Australia,MIM,-36.9085998535,149.901000977
Milingimbi Airport,Milingimbi,Australia,MGT,-12.0944004059,134.893997192
Maningrida Airport,Maningrida,Australia,MNG,-12.0560998917,134.23399353
McArthur River Mine Airport,McArthur River Mine,Australia,MCV,-16.4424991608,136.083999634
Mildura Airport,Mildura,Australia,MQL,-34.229198455799995,142.085998535
Mount Magnet Airport,Mount Magnet,Australia,MMG,-28.116100311279297,117.84200286865234
Moree Airport,Moree,Australia,MRZ,-29.4988994598,149.845001221
Moranbah Airport,Moranbah,Australia,MOV,-22.057800293,148.07699585
Moruya Airport,Moruya,Australia,MYA,-35.8978004456,150.143997192
Mount Gambier Airport,Mount Gambier,Australia,MGB,-37.745601654052734,140.78500366210938
Mornington Island Airport,Mornington Island,Australia,ONG,-16.662500381469727,139.17799377441406
Murray Island Airport,Murray Island,Australia,MYI,-9.91666984558,144.054992676
Maryborough Airport,Maryborough,Australia,MBH,-25.5133,152.714996
Narrandera Airport,Narrandera,Australia,NRA,-34.7022018433,146.511993408
Narrabri Airport,Narrabri,Australia,NAA,-30.3192005157,149.82699585
Normanton Airport,Normanton,Australia,NTN,-17.68409,141.069664
Newman Airport,Newman,Australia,ZNE,-23.4178009033,119.803001404
Olympic Dam Airport,Olympic Dam,Australia,OLP,-30.4850006104,136.876998901
Port Augusta Airport,Argyle,Australia,PUG,-32.50690078735352,137.7169952392578
Palm Island Airport,Palm Island,Australia,PMK,-18.755300521850582,146.58099365234375
Paraburdoo Airport,Paraburdoo,Australia,PBO,-23.1711006165,117.745002747
Cocos (Keeling) Islands Airport,Cocos Keeling Island,Cocos (Keeling) Islands,CCK,-12.1883001328,96.8339004517
Gove Airport,Gove,Australia,GOV,-12.269399642899998,136.817993164
Parkes Airport,Parkes,Australia,PKE,-33.131401062,148.238998413
Port Lincoln Airport,Port Lincoln,Australia,PLO,-34.6053009033,135.880004883
Pormpuraaw Airport,Pormpuraaw,Australia,EDR,-14.896451,141.60908
Port Macquarie Airport,Port Macquarie,Australia,PQQ,-31.4358005524,152.863006592
Portland Airport,Portland,Australia,PTJ,-38.31809997558594,141.4709930419922
Quilpie Airport,Quilpie,Australia,ULP,-26.612199783325195,144.2530059814453
Ramingining Airport,Ramingining,Australia,RAM,-12.356399536132812,134.8979949951172
Roma Airport,Roma,Australia,RMA,-26.545000076300003,148.774993896
St George Airport,St George,Australia,SGO,-28.049699783325195,148.59500122070312
Shark Bay Airport,Shark Bay,Australia,MJK,-25.8938999176,113.577003479
Saibai Island Airport,Saibai Island,Australia,SBR,-9.378330230710002,142.625
Strahan Airport,Strahan,Australia,SRN,-42.15499877929688,145.29200744628906
Thargomindah Airport,Thargomindah,Australia,XTG,-27.986400604248047,143.81100463867188
Tennant Creek Airport,Tennant Creek,Australia,TCA,-19.6343994140625,134.18299865722656
Victoria River Downs Airport,Victoria River Downs,Australia,VCD,-16.402124404907227,131.00497436523438
Warraber Island Airport,Sue Islet,Australia,SYU,-10.20829963684082,142.8249969482422
Windorah Airport,Windorah,Australia,WNR,-25.41309928894043,142.66700744628906
Whyalla Airport,Whyalla,Australia,WYA,-33.05889892578125,137.51400756835938
Wiluna Airport,Wiluna,Australia,WUN,-26.629199981689453,120.22100067138672
Wollongong Airport,Wollongong,Australia,WOL,-34.56110000610352,150.78900146484375
Winton Airport,Winton,Australia,WIN,-22.36359977722168,143.08599853515625
Wynyard Airport,Burnie,Australia,BWT,-40.9989013671875,145.7310028076172
Yorke Island Airport,Yorke Island,Australia,OKR,-9.752801,143.405673
Yam Island Airport,Yam Island,Australia,XMY,-9.90110969543457,142.7760009765625
Beijing Nanyuan Airport,Beijing,China,NAY,39.78279876708984,116.38800048828124
Chifeng Airport,Chifeng,China,CIF,42.23500061035156,118.90799713134766
Changzhi Airport,Changzhi,China,CIH,36.247501,113.125999
Datong Airport,Datong,China,DAT,40.060299,113.482002
Baita International Airport,Hohhot,China,HET,40.851398,111.823997
Baotou Airport,Baotou,China,BAV,40.560001373291016,109.99700164794922
Shijiazhuang Daguocun International Airport,Shijiazhuang,China,SJW,38.28070068359375,114.6969985961914
Tongliao Airport,Tongliao,China,TGO,43.556702,122.199997
Ulanhot Airport,Ulanhot,China,HLH,46.195333,122.008333
Xilinhot Airport,Xilinhot,China,XIL,43.91559982299805,115.96399688720705
Beihai Airport,Beihai,China,BHY,21.5394,109.293999
Changde Airport,Changde,China,CGD,28.9188995361,111.63999939
Dayong Airport,Dayong,China,DYG,29.1028,110.443001
Meixian Airport,Meixian,China,MXZ,24.350000381469727,116.13300323486328
Zhuhai Jinwan Airport,Zhuhai,China,ZUH,22.006399,113.375999
Liuzhou Bailian Airport,Liuzhou,China,LZH,24.2075,109.390999
Zhanjiang Airport,Zhanjiang,China,ZHA,21.214399,110.358002
Enshi Airport,Enshi,China,ENH,30.3202991486,109.48500061
Nanyang Jiangying Airport,Nanyang,China,NNY,32.980801,112.614998
Xiangyang Liuji Airport,Xiangfan,China,XFN,32.1506,112.291
Yichang Sanxia Airport,Yichang,China,YIH,30.55655,111.479988
Ankang Wulipu Airport,Ankang,China,AKA,32.708099,108.931
Golmud Airport,Golmud,China,GOQ,36.4006,94.786102
Hanzhong Chenggu Airport,Hanzhong,China,HZG,33.134136,107.206014
Qingyang Airport,Qingyang,China,IQN,35.799702,107.602997
Xining Caojiabu Airport,Xining,China,XNN,36.5275,102.042999
Yan'an Ershilipu Airport,Yan'an,China,ENY,36.636902,109.554001
Yulin Yuyang Airport,Yulin,China,UYN,38.35971,109.590927
Arvaikheer Airport,Arvaikheer,Mongolia,AVK,46.250301361083984,102.802001953125
Altai Airport,Altai,Mongolia,LTI,46.37639999389648,96.22109985351562
Bayankhongor Airport,Bayankhongor,Mongolia,BYN,46.16329956054688,100.7040023803711
Dalanzadgad Airport,Dalanzadgad,Mongolia,DLZ,43.59170150756836,104.43000030517578
Khovd Airport,Khovd,Mongolia,HVD,47.9541015625,91.6281967163086
Mörön Airport,Muren,Mongolia,MXV,49.66329956054688,100.0989990234375
Diqing Airport,Shangri-La,China,DIG,27.7936,99.6772
Mangshi Airport,Luxi,China,LUM,24.4011,98.5317
Pu'er Simao Airport,Simao,China,SYM,22.793301,100.959
Zhaotong Airport,Zhaotong,China,ZAT,27.32559967041016,103.75499725341795
Ganzhou Airport,Ganzhou,China,KOW,25.853333,114.778889
Jingdezhen Airport,Jingdezhen,China,JDZ,29.3386001587,117.176002502
Jiujiang Lushan Airport,Jiujiang,China,JIU,29.476944,115.801111
Quzhou Airport,Quzhou,China,JUZ,28.965799,118.899002
Lianyungang Airport,Lianyungang,China,LYG,34.571667,118.873611
Huangyan Luqiao Airport,Huangyan,China,HYN,28.56220054626465,121.4290008544922
Shubuling Airport,Linyi,China,LYI,35.04610061645508,118.41200256347656
Quanzhou Jinjiang International Airport,Quanzhou,China,JJN,24.7964,118.589996
Tunxi International Airport,Huangshan,China,TXN,29.733299255371094,118.25599670410156
Weifang Airport,Weifang,China,WEF,36.646702,119.119003
Weihai Airport,Weihai,China,WEH,37.18709945678711,122.22899627685548
Sunan Shuofang International Airport,Wuxi,China,WUX,31.4944000244,120.429000854
Nanping Wuyishan Airport,Wuyishan,China,WUS,27.7019,118.000999
Wenzhou Longwan International Airport,Wenzhou,China,WNZ,27.912201,120.851997
Yancheng Airport,Yancheng,China,YNZ,33.425833,120.203056
Yiwu Airport,Yiwu,China,YIW,29.3446998596,120.031997681
Zhoushan Airport,Zhoushan,China,HSN,29.9342002869,122.361999512
Qamdo Bangda Airport,Bangda,China,BPX,30.553600311279297,97.1082992553711
Dachuan Airport,Dazhou,China,DAX,31.1302,107.4295
Guangyuan Airport,Guangyuan,China,GYS,32.3911018371582,105.7020034790039
Luzhou Airport,Luzhou,China,LZO,28.85219955444336,105.39299774169922
Mianyang Airport,Mianyang,China,MIG,31.4281005859375,104.74099731445312
Nanchong Airport,Nanchong,China,NAO,30.79545,106.1626
Nyingchi Airport,Nyingchi,China,LZY,29.303300857543945,94.33529663085938
Wanxian Airport,Wanxian,China,WXN,30.8017,108.433
Aksu Airport,Aksu,China,AKU,41.262501,80.291702
Qiemo Yudu Airport,Qiemo,China,IQM,38.233611,85.465556
Kuqa Airport,Kuqa,China,KCA,41.677856,82.872917
Korla Airport,Korla,China,KRL,41.69779968261719,86.12889862060547
Karamay Airport,Karamay,China,KRY,45.46655,84.9527
Yining Airport,Yining,China,YIN,43.955799,81.330299
Heihe Airport,Heihe,China,HEK,50.1716209371,127.308883667
Jiamusi Airport,Jiamusi,China,JMU,46.84339904789999,130.464996338
Jinzhou Airport,Jinzhou,China,JNZ,41.10139846801758,121.06199645996094
Qiqihar Sanjiazi Airport,Qiqihar,China,NDG,47.23960113525391,123.91799926757812
Yanji Chaoyangchuan Airport,Yanji,China,YNJ,42.8828010559,129.451004028
Waikoloa Heliport,Waikoloa Village,United States,WKL,19.9205,-155.8607
Mount Keith Airport,Mount Keith,Australia,WME,-27.286399841308597,120.55500030517578
Los Roques Airport,Los Roques,Venezuela,LRV,11.9499998093,-66.66999816890001
Inishmore Aerodrome,Inis Mor,Ireland,IOR,53.1067008972168,-9.653610229492188
Connemara Regional Airport,Indreabhan,Ireland,NNR,53.23030090332031,-9.467780113220217
Rügen Airport,Ruegen,Germany,GTI,54.3833312988,13.3255558014
Berezovo Airport,Berezovo,Russia,EZV,63.92100143432617,65.03050231933594
Worcester Regional Airport,Worcester,United States,ORH,42.26729965209961,-71.87570190429688
Anqing Tianzhushan Airport,Anqing,China,AQG,30.582199,117.050003
Shanhaiguan Airport,Qinhuangdao,China,SHP,39.968102,119.731003
Yuncheng Guangong Airport,Yuncheng,China,YCU,35.116391,111.031388889
Jiayuguan Airport,Jiayuguan,China,JGN,39.856899,98.3414
Dandong Airport,Dandong,China,DDG,40.0247,124.286003
Ordos Ejin Horo Airport,Dongsheng,China,DSN,39.49,109.861388889
Bao'anying Airport,Panzhihua,China,PZI,26.54,101.79852
Bremerton National Airport,Bremerton,United States,PWT,47.490200042725,-122.76499938965
Spencer Municipal Airport,Spencer,United States,SPW,43.165500640869,-95.202796936035
Jefferson City Memorial Airport,Jefferson City,United States,JEF,38.5912017822,-92.1560974121
Unst Airport,Unst,United Kingdom,UNT,60.74720001220703,-0.8538500070571899
Provincetown Municipal Airport,Provincetown,United States,PVC,42.0718994141,-70.2213973999
Gustaf III Airport,Gustavia,France,SBH,17.904399871826172,-62.84360122680664
Kostroma Sokerkino Airport,Kostroma,Russia,KMW,57.7969017029,41.0194015503
Sukhumi Dranda Airport,Sukhumi,Georgia,SUI,42.8582000732,41.1281013489
Donskoye Airport,Tambow,Russia,TBW,52.806098937988,41.482799530029
Oban Airport,North Connel,United Kingdom,OBN,56.4635009765625,-5.399670124053955
Erechim Airport,Erechim,Brazil,ERM,-27.66189956665039,-52.2682991027832
Courchevel Airport,Courcheval,France,CVF,45.39670181274414,6.6347198486328125
Fullerton Municipal Airport,Fullerton,United States,FUL,33.8720016479,-117.980003357
Concord-Padgett Regional Airport,Concord,United States,USA,35.387798,-80.709099
Navoi Airport,Navoi,Uzbekistan,NVI,40.1171989440918,65.1707992553711
Ain Arnat Airport,Setif,Algeria,QSF,36.178100585900005,5.32449007034
La Rochelle-Île de Ré Airport,La Rochelle,France,LRH,46.17919921875,-1.1952799558639526
Friedman Memorial Airport,Hailey,United States,SUN,43.50439835,-114.2959976
Mason City Municipal Airport,Mason City,United States,MCW,43.157798767100005,-93.3312988281
Phoenix-Mesa-Gateway Airport,Mesa,United States,AZA,33.30780029,-111.6549988
Saúl Airport,Saul,French Guiana,XAU,3.61361,-53.204201
Anaktuvuk Pass Airport,Anaktuvuk Pass,United States,AKP,68.13359833,-151.7429962
Anvik Airport,Anvik,United States,ANV,62.646702,-160.190994
Atqasuk Edward Burnell Sr Memorial Airport,Atqasuk,United States,ATK,70.46730041503906,-157.43600463867188
Gambell Airport,Gambell,United States,GAM,63.76679992675781,-171.73300170898438
Hooper Bay Airport,Hooper Bay,United States,HPB,61.52389908,-166.1470032
Kaltag Airport,Kaltag,United States,KAL,64.31909943,-158.7409973
St Mary's Airport,St Mary's,United States,KSM,62.0605011,-163.302002
Kivalina Airport,Kivalina,United States,KVL,67.73619842529297,-164.56300354003906
Mekoryuk Airport,Mekoryuk,United States,MYU,60.37139892578125,-166.27099609375
Ruby Airport,Ruby,United States,RBY,64.72720337,-155.4700012
Shishmaref Airport,Shishmaref,United States,SHH,66.249604,-166.089112
Savoonga Airport,Savoonga,United States,SVA,63.6864013671875,-170.4929962158203
Noatak Airport,Noatak,United States,WTK,67.56610107421875,-162.97500610351562
Ormoc Airport,Ormoc City,Philippines,OMC,11.05799961090088,124.56500244140624
Puvirnituq Airport,Puvirnituq,Canada,YPX,60.05059814453125,-77.28690338134766
Tasiujaq Airport,Tasiujaq,Canada,YTQ,58.66780090332031,-69.95580291748047
Arctic Village Airport,Arctic Village,United States,ARC,68.1147,-145.578995
Sam Mbakwe International Airport,Imo,Nigeria,QOW,5.427060127258301,7.206029891967773
Arenal Airport,La Fortuna/San Carlos,Costa Rica,FON,10.478,-84.634499
Tambor Airport,Nicoya,Costa Rica,TMU,9.73852,-85.013802
Cauayan Airport,Cauayan,Philippines,CYZ,16.9298992157,121.752998352
Kirovsk-Apatity Airport,Apatity,Russia,KVK,67.46330261230469,33.58829879760742
Coronel Altino Machado de Oliveira Airport,Governador Valadares,Brazil,GVR,-18.89520072937,-41.982200622559
Port Clarence Coast Guard Station,Port Clarence,United States,KPC,65.2537002563,-166.85899353
Pajala Airport,Pajala,Sweden,PJA,67.24559783935547,23.06889915466309
Bella Coola Airport,Bella Coola,Canada,QBC,52.387501,-126.596001
Hagerstown Regional Richard A Henson Field,Hagerstown,United States,HGR,39.707901,-77.72949982
Araracuara Airport,Araracuara,Colombia,ACR,-0.5833,-72.4083
Gorakhpur Airport,Gorakhpur,India,GOP,26.7397003174,83.4496994019
Sand Point Airport,Sand Point,United States,SDP,55.31499862670898,-160.5229949951172
Hami Airport,Hami,China,HMI,42.8414,93.669197
Wuzhou Changzhoudao Airport,Wuzhou,China,WUZ,23.456699,111.248001
Tugdan Airport,Romblon,Philippines,TBH,12.3109998703,122.084999084
Sahand Airport,Maragheh,Iran,ACP,37.34799957275391,46.12789916992188
Gorgan Airport,Gorgan,Iran,GBT,36.9094009399,54.4012985229
Ilam Airport,Ilam,Iran,IIL,33.58660125732422,46.40480041503906
Parsabade Moghan Airport,Parsabad,Iran,PFQ,39.60359954834,47.881500244141
Tacheng Airport,Tacheng,China,TCG,46.67250061035156,83.3407974243164
Mardin Airport,Mardin,Turkey,MQM,37.2233009338,40.6316986084
Sugraly Airport,Zarafshan,Uzbekistan,AFS,41.61389923095703,64.23320007324219
Deering Airport,Deering,United States,DRG,66.0696029663,-162.76600647
Leon Airport,Leon,Spain,LEN,42.5890007019043,-5.65556001663208
Burgos Airport,Burgos,Spain,RGS,42.357601,-3.62076
Sege Airport,Sege,Solomon Islands,EGM,-8.578889846801758,157.87600708007812
Shahrekord Airport,Shahre Kord,Iran,CQD,32.2971992493,50.8422012329
Kangra Airport,Kangra,India,DHM,32.16510009765625,76.26339721679688
Nanded Airport,Nanded,India,NDC,19.1833000183,77.31670379639999
Shimla Airport,Shimla,India,SLV,31.0818,77.068001
Igiugig Airport,Igiugig,United States,IGG,59.32400131225586,-155.90199279785156
New Stuyahok Airport,New Stuyahok,United States,KNW,59.4499015808,-157.32800293
King Cove Airport,King Cove,United States,KVC,55.11629867553711,-162.26600646972656
Port Heiden Airport,Port Heiden,United States,PTH,56.95909881591797,-158.63299560546875
Togiak Airport,Togiak Village,United States,TOG,59.05279922485352,-160.39700317382812
Geneina Airport,Geneina,Sudan,EGN,13.48169994354248,22.467199325561523
Long Akah Airport,Long Akah,Malaysia,LKH,3.299999952316284,114.78299713134766
Walaha Airport,Walaha,Vanuatu,WLH,-15.4119997025,167.690994263
Chaoyang Airport,Chaoyang,China,CHG,41.538101,120.434998
Buffalo Spring,Samburu South,Kenya,UAS,0.530583,37.534195
Brus Laguna Airport,Brus Laguna,Honduras,BHG,15.7631,-84.543602
Bonaventure Airport,Bonaventure,Canada,YVB,48.07109832763672,-65.46029663085938
Sialkot Airport,Sialkot,Pakistan,SKT,32.5355567932,74.3638916016
Capitan Corbeta CA Curbelo International Airport,Punta del Este,Uruguay,PDP,-34.855098724365234,-55.09429931640625
Walvis Bay Airport,Walvis Bay,Namibia,WVB,-22.9799,14.6453
Katima Mulilo Airport,Mpacha,Namibia,MPA,-17.634399,24.176701
Anadolu Airport,Eskissehir,Turkey,AOE,39.809898,30.5194
Çanakkale Airport,Canakkale,Turkey,CKZ,40.1376991272,26.4267997742
Muş Airport,Mus,Turkey,MSR,38.74779891967773,41.66120147705078
Sinop Airport,Sinop,Turkey,NOP,42.015800476074,35.066398620605
Tekirdağ Çorlu Airport,Çorlu,Turkey,TEQ,41.13819885253906,27.919099807739254
Bursa Yenişehir Airport,Yenisehir,Turkey,YEI,40.2551994324,29.5625991821
Terre-de-Haut Airport,Les Saintes,Guadeloupe,LSS,15.86439991,-61.5806007385
Kalay Airport,Kalemyo,Myanmar,KMV,23.188800811767575,94.05110168457033
Vieques Airport,Vieques Island,Puerto Rico,VQS,18.1158008575,-65.4226989746
St Augustin Airport,St-Augustin,Canada,YIF,51.2117004395,-58.6582984924
Hamadan Airport,Hamadan,Iran,HDM,34.86920166015625,48.5525016784668
Marinduque Airport,Gasan,Philippines,MRQ,13.361000061035156,121.82599639892578
Grafton Airport,Grafton,Australia,GFN,-29.7593994140625,153.02999877929688
Orange Airport,Orange,Australia,OAG,-33.3816986084,149.132995605
Taree Airport,Taree,Australia,TRO,-31.8885993958,152.514007568
Choibalsan Airport,Choibalsan,Mongolia,COQ,48.13570022583008,114.64600372314452
Hohenems-Dornbirn Airport,Hohenems,Austria,HOH,47.3849983215,9.69999980927
Delta County Airport,Escanaba,United States,ESC,45.7226982117,-87.0936965942
Yakutat Airport,Yakutat,United States,YAK,59.5032997131,-139.660003662
Goulburn Airport,Goulburn,Australia,GUL,-34.810298919677734,149.7259979248047
Cessnock Airport,Cessnock,Australia,CES,-32.787498,151.341995
Scone Airport,Scone,Australia,NSO,-32.037200927734375,150.83200073242188
Mudgee Airport,Mudgee,Australia,DGE,-32.5625,149.610992432
Maitland Airport,Maitland,Australia,MTL,-32.701265,151.492912
Benjamin Rivera Noriega Airport,Culebra Island,Puerto Rico,CPX,18.313289,-65.304324
Williamson County Regional Airport,Marion,United States,MWA,37.75500107,-89.01110077
Oceanside Municipal Airport,Fraser Island,Australia,OCN,33.217300415039,-117.35399627686
Kirkuk Air Base,Kirkuk,Iraq,KIK,35.46950149536133,44.348899841308594
Al Udeid Air Base,Doha,Qatar,XJD,25.1173000336,51.3149986267
Great Barrier Aerodrome,Claris,New Zealand,GBZ,-36.24140167236328,175.4720001220703
Ford Airport,Iron Mountain,United States,IMT,45.8184013367,-88.1145019531
Allakaket Airport,Allakaket,United States,AET,66.5518035889,-152.621994019
Michigan City Municipal Airport,Michigan City,United States,MGC,41.7033004761,-86.8211975098
Seward Airport,Seward,United States,SWD,60.12689971923828,-149.41900634765625
Grand Marais Cook County Airport,Grand Marais,United States,GRM,47.8382987976,-90.3828964233
Wausau Downtown Airport,Wausau,United States,AUW,44.9262008667,-89.6266021729
Mary Airport,Mary,Turkmenistan,MYP,37.6194,61.896702
Reykjahlíð Airport,Myvatn,Iceland,MVA,65.65579986572266,-16.918100357055664
Sabadell Airport,Sabadell,Spain,QSA,41.52090072631836,2.1050798892974854
Whitsunday Island Airport,Airlie Beach,Australia,WSY,-20.27611,148.755
Delaware County Johnson Field,Muncie,United States,MIE,40.2422981262207,-85.3958969116211
Purdue University Airport,Lafayette,United States,LAF,40.41230010986328,-86.93689727783203
North Las Vegas Airport,Las Vegas,United States,VGT,36.21070098877,-115.19400024414
Kenosha Regional Airport,Kenosha,United States,ENW,42.59569931,-87.92780304
Montrose Regional Airport,Montrose CO,United States,MTJ,38.5097999573,-107.893997192
Riverton Regional Airport,Riverton WY,United States,RIW,43.064201355,-108.459999084
Eastern Oregon Regional At Pendleton Airport,Pendleton,United States,PDT,45.695098877,-118.841003418
Lympne Airport,Lympne,United Kingdom,LYM,51.08,1.013
Porto Cheli Airport,Porto Heli,Greece,PKH,37.297501,23.1478
Tindal Airport,Katherine,Australia,KTR,-14.521100044250488,132.3780059814453
Nowra Airport,Nowra,Australia,NOA,-34.94889831542969,150.53700256347656
Lutsk Airport,Lutsk,Ukraine,UCK,50.678404,25.487165
Chernihiv Shestovitsa Airport,Chernigov,Ukraine,CEJ,51.4021987915,31.1583003998
Brest Airport,Brest,Belarus,BQT,52.108299,23.8981
Wittman Regional Airport,Oshkosh,United States,OSH,43.98440170288086,-88.55699920654297
Wangerooge Airport,Wangerooge,Germany,AGE,53.78277969360352,7.913888931274414
Bendigo Airport,Bendigo,Australia,BXG,-36.7393989563,144.330001831
Pangborn Memorial Airport,Wenatchee,United States,EAT,47.3988990784,-120.207000732
Antonio Nery Juarbe Pol Airport,Arecibo,Puerto Rico,ARE,18.4500007629,-66.6753005981
Ringi Cove Airport,Ringi Cove,Solomon Islands,RIN,-8.12639045715332,157.14300537109375
Kirensk Airport,Kirensk,Russia,KCK,57.773,108.064
Ust-Kut Airport,Ust-Kut,Russia,UKX,56.8567008972168,105.7300033569336
Rimatara Airport,Rimatara,French Polynesia,RMT,-22.63725,-152.8059
Lausanne-Blécherette Airport,Lausanne,Switzerland,QLS,46.54529953,6.61667013168
Locarno Airport,Locarno,Switzerland,ZJI,46.1608009338,8.87860965729
Neuchatel Airport,Neuchatel,Switzerland,QNC,46.9575004578,6.86471986771
Taganrog Yuzhny Airport,Taganrog,Russia,TGK,47.1983333,38.8491667
Gelendzhik Airport,Gelendzhik,Russia,GDZ,44.5820926295,38.0124807358
Zhukovsky International Airport,Ramenskoe,Russia,ZIA,55.553299,38.150002
Tunoshna Airport,Yaroslavl,Russia,IAR,57.56069946289063,40.15739822387695
Gu-Lian Airport,Mohe County,China,OHE,52.9127777778,122.43
Jining Qufu Airport,Jining,China,JNG,35.292778,116.346667
Drake Bay Airport,Puntarenas,Costa Rica,DRK,8.71889019012,-83.6417007446
Altay Air Base,Altay,China,AAT,47.7498855591,88.08580780030002
Tuzla International Airport,Null,Bosnia and Herzegovina,TZL,44.45869827270508,18.72480010986328
NAS Fort Worth JRB/Carswell Field,Dallas,United States,FWH,32.76919937,-97.4414978
Naypyidaw Airport,Naypyidaw,Burma,NYT,19.623501,96.200996
Bokpyinn Airport,Bokepyin,Burma,VBP,11.1494,98.735901
Manzhouli Xijiao Airport,Manzhouli,China,NZH,49.566667,117.33
Wuhai Airport,Wuhai,China,WUA,39.7934,106.7993
Gary Chicago International Airport,Gary,United States,GYY,41.61629867553711,-87.41280364990234
Brainerd Lakes Regional Airport,Brainerd,United States,BRD,46.39830017,-94.13809967
Greenbrier Valley Airport,Lewisburg,United States,LWB,37.8582992554,-80.3994979858
Pitt Greenville Airport,Greenville,United States,PGV,35.6352005,-77.38529968
Chefornak Airport,Chefornak,United States,CYF,60.1492004395,-164.285995483
Oxnard Airport,Oxnard,United States,OXR,34.200801849365,-119.20700073242
Branson Airport,Branson,United States,BKG,36.532082,-93.200544
Tongren Fenghuang Airport,Tongren,China,TEN,27.883333,109.308889
Jinggangshan Airport,Jian,China,JGS,26.8568992615,114.736999512
Naiu Airport,Niau,French Polynesia,NIU,-16.1191,-146.3683
Schenectady County Airport,Scotia NY,United States,SCH,42.852500915527,-73.928901672363
Begishevo Airport,Nizhnekamsk,Russia,NBC,55.564701080322266,52.09249877929688
Warri Airport,Osubi,Nigeria,QRW,5.59611,5.81778
Siargao Airport,Siargao,Philippines,IAO,9.8591,126.014
Langeoog Airport,Langeoog,Germany,LGO,53.74250030517578,7.497777938842773
Nelspruit Airport,Nelspruit,South Africa,NLP,-25.5,30.9137992859
Cherkasy International Airport,Cherkassy,Ukraine,CKC,49.41559982299805,31.99530029296875
Northeast Florida Regional Airport,St. Augustine Airport,United States,UST,29.9592,-81.339798
Mykolaiv International Airport,Nikolayev,Ukraine,NLV,47.057899475097656,31.9197998046875
Ramechhap Airport,Ramechhap,Nepal,RHP,27.393999099731445,86.0614013671875
Charles M. Schulz Sonoma County Airport,Santa Rosa,United States,STS,38.50899887,-122.8130035
Kissimmee Gateway Airport,Kissimmee,United States,ISM,28.2898006439,-81.4371032715
Lake City Gateway Airport,Lake City,United States,LCQ,30.1819992065,-82.57689666750001
Logan-Cache Airport,Logan,United States,LGU,41.7911987305,-111.851997375
Brigham City Regional Airport,Brigham City,United States,BMC,41.552399,-112.061996
Aspen-Pitkin Co/Sardy Field,Aspen,United States,ASE,39.22320175,-106.8690033
Ulyanovsk Baratayevka Airport,Ulyanovsk,Russia,ULV,54.26829910279999,48.226699829100006
Kerrville Municipal Louis Schreiner Field,Kerrville,United States,ERV,29.9766998291,-99.0857009888
Sussex County Airport,Georgetown,United States,GED,38.68920135,-75.35890198
Prince Rupert/Seal Cove Seaplane Base,Prince Rupert,Canada,ZSW,54.33330154418945,-130.2830047607422
Great Bend Municipal Airport,Great Bend,United States,GBD,38.3442993164,-98.8591995239
Hays Regional Airport,Hays,United States,HYS,38.84220123,-99.27320099
Spirit of St Louis Airport,Null,United States,SUS,38.662101745605,-90.652000427246
Ely Municipal Airport,Ely,United States,LYU,47.82450104,-91.83070374
Grand Rapids Itasca Co-Gordon Newstrom field,Grand Rapids MN,United States,GPZ,47.21110153,-93.50980377
Thief River Falls Regional Airport,Thief River Falls,United States,TVF,48.06570053,-96.18499756
Eagle River Union Airport,Eagle River,United States,EGV,45.9323005676,-89.26830291750001
Lakeland-Noble F. Lee Memorial field,Minocqua - Woodruff,United States,ARV,45.92789841,-89.73090363
Berens River Airport,Berens River,Canada,YBV,52.358898,-97.018303
Catalina Airport,Catalina Island,United States,AVX,33.4049,-118.416
Mojave Airport,Mojave,United States,MHV,35.05939865,-118.1520004
Interlaken Air Base,Interlaken,Switzerland,ZIN,46.6766014,7.8790798
Inisheer Aerodrome,Inisheer,Ireland,INQ,53.064701080322266,-9.510899543762209
Strezhevoy Airport,Strezhevoy,Russia,SWT,60.709400177,77.66000366210001
Hutchinson Municipal Airport,Hutchinson,United States,HUT,38.0654983521,-97.86060333250002
Bagram Air Base,Kabul,Afghanistan,OAI,34.9460983276,69.26499938959999
Prince Sultan Air Base,Al Kharj,Saudi Arabia,AKH,24.062700271606445,47.58050155639648
Rosecrans Memorial Airport,Rosecrans,United States,STJ,39.771900177002,-94.909698486328
Volk Field,Camp Douglas,United States,VOK,43.938999176025,-90.253402709961
Gunnison Crested Butte Regional Airport,Gunnison,United States,GUC,38.53390121,-106.9329987
Xi'an Xiguan Airport,Xi\'AN,China,SIA,34.376701,109.120003
Zamperini Field,Torrance,United States,TOA,33.803398132324,-118.33999633789
Manistee Co Blacker Airport,Manistee,United States,MBL,44.2723999,-86.24690247
Charlotte County Airport,Punta Gorda,United States,PGD,26.92020035,-81.9905014
Northern Aroostook Regional Airport,Frenchville,United States,WFK,47.2854995728,-68.31279754639999
Chautauqua County-Jamestown Airport,Jamestown,United States,JHW,42.15340042,-79.25800323
La Macaza / Mont-Tremblant International Inc Airport,Mont-Tremblant,Canada,YTM,46.4094009399,-74.7799987793
Lake Cumberland Regional Airport,Somerset,United States,SME,37.0533981323,-84.6158981323
Shenandoah Valley Regional Airport,Weyers Cave,United States,SHD,38.2638015747,-78.8964004517
Devils Lake Regional Airport,Devils Lake,United States,DVL,48.11420059,-98.90879822
Dickinson Theodore Roosevelt Regional Airport,Dickinson,United States,DIK,46.7974014282,-102.802001953
Sidney - Richland Regional Airport,Sidney,United States,SDY,47.706902,-104.193001
Chadron Municipal Airport,Chadron,United States,CDR,42.837600708,-103.095001221
Alliance Municipal Airport,Alliance,United States,AIA,42.0531997681,-102.804000854
Mc Cook Ben Nelson Regional Airport,McCook,United States,MCK,40.20629883,-100.5920029
The Florida Keys Marathon Airport,Marathon,United States,MTH,24.726101,-81.051399
Dawson Community Airport,Glendive,United States,GDV,47.13869858,-104.8069992
L M Clayton Airport,Wolf Point,United States,OLF,48.0945014954,-105.574996948
Yellowstone Airport,West Yellowstone,United States,WYS,44.68840027,-111.1179962
San Luis Valley Regional Bergman Field,Alamosa,United States,ALS,37.434898,-105.866997
Canyonlands Field,Moab,United States,CNY,38.75500107,-109.7549973
Ely Airport Yelland Field,Ely,United States,ELY,39.29970169,-114.8420029
Vernal Regional Airport,Vernal,United States,VEL,40.4408989,-109.5100021
Sierra Blanca Regional Airport,Ruidoso,United States,RUI,33.462799072266,-105.53500366211
Show Low Regional Airport,Show Low,United States,SOW,34.265499115,-110.005996704
McCall Municipal Airport,McCall,United States,MYL,44.88970184,-116.1009979
Lemhi County Airport,Salmon,United States,SMN,45.1237983704,-113.880996704
Mammoth Yosemite Airport,Mammoth Lakes,United States,MMH,37.62409973,-118.8379974
Friday Harbor Airport,Friday Harbor,United States,FRD,48.5219993591,-123.024002075
Orcas Island Airport,Eastsound,United States,ESD,48.7081985474,-122.910003662
Astoria Regional Airport,Astoria,United States,AST,46.158000946,-123.878997803
Newport Municipal Airport,Newport,United States,ONP,44.580399,-124.057999
Emmonak Airport,Emmonak,United States,EMK,62.78609848,-164.4909973
Unalakleet Airport,Unalakleet,United States,UNK,63.88840103,-160.798996
Ugnu-Kuparuk Airport,Kuparuk,United States,UUK,70.33080291750001,-149.598007202
Shageluk Airport,Shageluk,United States,SHX,62.6922988892,-159.569000244
Chuathbaluk Airport,Chuathbaluk,United States,CHU,61.579102,-159.216003
Nuiqsut Airport,Nuiqsut,United States,NUI,70.2099990845,-151.005996704
Eek Airport,Eek,United States,EEK,60.21367264,-162.0438843
Kasigluk Airport,Kasigluk,United States,KUK,60.87440109,-162.5240021
Kwethluk Airport,Kwethluk,United States,KWT,60.7902984619,-161.444000244
Kwigillingok Airport,Kwigillingok,United States,KWK,59.876499,-163.169005
Marshall Don Hunter Sr Airport,Marshall,United States,MLL,61.8642997742,-162.026000977
Russian Mission Airport,Russian Mission,United States,RSH,61.7788848877,-161.319458008
Koliganek Airport,Koliganek,United States,KGK,59.726600647,-157.259002686
Manokotak Airport,Manokotak,United States,KMO,58.9902000427,-159.050003052
Chalkyitsik Airport,Chalkyitsik,United States,CIK,66.6449966431,-143.740005493
Eagle Airport,Eagle,United States,EAA,64.77639771,-141.151001
Hughes Airport,Hughes,United States,HUS,66.04109955,-154.2630005
Huslia Airport,Huslia,United States,HSL,65.69789886,-156.3509979
Nulato Airport,Nulato,United States,NUL,64.729301,-158.074005
Venetie Airport,Venetie,United States,VEE,67.0086975098,-146.365997314
Beaver Airport,Beaver,United States,WBQ,66.362197876,-147.406997681
Central Airport,Central,United States,CEM,65.57379913,-144.7830048
Shungnak Airport,Shungnak,United States,SHG,66.88809967041,-157.16200256348
Inyokern Airport,Inyokern,United States,IYK,35.65879822,-117.8300018
Visalia Municipal Airport,Visalia,United States,VIS,36.3186988831,-119.392997742
Merced Regional Macready Field,Merced,United States,MCE,37.28469849,-120.5139999
Laguna de Los Patos International Airport,Colonia,Uruguay,CYR,-34.456401824951,-57.770599365234
Amarais Airport,Campinas,Brazil,CPQ,-22.85919952392578,-47.10820007324219
Phoenix Goodyear Airport,Goodyear,United States,GYR,33.4225006104,-112.375999451
Toowoomba Airport,Toowoomba,Australia,TWB,-27.542801,151.916
Ballera Airport,Ballera,Australia,BBL,-27.405633,141.809458
Arkalyk North Airport,Arkalyk,Kazakhstan,AYK,50.31859970092773,66.95279693603516
Angoon Seaplane Base,Angoon,United States,AGN,57.503601,-134.585007
Elfin Cove Seaplane Base,Elfin Cove,United States,ELV,58.1952018738,-136.347000122
Funter Bay Seaplane Base,Funter Bay,United States,FNR,58.2543983459,-134.897994995
Hoonah Airport,Hoonah,United States,HNH,58.0961,-135.410111
Metlakatla Seaplane Base,Metakatla,United States,MTM,55.131001,-131.578003
Hydaburg Seaplane Base,Hydaburg,United States,HYG,55.206298828125,-132.8280029296875
Egegik Airport,Egegik,United States,EGX,58.1855010986,-157.375
Perryville Airport,Perryville,United States,KPV,55.905998,-159.162993
Pilot Point Airport,Pilot Point,United States,PIP,57.5803985596,-157.572006226
South Naknek Nr 2 Airport,South Naknek,United States,WSN,58.7033996582,-157.007995605
Akhiok Airport,Akhiok,United States,AKK,56.9387016296,-154.182998657
Karluk Airport,Karluk,United States,KYK,57.5671005249,-154.449996948
Larsen Bay Airport,Larsen Bay,United States,KLN,57.5350990295,-153.977996826
Ambler Airport,Ambler,United States,ABL,67.1063,-157.856989
Buckland Airport,Buckland,United States,BKC,65.9815979004,-161.149002075
Bob Baker Memorial Airport,Kiana,United States,IAN,66.9759979248,-160.43699646
Kobuk Airport,Kobuk,United States,OBU,66.9123001099,-156.897003174
Robert (Bob) Curtis Memorial Airport,Noorvik,United States,ORV,66.81790161,-161.0189972
Selawik Airport,Selawik,United States,WLK,66.60009766,-159.9859924
Brevig Mission Airport,Brevig Mission,United States,KTS,65.3312988281,-166.466003418
Elim Airport,Elim,United States,ELI,64.61470032,-162.2720032
Golovin Airport,Golovin,United States,GLV,64.5504989624,-163.007003784
Teller Airport,Teller,United States,TLA,65.2404022217,-166.339004517
Wales Airport,Wales,United States,WAA,65.622593,-168.095
White Mountain Airport,White Mountain,United States,WMO,64.689201355,-163.412994385
Koyuk Alfred Adams Airport,Koyuk,United States,KKA,64.9394989014,-161.154006958
St Michael Airport,St. Michael,United States,SMK,63.49010086,-162.1100006
Shaktoolik Airport,Shaktoolik,United States,SKK,64.37110138,-161.223999
Tin City Long Range Radar Station Airport,Tin City,United States,TNC,65.56310272,-167.9219971
Atka Airport,Atka,United States,AKB,52.22029877,-174.2059937
Nikolski Air Station,Nikolski,United States,IKO,52.94160079956055,-168.8489990234375
Yakataga Airport,Yakataga,United States,CYT,60.080974,-142.494541
Alakanuk Airport,Alakanuk,United States,AUK,62.6800422668,-164.659927368
Kipnuk Airport,Kipnuk,United States,KPN,59.9329986572,-164.031005859
False Pass Airport,False Pass,United States,KFP,54.8474006652832,-163.41000366210938
Nelson Lagoon Airport,Nelson Lagoon,United States,NLG,56.007499694824,-161.16000366211
Port Moller Airport,Cold Bay,United States,PML,56.0060005188,-160.561004639
Klawock Airport,Klawock,United States,KLW,55.5792007446,-133.076004028
Quinhagak Airport,Quinhagak,United States,KWN,59.7551,-161.845
Kotlik Airport,Kotlik,United States,KOT,63.0306015015,-163.533004761
Koyukuk Airport,Koyukuk,United States,KYU,64.8760986328,-157.727005005
Scammon Bay Airport,Scammon Bay,United States,SCM,61.845298767100005,-165.570999146
Nondalton Airport,Nondalton,United States,NNL,59.980201721191,-154.8390045166
Kongiganak Airport,Kongiganak,United States,KKH,59.9608001709,-162.880996704
Nikolai Airport,Nikolai,United States,NIB,63.0186,-154.358002
Akiak Airport,Akiak,United States,AKI,60.9029006958,-161.231002808
Wainwright Airport,Wainwright,United States,AIN,70.6380004883,-159.994995117
Zapala Airport,ZAPALA,Argentina,APZ,-38.975498,-70.113602
Rincon De Los Sauces Airport,Rincon de los Sauces,Argentina,RDS,-37.3905982971,-68.9041976929
Tte. Julio Gallardo Airport,Puerto Natales,Chile,PNT,-51.67150115966797,-72.52839660644531
Sierra Grande Airport,Sierra Grande,Argentina,SGV,-41.5917015076,-65.33940124509999
Cabo F.A.A. H. R. Bordón Airport,Ingeniero Jacobacci,Argentina,IGB,-41.3208999634,-69.5748977661
Chenega Bay Airport,Chenega,United States,NCN,60.0773010254,-147.992004395
Tok Junction Airport,Tok,United States,TKJ,63.32949829,-142.9539948
Circle City /New/ Airport,Circle,United States,IRC,65.830498,-144.076008
Sleetmute Airport,Sleetmute,United States,SLQ,61.7005004883,-157.166000366
Minchumina Airport,Lake Minchumina,United States,LMA,63.886002,-152.302002
Manley Hot Springs Airport,Manley Hot Springs,United States,MLY,64.99759674069999,-150.643997192
Natuashish Airport,Natuashish,Canada,YNP,55.913898,-61.184399
Postville Airport,Postville,Canada,YSO,54.9105,-59.78507
Kangiqsujuaq (Wakeham Bay) Airport,Kangiqsujuaq,Canada,YWB,61.5886001587,-71.929397583
Alma Airport,Alma,Canada,YTF,48.50889968869999,-71.64189910889999
Havre St Pierre Airport,Havre-Saint-Pierre,Canada,YGV,50.28189849853516,-63.61140060424805
Rimouski Airport,Rimouski,Canada,YXK,48.47809982299805,-68.49690246582031
Tadoule Lake Airport,Tadoule Lake,Canada,XTL,58.7061,-98.512199
Lac Brochet Airport,Lac Brochet,Canada,XLB,58.6175003052,-101.46900177
South Indian Lake Airport,South Indian Lake,Canada,XSI,56.7928009033,-98.9072036743
Brochet Airport,Brochet,Canada,YBT,57.8894,-101.679001
Little Grand Rapids Airport,Little Grand Rapids,Canada,ZGR,52.04560089111328,-95.4657974243164
Cross Lake (Charlie Sinclair Memorial) Airport,Cross Lake,Canada,YCR,54.610599517822266,-97.76080322265624
Red Sucker Lake Airport,Red Sucker Lake,Canada,YRS,54.16719818115234,-93.55719757080078
Rainbow Lake Airport,Rainbow Lake,Canada,YOP,58.49140167236328,-119.40799713134766
Bonnyville Airport,Bonnyville,Canada,YBY,54.304199,-110.744003
Nanaimo Harbour Water Airport,Nanaimo,Canada,ZNA,49.1833000183,-123.949996948
Ganges Seaplane Base,Ganges,Canada,YGG,48.8545,-123.4969
Boundary Bay Airport,Boundary Bay,Canada,YDT,49.0742,-123.012001
Langley Airport,Langley Township,Canada,YLY,49.10079956049999,-122.630996704
Wekweètì Airport,Wekweeti,Canada,YFJ,64.190804,-114.077002
Corn Island,Corn Island,Nicaragua,RNI,12.1628999710083,-83.06379699707031
San Pedro Airport,Bonanza,Nicaragua,BZA,13.949999809265137,-84.5999984741211
Rosita Airport,Rosita,Nicaragua,RFS,13.889699935913086,-84.40889739990234
Siuna,Siuna,Nicaragua,SIU,13.727222442626951,-84.77777862548828
Waspam Airport,Waspam,Nicaragua,WSP,14.7391996383667,-83.96939849853516
San Carlos,San Carlos,Nicaragua,NCR,11.133399963378906,-84.7699966430664
Playa Samara/Carrillo Airport,Carrillo,Costa Rica,PLD,9.8705101013184,-85.481399536133
Constanza - Expedición 14 de Junio National Airport,Constanza,Dominican Republic,COZ,18.907499313354,-70.721900939941
Negril Airport,Negril,Jamaica,NEG,18.34280014038086,-78.33209991455078
José Aponte de la Torre Airport,Ceiba,Puerto Rico,NRR,18.245300293,-65.6434020996
Charlotte Amalie Harbor Seaplane Base,Charlotte Amalie,Virgin Islands,SPB,18.338600158691406,-64.9406967163086
D. Casimiro Szlapelis Airport,Alto Rio Senguer,Argentina,ARR,-45.013599,-70.812202
Jose De San Martin Airport,Jose de San Martin,Argentina,JSM,-44.0485992432,-70.4589004517
Uyuni Airport,Uyuni,Bolivia,UYU,-20.4463005066,-66.8483963013
Rurenabaque Airport,Rerrenabaque,Bolivia,RBQ,-14.4279003143,-67.4968032837
Abaiang Airport,Abaiang Atoll,Kiribati,ABF,1.798609972000122,173.04100036621094
Albina Airport,Albina,Suriname,ABN,5.512720108032227,-54.05009841918945
Drietabbetje Airport,Drietabbetje,Suriname,DRJ,4.111359,-54.672766
Moengo Airstrip,Moengo,Suriname,MOJ,5.6076,-54.4003
Nieuw Nickerie Airport,Nieuw Nickerie,Suriname,ICK,5.955560207366943,-57.039398193359375
Vincent Fayks Airport,Paloemeu,Suriname,OEM,3.3452799320220947,-55.442501068115234
Stoelmanseiland Airport,Stoelmans Eiland,Suriname,SMZ,4.349999904632568,-54.41666793823242
Totness Airport,Totness,Suriname,TOT,5.865829944610596,-56.32749938964844
Wageningen Airstrip,Wageningen,Suriname,AGI,5.841128,-56.673328
Orinduik Airport,Orinduik,Guyana,ORJ,4.725269794464111,-60.03499984741211
Annai Airport,Annai,Guyana,NAI,3.959439992904663,-59.12419891357422
Imbaimadai Airport,Imbaimadai,Guyana,IMB,5.708109855651856,-60.2942008972168
Kamarang Airport,Kamarang,Guyana,KAR,5.865340232849121,-60.614200592041016
Mabaruma Airport,Mabaruma,Guyana,USI,8.199999809265137,-59.78329849243164
Mahdia Airport,Mahdia,Guyana,MHA,5.277490139007568,-59.151100158691406
Dr Augusto Roberto Fuster International Airport,Pedro Juan Caballero,Paraguay,PJC,-22.63999938964844,-55.83000183105469
Alcides Fernández Airport,Acandi,Colombia,ACD,8.51667,-77.3
Los Colonizadores Airport,Saravena,Colombia,RVE,6.951868,-71.857179
Batagay Airport,Batagay,Russia,BQJ,67.648002624512,134.69500732422
Villa Garzón Airport,Villa Garzon,Colombia,VGZ,0.978767,-76.6056
El Bagre Airport,El Bagre,Colombia,EBG,7.59647,-74.8089
Juan H White Airport,Caucasia,Colombia,CAQ,7.96847,-75.1985
Mandinga Airport,Condoto,Colombia,COG,5.08333,-76.7
Golfo de Morrosquillo Airport,Tolu,Colombia,TLU,9.50945,-75.5854
Cabo Frio Airport,Cabo Frio,Brazil,CFB,-22.921699523900003,-42.0742988586
Presidente João Batista Figueiredo Airport,Sinop,Brazil,OPS,-11.885000228881836,-55.58610916137695
Gurupi Airport,Gurupi,Brazil,GRP,-11.73960018157959,-49.13219833374024
Santana do Araguaia Airport,Santana do Araguaia,Brazil,CMP,-9.31997013092041,-50.32849884033203
Breves Airport,Breves,Brazil,BVS,-1.6365300416946411,-50.44359970092773
Soure Airport,Soure,Brazil,SFK,-0.6994310021400452,-48.52099990844727
Parintins Airport,Parintins,Brazil,PIN,-2.6730198860168457,-56.77719879150391
Barreiras Airport,Barreiras,Brazil,BRA,-12.078900337219238,-45.00899887084961
Santa Terezinha Airport,Santa Terezinha,Brazil,STZ,-10.4647216796875,-50.51861190795898
Minaçu Airport,Minacu,Brazil,MQH,-13.5491,-48.195301
Araguaína Airport,Araguaina,Brazil,AUX,-7.22787,-48.240501
Novo Aripuanã Airport,Novo Aripuana,Brazil,NVP,-5.118030071258545,-60.36489868164063
Tenente Lund Pressoto Airport,Franca,Brazil,FRC,-20.592199,-47.3829
Dourados Airport,Dourados,Brazil,DOU,-22.2019,-54.926601
Lábrea Airport,Labrea,Brazil,LBR,-7.278969764709473,-64.76950073242188
Maestro Marinho Franco Airport,Rondonopolis,Brazil,ROO,-16.586,-54.7248
Tancredo Thomas de Faria Airport,Guarapuava,Brazil,GPB,-25.3875007629,-51.520198822
Santa Terezinha Airport,Joacaba,Brazil,JCB,-27.1714000702,-51.5532989502
General Leite de Castro Airport,Rio Verde,Brazil,RVD,-17.8347225189209,-50.95611190795898
Romeu Zema Airport,Araxa,Brazil,AAX,-19.563199996948,-46.960399627686
Maués Airport,Maues,Brazil,MBZ,-3.37217,-57.7248
Borba Airport,Borba,Brazil,RBB,-4.4063401222229,-59.60240173339844
Coari Airport,Coari,Brazil,CIZ,-4.134059906005859,-63.132598876953125
Barcelos Airport,Barcelos,Brazil,BAZ,-0.981292,-62.919601
Diamantino Airport,Diamantino,Brazil,DMT,-14.37689971923828,-56.40039825439453
Guanambi Airport,Guanambi,Brazil,GNM,-14.208200454711914,-42.74610137939453
Tsletsi Airport,Djelfa,Algeria,QDJ,34.6657,3.351
Nzagi Airport,Nzagi,Angola,NZA,-7.716939926149999,21.358200073200003
Lucapa Airport,Lucapa,Angola,LBZ,-8.445727348330001,20.7320861816
Capanda Airport,Kapanda,Angola,KNP,-9.76937007904,15.4553194046
Am Timan Airport,Am Timan,Chad,AMC,11.0340003967,20.2740001678
Shark El Oweinat International Airport,Sharq Al-Owainat,Egypt,GSQ,22.5856990814209,28.71660041809082
Eastern WV Regional Airport/Shepherd Field,Martinsburg,United States,MRB,39.40190125,-77.98459625
Awassa Airport,Awasa,Ethiopia,AWA,7.066999912261963,38.5
Wilwal International Airport,Jijiga,Ethiopia,JIJ,9.3325,42.9121
Mekane Selam Airport,Mekane Selam,Ethiopia,MKS,10.7254,38.7415
Debra Marcos Airport,Debre Marqos,Ethiopia,DBM,10.350000381469728,37.71699905395508
Debre Tabor Airport,Debre Tabor,Ethiopia,DBT,11.967000007629396,38.0
Harar Meda Airport,Debre Zeyit,Ethiopia,QHR,8.7163,39.0059
Robe Airport,Goba,Ethiopia,GOB,7.1160634,40.0463033
Mayumba Airport,Mayumba,Gabon,MYB,-3.4584197998046875,10.674076080322266
Mara Serena Lodge Airstrip,Masai Mara,Kenya,MRE,-1.406111,35.008057
Mulika Lodge Airport,Meru National Park,Kenya,JJM,0.165083006024,38.1951408386
Rumbek Airport,Rumbek,Sudan,RBX,6.82499980927,29.6690006256
Cape Palmas Airport,Greenville,Liberia,CPA,4.3790202140808105,-7.696949958801269
Inhaca Airport,Inhaca,Mozambique,IHC,-25.9971446991,32.9293518066
Ouro Sogui Airport,Matam,Senegal,MAX,15.593600273132324,-13.322799682617188
Bird Island Airport,Bird Island,Seychelles,BDI,-3.72472,55.205299
Wadi Halfa Airport,Wadi Halfa,Sudan,WHF,21.802698135375977,31.521577835083008
Enfidha - Hammamet International Airport,Enfidha,Tunisia,NBE,36.075833,10.438611
Hatay Airport,Hatay,Turkey,HTY,36.36277771,36.282222747800006
Raivavae Airport,Raivavae,French Polynesia,RVV,-23.8852005005,-147.662002563
Foshan Shadi Airport,Foshan,China,FUO,23.0832996368,113.069999695
Huizhou Airport,Huizhou,China,HUZ,23.0499992371,114.599998474
Lleida-Alguaire Airport,Lleida,Spain,ILD,41.728185,0.535023
Bildudalur Airport,Bildudalur,Iceland,BIU,65.64129638671875,-23.546199798583984
Gjögur Airport,Gjogur,Iceland,GJR,65.99530029296875,-21.32690048217773
Sauðárkrókur Airport,Saudarkrokur,Iceland,SAK,65.73169708249999,-19.5727996826
Inishmaan Aerodrome,Inishmaan,Ireland,IIA,53.09299850463867,-9.568059921264648
Ulgii Mongolei Airport,Olgii,Mongolia,ULG,48.9933013916,89.9225006104
Qurghonteppa International Airport,Kurgan Tyube,Tajikistan,KQT,37.86640167236328,68.86470031738281
Vologda Airport,Vologda,Russia,VGD,59.282501220703125,39.94440078735352
Olenyok Airport,Olenyok,Russia,ONK,68.514999,112.480003
Saskylakh Airport,Saskylakh,Russia,SYS,71.92790222168,114.08000183105
Leshukonskoye Airport,Arkhangelsk,Russia,LDG,64.8960037231,45.7229995728
Huesca/Pirineos Airport,Huesca,Spain,HSK,42.0760993958,-0.316666990519
Ciudad Real Central Airport,Ciudad Real,Spain,CQM,38.8563888889,-3.97
Al Najaf International Airport,Najaf,Iraq,NJF,31.989853,44.404317
Colonsay Airstrip,Colonsay,United Kingdom,CSA,56.0574989319,-6.243060112
Rock Hill - York County Airport,Rock Hill,United States,RKH,34.9878006,-81.05719757
Allegheny County Airport,Pittsburgh,United States,AGC,40.354400634765625,-79.9301986694336
Cecil Airport,Jacksonville,United States,VQQ,30.2187004089,-81.876701355
Fulton County Airport Brown Field,Atlanta,United States,FTY,33.7790985107,-84.5214004517
Tarin Kowt Airport,Tarin Kowt,Afghanistan,TII,32.604198455799995,65.8657989502
Zaranj Airport,Zaranj,Afghanistan,ZAJ,30.972222,61.865833
Chakcharan Airport,Chaghcharan,Afghanistan,CCN,34.53300094604492,65.26699829101562
Fuyang Xiguan Airport,Fuyang,China,FUG,32.882157,115.734364
Longyan Guanzhishan Airport,Longyan,China,LCX,25.6746997833,116.747001648
Baoshan Yunduan Airport,Baoshan,China,BSD,25.053301,99.168297
Xingyi Airport,Xingyi,China,ACX,25.0863888889,104.959444444
Liping Airport,Liping,China,HZH,26.32217,109.1499
The Ohio State University Airport - Don Scott Field,Columbus,United States,OSU,40.0798,-83.072998
Addison Airport,Addison,United States,ADS,32.9686012268,-96.8364028931
Destin Executive Airport,Destin,United States,DSI,30.40010071,-86.47149658
Kherson International Airport,Kherson,Ukraine,KHE,46.6758,32.506401
Ryan's Creek Aerodrome,Stewart Island,New Zealand,SZS,-46.8997,168.100998
Zhijiang Airport,Zhijiang,China,HJJ,27.4411111111,109.7
Yarmouth Airport,Yarmouth,Canada,YQI,43.82690048217773,-66.08809661865234
Kinston Regional Jetport At Stallings Field,Kinston,United States,ISO,35.331401825,-77.60880279540001
First Flight Airport,Kill Devil Hills,United States,FFA,36.0181999207,-75.67130279540001
Lintsang Airfield,Lincang,China,LNJ,23.7381000519,100.025001526
Carajás Airport,Parauapebas,Brazil,CKS,-6.11527776718,-50.0013885498
Tarempa Airport,Anambas Islands,Indonesia,MWK,3.3481199741363525,106.25800323486328
Persian Gulf International Airport,Khalije Fars,Iran,PGU,27.379601,52.737701
Yasouj Airport,Yasuj,Iran,YES,30.700500488281,51.545101165771
Mosul International Airport,Mosul,Iraq,OSM,36.305801,43.1474
Tajima Airport,Toyooka,Japan,TJH,35.51279830932617,134.78700256347656
Amakusa Airport,Amakusa,Japan,AXJ,32.482498,130.158997
Kikai Airport,Kikai,Japan,KKX,28.3213005066,129.927993774
Aguni Airport,Aguni,Japan,AGJ,26.5925006866,127.240997314
Donoi Airport,Uliastai,Mongolia,ULZ,47.7093,96.5258
Bulgan Airport,Bulgan,Mongolia,UGA,48.85499954223633,103.47599792480467
Ulaangom Airport,Ulaangom,Mongolia,ULO,50.066588,91.938273
Lubang Airport,Lubang,Philippines,LBX,13.85540008544922,120.1050033569336
Kulob Airport,Kulyab,Tajikistan,TJU,37.98809814453125,69.80500030517578
Chi Mei Airport,Cimei,Taiwan,CMJ,23.2131004333,119.417999268
Daşoguz Airport,Dasoguz,Turkmenistan,TAZ,41.761101,59.826698
Barrow Island Airport,Barrow Island,Australia,BWB,-20.86440086364746,115.40599822998048
Derby Airport,Derby,Australia,DRB,-17.3700008392334,123.66100311279295
Walgett Airport,Walgett,Australia,WGE,-30.03280067443848,148.12600708007812
Bathurst Island Airport,Bathurst Island,Australia,BRT,-11.769200325012209,130.6199951171875
Dunk Island Airport,Dunk Island,Australia,DKI,-17.9416999817,146.13999939
Lizard Island Airport,Lizard Island,Australia,LZR,-14.673273,145.454571
Hamilton Airport,Hamilton,Australia,HLT,-37.64889907836914,142.06500244140625
Halls Creek Airport,Halls Creek,Australia,HCQ,-18.23390007019043,127.66999816894533
Fitzroy Crossing Airport,Fitzroy Crossing,Australia,FIZ,-18.181900024414062,125.55899810791016
Ravensthorpe Airport,Ravensthorpe,Australia,RVT,-33.7971992493,120.208000183
Provo Municipal Airport,Provo,United States,PVU,40.219200134277,-111.72299957275
Steamboat Springs Bob Adams Field,Steamboat Springs,United States,SBS,40.5163002,-106.8659973
Delta Municipal Airport,Delta,United States,DTA,39.3805999756,-112.508003235
Carbon County Regional/Buck Davis Field,Price,United States,PUC,39.61389923,-110.7509995
Los Alamos Airport,Los Alamos,United States,LAM,35.8797988892,-106.268997192
Lake Havasu City Airport,Lake Havasu City,United States,HII,34.571098,-114.358002
Winslow Lindbergh Regional Airport,Winslow,United States,INW,35.021900177,-110.722999573
Douglas Municipal Airport,Douglas,United States,DGL,31.3425998688,-109.505996704
Marakei Airport,Marakei,Kiribati,MZK,2.058609962463379,173.27099609375
Abemama Atoll Airport,Abemama,Kiribati,AEA,0.4908330142498016,173.82899475097656
Buariki Airport,Buariki,Kiribati,AAK,0.1852779984474182,173.63699340820312
Kuria Airport,Kuria,Kiribati,KUC,0.2186110019683838,173.44200134277344
Arorae Island Airport,Arorae,Kiribati,AIS,-2.61611008644104,176.80299377441406
Tamana Island Airport,Tamana,Kiribati,TMN,-2.485830068588257,175.97000122070312
Beru Airport,Beru Island,Kiribati,BEZ,-1.3547199964523315,176.0070037841797
Nikunau Airport,Nikunau,Kiribati,NIG,-1.31444001198,176.410003662
Butaritari Atoll Airport,Butaritari,Kiribati,BBG,3.08583,172.811005
Makin Island Airport,Makin,Kiribati,MTK,3.3744399547576904,172.99200439453125
Maiana Airport,Maiana,Kiribati,MNK,1.0036100149154663,173.031005859375
Nonouti Airport,Nonouti,Kiribati,NON,-0.6397219896316528,174.42799377441406
Tabiteuea South Airport,Tabiteuea,Kiribati,TSU,-1.4744399785995483,175.06399536132812
Whitianga Airport,Whitianga,New Zealand,WTZ,-36.83169937133789,175.6790008544922
Takaka Airport,Takaka,New Zealand,KTF,-40.81330108642578,172.77499389648438
Afutara Aerodrome,Afutara,Solomon Islands,AFT,-9.19138888889,160.948611111
Ulawa Airport,Ulawa,Solomon Islands,RNA,-9.86054358262,161.979546547
Choiseul Bay Airport,Choiseul Bay,Solomon Islands,CHY,-6.711944,156.396111
Santa Ana Airport,Santa Ana,Solomon Islands,NNB,-10.847994,162.454108
Yandina Airport,Yandina,Solomon Islands,XYA,-9.092816,159.21841
Batuna Aerodrome,Batuna,Solomon Islands,BPF,-8.56202777778,158.119305556
Bartow Municipal Airport,Bartow,United States,BOW,27.9433994293,-81.78340148930002
Fitiuta Airport,Fiti\'uta,American Samoa,FTI,-14.2172,-169.425003
Livermore Municipal Airport,Livermore,United States,LVK,37.6934013367,-121.819999695
Mariposa Yosemite Airport,Mariposa,United States,RMY,37.5108985901,-120.040000916
Grootfontein Airport,Grootfontein,Namibia,GFY,-19.60219955444336,18.122699737548828
Rundu Airport,Rundu,Namibia,NDU,-17.956499099731,19.719400405884
Jacqueline Cochran Regional Airport,Palm Springs,United States,TRM,33.62670135498,-116.16000366211
Santa Monica Municipal Airport,Santa Monica,United States,SMO,34.015800476100004,-118.450996399
Bermuda Dunes Airport,Palm Springs,United States,UDD,33.748401641846,-116.27500152588
Scottsdale Airport,Scottsdale,United States,SCF,33.622898101807,-111.91100311279
Olympia Regional Airport,Olympia,United States,OLM,46.9693985,-122.9029999
Garfield County Regional Airport,Rifle,United States,RIL,39.526299,-107.726997
Shively Field,SARATOGA,United States,SAA,41.444901,-106.823997
DeKalb Peachtree Airport,Atlanta,United States,PDK,33.8755989075,-84.3020019531
Monroe County Airport,Bloomington,United States,BMG,39.14599990844727,-86.61669921875
Witham Field,Stuart,United States,SUA,27.18169975,-80.22109985
Morristown Municipal Airport,Morristown,United States,MMU,40.79940032958984,-74.41490173339844
Napa County Airport,Napa,United States,APC,38.2132,-122.280998
Brown Field Municipal Airport,San Diego,United States,SDM,32.572299957275,-116.98000335693
Venice Municipal Airport,Venice,United States,VNC,27.071599960327,-82.440299987793
Palm Beach County Glades Airport,Pahokee,United States,PHK,26.78499985,-80.69339752
Northwest Florida Beaches International Airport,Panama City,United States,ECP,30.357106,-85.795414
San Bernardino International Airport,San Bernardino,United States,SBD,34.0954017639,-117.23500061
Valença Airport,Valenca,Brazil,VAL,-13.2965,-38.992401
Caruaru Airport,Caruaru,Brazil,CAU,-8.282389640808105,-36.01350021362305
Wake Island Airfield,Wake island,Wake Island,AWK,19.282100677490234,166.63600158691406
Aeroclube Airport,Nova Iguacu,Brazil,QNV,-22.74530029296875,-43.46030044555664
San Carlos Airport,San Carlos,United States,SQL,37.511901855469,-122.25
Rocky Mount Wilson Regional Airport,Rocky Mount,United States,RWI,35.856300354003906,-77.89189910888672
Soldotna Airport,Soldotna,United States,SXQ,60.47570037841797,-151.03399658203125
Gillespie Field,El Cajon,United States,SEE,32.826198577881,-116.97200012207
Phan Rang Airport,Phan Rang,Vietnam,PHA,11.6335000992,108.952003479
Na-San Airport,Son-La,Vietnam,SQH,21.21699905395508,104.03299713134766
Truckee Tahoe Airport,Truckee,United States,TKF,39.3199996948,-120.13999939
Fréjus Airport,Frejus,France,FRJ,43.4175,6.7357
Geelong Airport,Geelong,Australia,GEX,-38.22499847412109,144.33299255371094
Mission Field,Livingston-Montana,United States,LVM,45.6994018555,-110.447998047
Monument Valley Airport,Monument Valley,United States,GMV,37.0167007446,-110.200996399
West 30th St. Heliport,New York,United States,JRA,40.754501,-74.007103
Lakeland Linder International Airport,Lakeland,United States,LAL,27.988899,-82.018602
Syangboche Airport,Syangboche,Nepal,SYH,27.8112,86.7124
French Valley Airport,Murrieta-Temecula,United States,RBK,33.5741996765,-117.127998352
Oristano-Fenosu Airport,Oristano,Italy,FNU,39.895308,8.642661
Mysore Airport,Mysore,India,MYQ,12.23,76.655833
Dayton-Wright Brothers Airport,Dayton,United States,MGY,39.5890007019,-84.224899292
Findlay Airport,Findley,United States,FDY,41.0135002136,-83.66870117190001
Penneshaw Airport,Penneshaw,Australia,PEA,-35.7558462874,137.962875366
Emporia Municipal Airport,Kempten,Germany,EMP,38.3320999146,-96.1912002563
Wycombe Air Park,Wycombe,United Kingdom,HYC,51.6116981506,-0.8083329796790001
Bembridge Airport,Bembridge,United Kingdom,BBP,50.6781005859,-1.10943996906
Black Hills Airport-Clyde Ice Field,Spearfish-South Dakota,United States,SPF,44.48030090332,-103.78299713135
Oksywie Military Air Base,Gdynia,Poland,QYD,54.57970047,18.51720047
Olive Branch Airport,Olive Branch,United States,OLV,34.9786987305,-89.78690338130001
Viña del mar Airport,Vina del Mar,Chile,KNA,-32.9496,-71.4786
Zonguldak Airport,Zonguldak,Turkey,ONQ,41.506401062,32.0886001587
Rocky Mountain Metropolitan Airport,Broomfield-CO,United States,BJC,39.90879822,-105.1169968
Salem Municipal Airport/McNary Field,Salem,United States,SLE,44.90950012,-123.0029984
Tunica Municipal Airport,Tunica,United States,UTM,34.680999755859,-90.346702575684
Kasaba Bay Airport,Kasaba Bay,Zambia,ZKB,-8.524999618530273,30.663000106811523
Hunt Field,Lindau,Germany,LND,42.8152008057,-108.730003357
Lawrence J Timmerman Airport,Milwaukee,United States,MWC,43.110401,-88.034401
Southern Wisconsin Regional Airport,Janesville,United States,JVL,42.620300293,-89.0416030884
Gwinnett County Briscoe Field,Lawrenceville,United States,LZU,33.97809982,-83.96240234
Bowling Green Warren County Regional Airport,Bowling Green,United States,BWG,36.9645004272,-86.41970062259999
Richard Lloyd Jones Jr Airport,Tulsa,United States,RVS,36.039600372314,-95.984596252441
Al Minhad Air Base,Minhad AB,United Arab Emirates,NHD,25.0268001556,55.3661994934
Kirovograd Airport,Kirovograd,Ukraine,KGO,48.54280090332031,32.28499984741211
El Alamein International Airport,Dabaa City,Egypt,DBB,30.92449951171875,28.46139907836914
Bryce Canyon Airport,Bryce Canyon,United States,BCE,37.706401825,-112.144996643
Chkalovskiy Air Base,Shchyolkovo,Russia,CKL,55.8783,38.061699
Tengchong Tuofeng Airport,Tengchong,China,TCZ,24.9380555556,98.4858333333
Belbek Airport,Sevastopol,Ukraine,UKS,44.688999176,33.570999145500004
Camp Bastion Airport,Camp Bastion,Afghanistan,OAZ,31.8638000488,64.2246017456
New Century Aircenter Airport,Olathe,United States,JCI,38.8308982849,-94.890296936
Easton Newnam Field,Easton,United States,ESN,38.8041992188,-76.06900024410001
Stafsberg Airport,Hamar,Norway,HMR,60.81809997558594,11.067999839782717
Yuba County Airport,Yuba City,United States,MYV,39.09780121,-121.5699997
Halliburton Field,Duncan,United States,DUC,34.47090149,-97.9598999
Garner Field,Uvalde,United States,UVA,29.2112998962,-99.743598938
Lewis University Airport,Lockport,United States,LOT,41.6072998,-88.09619904
Buchanan Field,Concord,United States,CCR,37.9897003174,-122.056999207
Ocean Reef Club Airport,Ocean Reef Club Airport,United States,OCA,25.325399398804,-80.274803161621
Yushu Batang Airport,Yushu,China,YUS,32.836388888900004,97.0363888889
Lianshui Airport,Huai An,China,HIA,33.7908333333,119.125
Toronto/Oshawa Executive Airport,Oshawa,Canada,YOO,43.922798,-78.894997
Lahr Airport,Lahr,Germany,LHA,48.3693008423,7.82772016525
Monywar Airport,Monywa,Burma,NYW,22.221638,95.093479
Ohio University Snyder Field,Athens,United States,ATO,39.2109985352,-82.23139953610001
Springfield-Beckley Municipal Airport,Springfield,United States,SGH,39.840301513672,-83.840202331543
Herrera Airport,Santo Domingo,Dominican Republic,HEX,18.4696998596,-69.9693984985
Cooinda Airport,Cooinda,Australia,CDA,-12.903300285339355,132.53199768066406
Jabiru Airport,Jabiru,Australia,JAB,-12.658300399780272,132.89300537109375
Hastings Airport,Freetown,Sierra Leone,HGS,8.397130012512207,-13.12909984588623
Philip Billard Municipal Airport,Topeka,United States,TOP,39.068698883057,-95.622497558594
Smyrna Airport,Smyrna,United States,MQY,36.0089988708,-86.5201034546
Franklin County Airport,Sewanee,United States,UOS,35.205101013184,-85.898101806641
Ngari Gunsa Airport,Shiquanhe,China,NGQ,32.1,80.0530555556
Cochstedt Airport,Cochstedt,Germany,CSO,51.8563995361,11.42029953
Chicago Executive Airport,Chicago-Wheeling,United States,PWK,42.114222,-87.901494
Southwest Washington Regional Airport,Kelso,United States,KLS,46.11800003049999,-122.898002625
Tureia Airport,Tureia,French Polynesia,ZTA,-20.78969955444336,-138.57000732421875
Puerto Obaldia Airport,Puerto Obaldia,Panama,PUE,8.667,-77.418
Kerch Airport,Kerch,Ukraine,KHC,45.372501373291016,36.40140151977539
Ukunda Airstrip,Ukunda,Kenya,UKA,-4.29333,39.571098
Wilmington Airpark,Wilmington,United States,ILN,39.427898407,-83.792098999
Marana Regional Airport,Tucson,United States,AVW,32.4095993042,-111.218002319
Casa Grande Municipal Airport,Casa Grande,United States,CGZ,32.954899,-111.766998
Buckeye Municipal Airport,Buckeye,United States,BXK,33.42039871,-112.685997
McMinn County Airport,Athens,United States,MMI,35.39730072,-84.56259918
Sterling Municipal Airport,Sterling,United States,STK,40.61529922,-103.2649994
Rawlins Municipal Airport/Harvey Field,Rawlins,United States,RWL,41.80559921,-107.1999969
Essex County Airport,Caldwell,United States,CDW,40.875198364300005,-74.2814025879
Lee C Fine Memorial Airport,Kaiser Lake Ozark,United States,AIZ,38.0960006714,-92.54949951170002
Thomasville Regional Airport,Thomasville,United States,TVI,30.901599884033,-83.881301879883
Henderson Executive Airport,Henderson,United States,HSH,35.9728012085,-115.134002686
Gostomel Airport,Kiev,Ukraine,GML,50.60350036621094,30.1919002532959
Henry Tift Myers Airport,Tifton,United States,TMA,31.4290008545,-83.4885025024
Radom Airport,RADOM,Poland,RDO,51.3891983032,21.213300705
Phoenix Deer Valley Airport,Phoenix ,United States,DVT,33.6883010864,-112.083000183
Revelstoke Airport,Revelstoke,Canada,YRV,50.9667015076,-118.182998657
Republic Airport,Farmingdale,United States,FRG,40.7288017273,-73.4133987427
Zhongwei Shapotou Airport,Zhongwei,China,ZHY,37.573125,105.154454
McKinley National Park Airport,McKinley Park,United States,MCL,63.7326011658,-148.910995483
Prospect Creek Airport,Prospect Creek,United States,PPC,66.814102172852,-150.64399719238
Khwai River Lodge Airport,Khwai River,Botswana,KHW,-19.149999618530277,23.78300094604492
Taichung Airport,Taichung,Taiwan,TXG,24.18630027770996,120.65399932861328
Wheeling Ohio County Airport,Wheeling,United States,HLG,40.1749992371,-80.6463012695
Ye Airport,Ye,Burma,XYE,15.300000190734863,97.86699676513672
Al Maktoum International Airport,Dubai,United Arab Emirates,DWC,24.896356,55.161389
Aransas County Airport,Rockport,United States,RKP,28.0867996216,-97.0446014404
Megève Airport,Verdun,France,MVV,45.82080078125,6.652219772338867
Méribel Altiport,Ajaccio,France,MFX,45.407003,6.577942
Baise Youjiang Airport,Baise,China,AEB,23.7206001282,106.959999084
Okaukuejo Airport,Okaukuejo,Namibia,OKF,-19.149200439453125,15.91189956665039
Mokuti Lodge Airport,Mokuti Lodge,Namibia,OKU,-18.81279945373535,17.05940055847168
Köthen Airport,Koethen,Germany,KOQ,51.7211112976,11.9527778625
St. Peter-Ording Airport,Sankt Peter-Ording,Germany,PSH,54.30888748168945,8.686944007873535
Portland Troutdale Airport,Troutdale,United States,TTD,45.54940032959,-122.40100097656
Portland Hillsboro Airport,Hillsboro,United States,HIO,45.540401,-122.949997
Khost Airport,Khost,Afghanistan,KHT,33.3334007263,69.952003479
Namtu Airport,Naypyidaw,Burma,NMT,23.083,97.383003
Burns Municipal Airport,Burns,United States,BNO,43.5918998718,-118.955001831
Prineville Airport,Prineville,United States,PRZ,44.286998748779,-120.90399932861
Red Bluff Municipal Airport,Red Bluff,United States,RBL,40.1506996155,-122.251998901
Marin County Airport - Gnoss Field,Novato,United States,NOT,38.143600463867,-122.55599975586
Lake County Airport,Lakeview,United States,LKV,42.1610984802,-120.399002075
Tillamook Airport,Tillamook,United States,OTK,45.4182014465,-123.814002991
Ontario Municipal Airport,Ontario,United States,ONO,44.020500183105,-117.01399993896
Columbia Gorge Regional the Dalles Municipal Airport,The Dalles,United States,DLS,45.6184997559,-121.166999817
Montgomery County Airpark,Gaithersburg,United States,GAI,39.1683006287,-77.1660003662
Sharana Airstrip,Sharona,Afghanistan,OAS,33.12575,68.838517
Pembroke Airport,Pembroke,Canada,YTA,45.86439895629883,-77.25170135498047
Tsumeb Airport,Tsumeb,Namibia,TSB,-19.26189994812,17.732500076294
Suffield Heliport,Suffield,Canada,YSD,50.266700744628906,-111.18299865722656
Blumenau Airport,BLUMENAU,Brazil,BNU,-26.83060073852539,-49.09030151367188
Cornwall Regional Airport,Cornwall,Canada,YCC,45.09280014038086,-74.56330108642578
Zona da Mata Regional Airport,Juiz de Fora,Brazil,IZA,-21.5130558014,-43.1730575562
Morrisville Stowe State Airport,Morrisville,United States,MVL,44.53459930419999,-72.6139984131
Dallas Executive Airport,Dallas,United States,RBD,32.6809005737,-96.8682022095
Krainiy Airport,Baikonur,Kazakhstan,BXY,45.621994,63.210773
Westerly State Airport,Washington County,United States,WST,41.3496017456,-71.8033981323
Block Island State Airport,Block Island,United States,BID,41.1680984497,-71.577796936
Nightmute Airport,Nightmute,United States,NME,60.471000671387,-164.70100402832
Toksook Bay Airport,Toksook Bay,United States,OOK,60.54140091,-165.0870056
Ittoqqortoormiit Heliport,Ittoqqortoormiit,Greenland,OBY,70.4882288244,-21.9716799259
Vinnytsia/Gavyryshivka Airport,Vinnitsa,Ukraine,VIN,49.242531,28.613778
Decatur County Industrial Air Park,Bainbridge,United States,BGE,30.9715004,-84.63739777
La Romaine Airport,La Romaine,Canada,ZGS,50.259701,-60.679401
Kegaska Airport,Kegaska,Canada,ZKG,50.1958007812,-61.2658004761
Black Tickle Airport,Black Tickle,Canada,YBI,53.4693984985,-55.7849998474
Whiteman Airport,Los Angeles,United States,WHP,34.2593002319,-118.413002014
Madera Municipal Airport,Madera,United States,MAE,36.9886016846,-120.111999512
Trail Airport,Trail,Canada,YZZ,49.0555992126,-117.60900116
Old Arctic Bay Airport,Arctic Bay,Canada,YAB,73.0058922479,-85.0325489044
Grand-Santi Airport,Grand-Santi,French Guiana,GSI,4.285833,-54.373056
Maripasoula Airport,Maripasoula,French Guiana,MPY,3.6575,-54.037201
Saint-Laurent-du-Maroni Airport,Saint-Laurent-du-Maroni,French Guiana,LDX,5.48306,-54.034401
Kanas Airport,Burqin,China,KJI,48.2223,86.9959
Capurganá Airport,Capurgana,Colombia,CPB,8.63333,-77.35
Sohag International Airport,Sohag,Egypt,HMB,26.342778,31.742778
Presidente General Don Oscar D. Gestido International Airport,Rivera,Uruguay,RVY,-30.97459983825684,-55.476200103759766
Patos de Minas Airport,Patos de Minas,Brazil,POJ,-18.672800064086918,-46.4911994934082
Bauru - Arealva Airport,Bauru,Brazil,JTC,-22.1668591409,-49.0502866745
Ourilândia do Norte Airport,Ourilandia do Norte,Brazil,OIA,-6.763100147250001,-51.0499000549
Redenção Airport,Redencao,Brazil,RDC,-8.033289909362793,-49.97990036010742
São Félix do Xingu Airport,Sao Felix do Xingu,Brazil,SXX,-6.6413,-51.9523
Bonito Airport,Bointo,Brazil,BYO,-21.247299,-56.452499
São Félix do Araguaia Airport,Sao Felix do Araguaia,Brazil,SXO,-11.632399559020996,-50.68960189819336
Caçador Airport,Cacador,Brazil,CFC,-26.78840065,-50.9398002625
Carauari Airport,Carauari,Brazil,CAF,-4.871520042419434,-66.89749908447266
Eirunepé Airport,Eirunepe,Brazil,ERN,-6.639530181884766,-69.87979888916016
Concórdia Airport,Concordia,Brazil,CCI,-27.180599212646484,-52.05270004272461
Francisco Beltrão Airport,Francisco Beltrao,Brazil,FBE,-26.059200286865234,-53.0634994506836
Confresa Airport,Confresa,Brazil,CFO,-10.634400367736816,-51.5635986328125
Apalachicola Regional Airport,Apalachicola,United States,AAF,29.72750092,-85.02749634
Umuarama Airport,Umuarama,Brazil,UMU,-23.7987003326416,-53.31380081176758
Diamantina Airport,Diamantina,Brazil,DTI,-18.232000351,-43.6503982544
Fonte Boa Airport,Fonte Boa,Brazil,FBA,-2.5326099395800004,-66.0831985474
Senadora Eunice Micheles Airport,Sao Paulo de Olivenca,Brazil,OLC,-3.46792950765,-68.9204120636
Humaitá Airport,Humaita,Brazil,HUW,-7.532120227810001,-63.072101593
Tapuruquara Airport,Santa Isabel do Rio Negro,Brazil,IRZ,-0.3786,-64.9923
Oriximiná Airport,Oriximina,Brazil,ORX,-1.714079976081848,-55.83620071411133
Hotel Transamérica Airport,Una,Brazil,UNA,-15.3551998138,-38.9990005493
Telfer Airport,Telfer,Australia,TEF,-21.71500015258789,122.22899627685548
Gazipaşa Airport,Alanya,Turkey,GZP,36.299217,32.300598
Shank Air Base,Shank,Afghanistan,OAA,33.9225,69.07722222219999
St Lucie County International Airport,Fort Pierce,United States,FPR,27.49510002,-80.36830139
Plymouth Municipal Airport,Plymouth,United States,PYM,41.909,-70.728798
Quonset State Airport,North Kingstown,United States,NCO,41.597099304199,-71.412101745605
Norwood Memorial Airport,Norwood,United States,OWD,42.1904983521,-71.1728973389
Westfield-Barnes Regional Airport,Westfield,United States,BAF,42.157799,-72.715599
Orange County Airport,Montgomery,United States,MGJ,41.50999832,-74.26460266
Capital City Airport,Harrisburg,United States,HAR,40.2170982361,-76.85150146480001
Danbury Municipal Airport,Danbury,United States,DXR,41.3714981079,-73.48220062259999
Boire Field,Nashua,United States,ASH,42.7817001343,-71.51480102539999
Lawrence Municipal Airport,Lawrence,United States,LWM,42.7172012329,-71.1233978271
Waterbury Oxford Airport,Oxford,United States,OXC,41.47859954834,-73.135200500488
Richard B Russell Airport,Rome,United States,RMG,34.3506011963,-85.15799713130001
Northeast Alabama Regional Airport,Gadsden,United States,GAD,33.972599,-86.088996
Barrow County Airport,Winder,United States,WDR,33.98289871,-83.66739655
Dalton Municipal Airport,Dalton,United States,DNN,34.72290039,-84.87020111
LaGrange Callaway Airport,LaGrange,United States,LGC,33.0089,-85.072601
Harris County Airport,Pine Mountain,United States,PIM,32.8406982422,-84.8824005127
Lee Gilmer Memorial Airport,Gainesville,United States,GVL,34.27259827,-83.8302002
Harry Clever Field,New Philadelpha,United States,PHD,40.470901489258,-81.419700622559
Hilton Head Airport,Hilton Head Island,United States,HHH,32.2243995667,-80.6975021362
Daniel Field,Augusta,United States,DNL,33.4664993286,-82.0393981934
Foothills Regional Airport,Morganton,United States,MRN,35.820202,-81.611397
Pike County-Hatcher Field,Pikeville,United States,PVL,37.5617981,-82.56639862
Toccoa Airport - R.G. Letourneau Field,Toccoa,United States,TOC,34.59379959,-83.29579926
Suprunovka Airport,Poltava,Ukraine,PLV,49.56859970092773,34.39720153808594
Wau Airport,Wau,Sudan,WUU,7.725830078119999,27.9750003815
Humera Airport,Humera,Ethiopia,HUE,14.25,36.58300018310547
Moyale Airport,Moyale,Kenya,OYL,3.46972,39.101398
Zagora Airport,Zagora,Morocco,OZG,30.3202991486,-5.86667013168
Yengema Airport,Yengema,Sierra Leone,WYE,8.610469818115234,-11.04539966583252
Gbangbatok Airport,Gbangbatok,Sierra Leone,GBK,7.767000198364258,-12.383000373840332
Turukhansk Airport,Turukhansk,Russia,THX,65.797203064,87.9353027344
Podkamennaya Tunguska Airport,Bor,Russia,TGP,61.589699,89.994003
Fort Worth Alliance Airport,Fort Worth,United States,AFW,32.9875984192,-97.3188018799
Renmark Airport,Renmark,Australia,RMK,-34.1963996887207,140.6739959716797
Leigh Creek Airport,Leigh Creek,Australia,LGH,-30.59830093383789,138.42599487304688
Rottnest Island Airport,Rottnest Island,Australia,RTS,-32.006699,115.540001
Forrest Airport,Forrest,Australia,FOS,-30.83810043334961,128.11500549316406
Keewaywin Airport,Keewaywin,Canada,KEW,52.9911003113,-92.8364028931
Marathon Airport,Marathon,Canada,YSP,48.75529861450195,-86.34439849853516
Hearst René Fontaine Municipal Airport,Hearst,Canada,YHF,49.71419906616211,-83.68609619140625
Hornepayne Municipal Airport,Hornepayne,Canada,YHN,49.19309997558594,-84.75890350341797
Kirkland Lake Airport,Kirkland Lake,Canada,YKX,48.21030044555664,-79.98139953613281
Manitouwadge Airport,Manitouwadge,Canada,YMG,49.08390045166016,-85.86060333251953
Wawa Airport,Wawa,Canada,YXZ,47.96670150756836,-84.78669738769531
Manitoulin East Municipal Airport,Manitowaning,Canada,YEM,45.84280014038086,-81.85810089111328
Lawrence Municipal Airport,Lawrence,United States,LWC,39.01119995,-95.21659851
Pompano Beach Airpark,Pompano Beach,United States,PPM,26.247100830078,-80.111099243164
Mallacoota Airport,Mallacoota,Australia,XMC,-37.59830093383789,149.72000122070312
Majeed Bin Abdulaziz Airport,Al-Ula,Saudi Arabia,ULH,26.48,38.1288888889
Yuendumu Airport,Yuendumu ,Australia,YUE,-22.254199981689453,131.78199768066406
Lombok International Airport,Praya,Indonesia,LOP,-8.757322,116.276675
South Cariboo Region / 108 Mile Airport,108 Mile Ranch,Canada,ZMH,51.7360992432,-121.333000183
Handan Airport,Handan,China,HDG,36.5258333333,114.425555556
London-Corbin Airport/Magee Field,London,United States,LOZ,37.0821990967,-84.08489990230001
Simmons Army Air Field,Fredericksburg,United States,FBG,35.13180161,-78.93669891
Modlin Airport,Warsaw,Poland,WMI,52.451099,20.6518
Jixi Xingkaihu Airport,Jixi,China,JXA,45.293,131.193
Jeongseok Airport,Seogwipo,South Korea,JDG,33.3996009827,126.711997986
Gimli Industrial Park Airport,Gimli,Canada,YGM,50.62810134887695,-97.04329681396484
Beloyarskiy Airport,Beloyarsky,Russia,EYK,63.686901,66.698601
John H Batten Airport,Racine,United States,RAC,42.7606010437,-87.8152008057
Cesar Lim Rodriguez Airport,Taytay,Philippines,RZP,10.81874,119.507697
Shigatse Air Base,Shigatse,China,RKZ,29.3519,89.311401
Tacoma Narrows Airport,Tacoma,United States,TIW,47.26789856,-122.5780029
Jack Edwards Airport,Gulf Shores,United States,GUF,30.29050064,-87.67179871
General Villamil Airport,Isabela,Ecuador,IBB,-0.942628026009,-90.9530029297
Khmelnytskyi Airport,Khmeinitskiy,Ukraine,HMJ,49.359699,26.933399
Hiroshimanishi Airport,Hiroshima,Japan,HIW,34.36690139770508,132.41400146484375
Yalata Mission Airport,Yalata,Australia,KYI,-31.470600128173828,131.8249969482422
Hazleton Municipal Airport,Hazleton,United States,HZL,40.9868011475,-75.9949035645
Greater Cumberland Regional Airport,Cumberland,United States,CBE,39.615398407,-78.7609024048
Wyndham Airport,Wyndham,Australia,WYN,-15.51140022277832,128.1529998779297
Bob Quinn Lake Airport,Bob Quinn Lake,Canada,YBO,56.9667015076,-130.25
Grabtsevo Airport,Kaluga,Russia,KLF,54.5499992371,36.3666687012
Tri-County Regional Airport,Lone Rock,United States,LNR,43.2117004395,-90.181602478
Joliet Regional Airport,Joliet,United States,JOT,41.51779938,-88.17549896
Illinois Valley Regional Airport-Walter A Duncan Field,Peru,United States,VYS,41.351898,-89.153099
Jackson County Reynolds Field,Jackson,United States,JXN,42.2597999573,-84.45939636230001
Wings Field,Philadelphia,United States,BBX,40.1375007629,-75.2650985718
Okeechobee County Airport,Okeechobee,United States,OBE,27.2628002167,-80.8498001099
Sebring Regional Airport,Sebring,United States,SEF,27.45639992,-81.3423996
Avon Park Executive Airport,Avon Park,United States,AVO,27.59119987,-81.52780151
Winter Haven Regional Airport - Gilbert Field,Winter Haven,United States,GIF,28.062901,-81.753304
Zephyrhills Municipal Airport,Zephyrhills,United States,ZPH,28.2282009125,-82.15589904790001
Ocala International Airport - Jim Taylor Field,Ocala,United States,OCF,29.17259979,-82.22419739
Aiken Regional Airport,Aiken,United States,AIK,33.649399,-81.684998
Woodward Field,Camden,United States,CDN,34.2835998535,-80.56490325930001
Lumberton Regional Airport,Lumberton,United States,LBT,34.6099014282,-79.05940246579999
Moore County Airport,Pinehurst-Southern Pines,United States,SOP,35.23740005,-79.3911972
Statesville Regional Airport,Statesville,United States,SVH,35.765300750732,-80.953903198242
William T. Piper Memorial Airport,Lock Haven,United States,LHV,41.13560104,-77.42230225
Burke Lakefront Airport,Cleveland,United States,BKL,41.51750183105469,-81.68329620361328
Chautauqua County-Dunkirk Airport,Dunkirk,United States,DKK,42.49330139,-79.27200317
South Jersey Regional Airport,Mount Holly,United States,LLY,39.9429016113,-74.845703125
Linden Airport,Linden,United States,LDJ,40.617401123,-74.2445983887
Tri State Steuben County Airport,Angola,United States,ANQ,41.639702,-85.083504
Clearwater Air Park,Clearwater,United States,CLW,27.9766998291,-82.7586975098
Chicago Meigs Airport,Chicago,United States,CGX,41.85879898071289,-87.60790252685547
Grand Strand Airport,North Myrtle Beach,United States,CRE,33.8116989136,-78.72389984130001
Buochs Airport,Buochs,Switzerland,BXO,46.974444,8.396944
Wilkes Barre Wyoming Valley Airport,Wilkes-Barre,United States,WBW,41.2971992493,-75.8511962891
Willoughby Lost Nation Municipal Airport,Willoughby,United States,LNN,41.6839981079,-81.3897018433
Uummannaq Heliport,Uummannaq,Greenland,UMD,70.6804279261,-52.1116304398
Bayannur Tianjitai Airport,Bayannur,China,RLK,40.926,107.7428
Capital City Airport,Frankfort,United States,FFT,38.18249893,-84.90470123
Auburn Lewiston Municipal Airport,Lewiston,United States,LEW,44.048500061,-70.2835006714
Marco Island Executive Airport,Marco Island Airport,United States,MRK,25.995001,-81.672501
Drummond Island Airport,Drummond Island,United States,DRE,46.0093002319,-83.74389648440001
Gladwin Zettel Memorial Airport,Gladwin,United States,GDW,43.9706001282,-84.47499847410002
Marshfield Municipal Airport,Marshfield,United States,MFI,44.6369018555,-90.1893005371
Alexander Field South Wood County Airport,Wisconsin Rapids,United States,ISW,44.3602981567,-89.83899688720001
Clinton Municipal Airport,Clinton,United States,CWI,41.8311004639,-90.3291015625
Beverly Municipal Airport,Beverly,United States,BVY,42.5842018127,-70.91649627689999
Ostafyevo International Airport,Moscow,Russia,OSF,55.511667,37.507222
Trois-Rivières Airport,Trois Rivieres,Canada,YRQ,46.35279846191406,-72.67939758300781
Poplar Bluff Municipal Airport,Poplar Bluff,United States,POF,36.773899078369,-90.324897766113
Keokuk Municipal Airport,Keokuk,United States,EOK,40.4598999023,-91.4284973145
Perth/Scone Airport,Perth,United Kingdom,PSL,56.43920135498047,-3.372220039367676
St Paul Downtown Holman Field,St. Paul,United States,STP,44.93450164794922,-93.05999755859376
Söderhamn Airport,Soderhamn,Sweden,SOO,61.26150131225586,17.09910011291504
Saravane Airport,Saravane,Laos,VNA,15.7094392077,106.410698891
Dikson Airport,Dikson,Russia,DKS,73.51780700683594,80.37966918945312
Bantry Aerodrome,Bantry,Ireland,BYT,51.66859817504883,-9.484169960021973
Alldays Airport,Alldays,South Africa,ADY,-22.6790008545,29.0555000305
Butler Co Regional Airport - Hogan Field,Hamilton,United States,HAO,39.3638000488,-84.5220031738
Garissa Airport,Garissa,Kenya,GAS,-0.4635080099105835,39.64830017089844
Hola Airport,Hola,Kenya,HOA,-1.5219999551773071,40.00400161743164
Kericho Airport,Kericho,Kenya,KEY,-0.3899,35.242093
Kilaguni Airport,Kilaguni,Kenya,ILU,-2.9106099605560303,38.06520080566406
Antsirabe Airport,Antsirabe,Madagascar,ATJ,-19.8392214824,47.0637130737
Bekily Airport,Bekily,Madagascar,OVA,-24.235694754699995,45.3045272827
Ust-Tsylma Airport,Ust-Tsylma,Russia,UTS,65.43729400630001,52.20033645629999
Gorno-Altaysk Airport,Gorno-Altaysk,Russia,RGK,51.9667015076,85.8332977295
Fond du Lac County Airport,Fond du Lac,United States,FLD,43.7711982727,-88.48840332030001
Stevens Point Municipal Airport,Stevens Point,United States,STE,44.5452003479,-89.530296325684
Moma Airport,Honuu,Russia,MQJ,66.450861,143.261551
Peenemünde Airport,Peenemunde,Germany,PEF,54.1577796936,13.774443626399998
Nusawiru Airport,Nusawiru,Indonesia,CJN,-7.719895,108.488995
Galion Municipal Airport,Galion,United States,GQQ,40.7533988953,-82.7238006592
Tiputini Airport,Tiputini,Ecuador,TPN,-0.7761110067367554,-75.52639770507812
Rio Amazonas Airport,Pastaza,Ecuador,PTZ,-1.5052399635299998,-78.0626983643
Clarksville–Montgomery County Regional Airport,Clarksville,United States,CKV,36.6218986511,-87.4150009155
Lompoc Airport,Lompoc,United States,LPC,34.665599823,-120.468002319
Chester County G O Carlson Airport,Coatesville,United States,CTH,39.97900009,-75.8655014
Bost Airport,Lashkar Gah,Afghanistan,BST,31.55970001220703,64.36499786376953
Lankaran International Airport,Lankaran,Azerbaijan,LLK,38.7463989258,48.8180007935
Gabala International Airport,Qabala,Azerbaijan,GBB,40.826667,47.7125
Zaqatala International Airport,Zaqatala,Azerbaijan,ZTU,41.562222,46.667221
Lake Placid Airport,Lake Placid,United States,LKP,44.2644996643,-73.96189880370001
Typliy Klyuch Airport,Khandyga,Russia,KDY,62.7890014648,136.854995728
Magan Airport,Yakutsk,Russia,GYG,62.103484,129.545288
Qianjiang Wulingshan Airport,Qianjiang,China,JIQ,29.5133333333,108.831111111
Lima Allen County Airport,Lima,United States,AOH,40.706902,-84.026703
Sondok Airport,Hamhung,North Korea,DSO,39.745201,127.473999
Malcolm McKinnon Airport,Brunswick,United States,SSI,31.15180016,-81.39129639
Beaver County Airport,Beaver Falls,United States,BFP,40.7724990845,-80.39140319820001
Georgetown County Airport,Georgetown,United States,GGE,33.3116989136,-79.3196029663
Hardwick Field,Cleveland,United States,HDI,35.22010040283203,-84.8323974609375
Renton Municipal Airport,Renton,United States,RNT,47.4930992126,-122.216003418
Brackett Field,La Verne,United States,POC,34.091598510742,-117.78199768066
Cross City Airport,Cross City,United States,CTY,29.6354999542,-83.10479736330001
Oconee County Regional Airport,Clemson,United States,CEU,34.6719017,-82.8864975
Beech Factory Airport,Wichita,United States,BEC,37.6944999695,-97.21499633790002
Duxford Aerodrome,Duxford,United Kingdom,QFO,52.090801,0.131944
Sidney Municipal-Lloyd W Carr Field,Sidney,United States,SNY,41.10129929,-102.9850006
Great Keppel Is Airport,Great Keppel Island,Australia,GKL,-23.1833000183,150.942001343
Roper Bar Airport,Roper Bar,Australia,RPB,-14.734814,134.525485
Innisfail Airport,Innisfail,Australia,IFL,-17.55940055847168,146.01199340820312
Kalaeloa Airport,Kapolei,United States,JRF,21.3074,-158.070009
Bamiyan Airport,Bamyan,Afghanistan,BIN,34.81700134277344,67.81700134277344
Changbaishan Airport,Baishan,China,NBS,42.066944,127.602222
Orang Airport,Chongjin,North Korea,RGO,41.428538,129.647555
Moomba Airport,Moomba,Australia,MOO,-28.09939956665039,140.19700622558594
Lublin Airport,Lublin,Poland,LUZ,51.240278,22.713611
Iosco County Airport,East Tawas,United States,ECA,44.312801,-83.422302
Villa Airport,Maamigili,Maldives,VAM,3.47055555556,72.8358333333
Lingling Airport,Yongzhou,China,LLF,26.338661,111.610043
Lošinj Island Airport,Mali Losinj,Croatia,LSZ,44.5657997131,14.3930997849
Onslow Airport,Onslow,Australia,ONS,-21.668300628662,115.1129989624
Theodore Airport,Theodore,Australia,TDR,-24.99329948425293,150.09300231933594
Boulder Municipal Airport,Boulder,United States,WBU,40.0393981934,-105.225997925
Bitburg Airport,Birburg,Germany,BBJ,49.945278,6.565
Palo Alto Airport of Santa Clara County,Palo Alto,United States,PAO,37.461101532,-122.114997864
Ust-Nera Airport,Ust-Nera,Russia,USR,64.550003051758,143.11500549316
Falcon Field,Mesa,United States,MSC,33.4608001709,-111.727996826
Yangzhou Taizhou Airport,Yangzhou,China,YTY,32.5634,119.7198
Oakland County International Airport,Pontiac,United States,PTK,42.665500640869,-83.420097351074
Kissidougou Airport,Kissidougou,Guinea,KSI,9.1605596542358,-10.124400138855
Dillant Hopkins Airport,Keene,United States,EEN,42.898399353027344,-72.27079772949219
Tianshui Maijishan Airport,Tianshui,China,THQ,34.5593986511,105.86000061
Kawama Airport,Kawama,Cuba,VRO,23.1240005493,-81.3015975952
Kooddoo Airport,Kooddoo,Maldives,GKK,0.7324,73.4336
Rochester Airport,Rochester,United Kingdom,RCS,51.351898193359375,0.5033329725265503
Termas de Río Hondo international Airport,Rio Hondo,Argentina,RHD,-27.4966,-64.93595
Keetmanshoop Airport,Keetmanshoop,Namibia,KMP,-26.5398006439209,18.111400604248047
Kangding Airport,Kangding,China,KGT,30.1575,101.734722
Velikiy Ustyug Airport,Veliky Ustyug,Russia,VUS,60.78829956054688,46.2599983215332
Iowa City Municipal Airport,Iowa City,United States,IOW,41.6391983032,-91.5465011597
Turpan Jiaohe Airport,Turpan,China,TLQ,43.0308,89.0987
Lee Airport,Annapolis,United States,ANP,38.942902,-76.568398
Cuamba Airport,Cuamba,Mozambique,FXO,-14.815,36.529999
Bodaybo Airport,Bodaibo,Russia,ODO,57.8661003113,114.242996216
Zhytomyr Airport,Zhytomyr,Ukraine,ZTR,50.270556,28.738611
Mattala Rajapaksa International Airport,Mattala,Sri Lanka,HRI,6.284467,81.124128
Pecos Municipal Airport,Pecos,United States,PEQ,31.382400512695,-103.51100158691
Hattiesburg Bobby L Chain Municipal Airport,Hattiesburg,United States,HBG,31.26479912,-89.25279999
Botucatu - Tancredo de Almeida Neves Airport,Botucatu,Brazil,QCJ,-22.939501,-48.467999
Mário Pereira Lopes–São Carlos Airport,Sao Carlos,Brazil,QSC,-21.875401,-47.903703
Chan Gurney Municipal Airport,Yankton,United States,YKN,42.916698455811,-97.385902404785
Sir Bani Yas Airport,Sir Bani Yas Island,United Arab Emirates,XSB,24.283611,52.580278
Bromont (Roland Desourdy) Airport,Bromont,Canada,ZBM,45.2907981873,-72.74140167239999
Kratie Airport,Kratie,Cambodia,KTI,12.48799991607666,106.05500030517578
Guyuan Liupanshan Airport,Guyuan,China,GYU,36.0788888889,106.216944444
Changhai Airport,Changhai,China,CNI,39.2666666667,122.666944444
Redhill Aerodrome,Redhill,United Kingdom,KRH,51.2136001587,-0.138611003757
Jiagedaqi Airport,Jiagedaqi District,China,JGD,50.371389,124.1175
Chinchilla Airport,Chinchilla,Australia,CCL,-26.774999618530277,150.61700439453125
Hayward Executive Airport,Hayward,United States,HWD,37.659198761,-122.122001648
Motueka Airport,Motueka,New Zealand,MZP,-41.12329864501953,172.98899841308594
Shute Harbour Airport,Shute Harbour,Australia,JHQ,-20.277221,148.755556
Ann Arbor Municipal Airport,Ann Arbor,United States,ARB,42.2229995728,-83.74559783939999
Shepparton Airport,Shepparton,Australia,SHT,-36.42890167236328,145.39300537109375
Temora Airport,Temora,Australia,TEM,-34.4213981628418,147.51199340820312
Gayndah Airport,Gayndah,Australia,GAH,-25.61440086364746,151.61900329589844
Wilcannia Airport,Wilcannia,Australia,WIO,-31.52639961242676,143.375
Bijie Feixiong Airport,Bijie,China,BFJ,27.267066,105.472097
Lensk Airport,Lensk,Russia,ULK,60.7206001282,114.825996399
Kavalerovo Airport,Kavalerovo,Russia,KVR,44.2726,135.029
Iğdır Airport,Igdir,Turkey,IGD,39.9766273499,43.8766479492
Şanlıurfa GAP Airport,Sanliurfa,Turkey,GNY,37.445663,38.895592
Zafer Airport,Kutahya,Turkey,KZR,39.113079,30.128111
Velikiye Luki Airport,Velikiye Luki,Russia,VLU,56.38109970092773,30.60810089111328
Lake Macquarie Airport,Lake Macquarie,Australia,BEO,-33.0667,151.647995
Brampton Island Airport,Brampton Island,Australia,BMP,-20.803300857543945,149.27000427246094
Alameda Naval Air Station,Alameda,United States,NGZ,37.78889846801758,-122.31999969482422
Cochrane Airport,Cochrane,Canada,YCN,49.10559844970703,-81.01360321044922
Estadual Arthur Siqueira Airport,Braganca Paulista,Brazil,BJP,-22.979162,-46.537508
Busselton Regional Airport,Brusselton,Australia,BQB,-33.6884231567,115.401596069
Srednekolymsk Airport,Srednekolymsk,Russia,SEK,67.4805,153.7364
Inverell Airport,Inverell,Australia,IVR,-29.888299942,151.143997192
Glen Innes Airport,Glen Innes,Australia,GLI,-29.674999237060547,151.68899536132812
Immokalee Regional Airport,Immokalee ,United States,IMM,26.43320084,-81.40100098
Maranggo Airport,Sulawesi Tenggara,Indonesia,TQQ,-5.7645702362061,123.91699981689
Yichun Mingyueshan Airport,Yichun,China,YIC,27.8025,114.3062
Dinwiddie County Airport,Petersburg,United States,PTB,37.183799743652,-77.507400512695
Sheboygan County Memorial Airport,Sheboygan,United States,SBM,43.76959991,-87.85140228
Fortescue - Dave Forrest Aerodrome,Cloudbreak,Australia,KFE,-22.290754,119.437143
Bajura Airport,Bajura,Nepal,BJU,29.50200080871582,81.66899871826172
Pinal Airpark,Marana,United States,MZJ,32.5106010437,-111.32800293
Safford Regional Airport,Safford,United States,SAD,32.85480118,-109.6350021
Solomon Airport,Solomon,Australia,SLJ,-22.2554,117.7627
Kerama Airport,Kerama,Japan,KJP,26.1683006287,127.292999268
Ekibastuz Airport,Ekibastuz,Kazakhstan,EKB,51.59099960327149,75.21499633789062
Sikeston Memorial Municipal Airport,Sikeston,United States,SIK,36.898899078369,-89.561798095703
Tetiaroa Airport,Tetiaroa,French Polynesia,TTI,-17.0132999420166,-149.58700561523438
Floyd Bennett Memorial Airport,Queensbury,United States,GFL,43.3412017822,-73.6102981567
Martin State Airport,Baltimore,United States,MTN,39.325699,-76.413803
Eastern Slopes Regional Airport,Fryeburg,United States,FRY,43.9911003113,-70.9478988647
Lakefront Airport,New Orleans,United States,NEW,30.042400360107,-90.028297424316
Coeur D'Alene - Pappy Boyington Field,Coeur d'Alene,United States,COE,47.77429962,-116.8199997
Beaumont Municipal Airport,Beaumont,United States,BMT,30.0706996918,-94.21579742430002
Vermilion Regional Airport,Danville,United States,DNV,40.19919968,-87.59590149
Coonabarabran Airport,Coonabarabran,Australia,COJ,-31.332500457763672,149.26699829101562
Space Coast Regional Airport,Titusville,United States,TIX,28.514799118042,-80.799201965332
Bumi Airport,Bumi Hills,Zimbabwe,BZH,-16.8169994354,28.3500003815
Bouarfa Airport,Bouarfa,Morocco,UAR,32.5143055556,-1.98305555556
Nyeri Airport,NYERI,Kenya,NYE,-0.3644140064716339,36.97848510742188
Andrau Airpark,Houston,United States,AAP,29.7224998474,-95.5883026123
Flying Cloud Airport,Eden Prairie,United States,FCM,44.8272018433,-93.4570999146
Likoma Island Airport,Likoma Island,Malawi,LIX,-12.075833,34.737222
Johnson County Executive Airport,Olathe,United States,OJC,38.84759903,-94.73760223
Sigiriya Air Force Base,Sigiriya,Sri Lanka,GIU,7.956669807430001,80.7285003662
Neumünster Airport,Neumuenster,Germany,EUM,54.07944488525391,9.941389083862305
Tak Airport,Tak,Thailand,TKT,16.895999908447266,99.25330352783205
Barrie-Orillia (Lake Simcoe Regional Airport),Barrie-Orillia,Canada,YLK,44.4852981567,-79.55560302730001
Niagara District Airport,Saint Catherines,Canada,YCM,43.19169998168945,-79.17169952392578
Parry Sound Area Municipal Airport,Parry Sound,Canada,YPD,45.2575,-79.829697
Manassas Regional Airport/Harry P. Davis Field,Manassas,United States,MNZ,38.72140121,-77.51540375
Texas Gulf Coast Regional Airport,Angleton,United States,LJN,29.1086006165,-95.462097168
Bingöl Çeltiksuyu Airport,Bingol,Turkey,BGG,38.8592605591,40.5959625244
Kastamonu Airport,Kastamonu,Turkey,KFS,41.31420135498047,33.795799255371094
Lüliang Airport,Lvliang,China,LLV,37.683333,111.142778
Daocheng Yading Airport,Daocheng,China,DCY,29.323056,100.053333
Gannan Xiahe Airport,Xiahe city,China,GXH,34.8105,102.6447
Comiso Airport,Comiso,Italy,CIY,36.994601,14.607182
Markovo Airport,Markovo,Russia,KVM,64.667,170.417007
Zyryanka Airport,Zyryanka,Russia,ZKP,65.7485,150.8889
Ust-Maya Airport,Ust-Maya,Russia,UMS,60.356998443604,134.43499755859
Aldan Airport,Aldan,Russia,ADH,58.60279846191406,125.40899658203124
Olyokminsk Airport,Olekminsk,Russia,OLZ,60.397499,120.471001
Xinyuan Nalati Airport,Xinyuan,China,NLT,43.4318,83.3786
Port Alsworth Airport,Port alsworth,United States,PTA,60.201681,-154.325863
Fontaine Airport,Belfort,France,BOR,47.655601501465,7.0108299255371
Obock Airport,Obock,Djibouti,OBC,11.967000007629396,43.266998291015625
Tadjoura Airport,Tadjoura,Djibouti,TDJ,11.782999992370604,42.91699981689453
Santa Cruz del Quiche Airport,Santa Cruz des Quiche,Guatemala,AQB,15.012200355529783,-91.15059661865234
Norðfjörður Airport,Nordfjordur,Iceland,NOR,65.13189697265625,-13.746399879455566
Bursa Airport,Bursa,Turkey,BTZ,40.23329925537109,29.00919914245605
Waris Airport,Waris-Papua Island,Indonesia,WAR,-3.235,140.994
Newton City-County Airport,Newton,United States,EWK,38.0582008362,-97.2744979858
Bairnsdale Airport,Bairnsdale,Australia,BSJ,-37.88750076293945,147.5679931640625
Taszár Air Base,Columbus,United States,TZR,46.39310073852539,17.917499542236328
Fort Bridger Airport,Fort Bridger,United States,FBR,41.3918991089,-110.406997681
Chehalis Centralia Airport,Chehalis,United States,CLS,46.6769981384,-122.983001709
Evanston-Uinta County Airport-Burns Field,Evanston,United States,EVW,41.27479935,-111.0350037
Weedon Field,Eufala,United States,EUF,31.9512996674,-85.1288986206
Dare County Regional Airport,Manteo,United States,MEO,35.91899872,-75.69550323
Auburn University Regional Airport,Auburn,United States,AUO,32.615101,-85.433998
W H 'Bud' Barron Airport,Dublin,United States,DBN,32.56439972,-82.98529816
Pukarua Airport,Pukarua,French Polynesia,PUK,-18.29560089111328,-137.01699829101562
Corvallis Municipal Airport,Corvallis,United States,CVO,44.49720001,-123.2900009
Prominent Hill Airport,Prominent Hill,Australia,PXH,-29.716,135.5244
Cowra Airport,Chatsworth,Australia,CWT,-33.84469985961914,148.6490020751953
Ogden Hinckley Airport,Ogden,United States,OGD,41.195899963379,-112.0120010376
Colorado Plains Regional Airport,Akron,United States,AKO,40.1755981445,-103.222000122
Sanderson Field,Shelton,United States,SHN,47.233600616455,-123.14800262451
Napakiak Airport,Napakiak,United States,WNA,60.69029998779297,-161.97900390625
Napaskiak Airport,Napaskiak,United States,PKA,60.70289993,-161.7779999
Bedwell Harbour Seaplane Base,Bedwell Harbour,Canada,YBW,48.75,-123.233001709
Washabo Airport,Washabo,Suriname,WSO,5.215277,-57.185302
Abaco I Walker C Airport,Walker's Cay,Bahamas,WKR,27.266700744628903,-78.39969635009766
Bartica A Airport,Bartica,Guyana,GFO,6.358864,-58.655207
Doylestown Airport,Doylestown,United States,DYL,40.3330001831,-75.1222991943
Tingo Maria Airport,Tingo Maria,Peru,TGI,-9.133000373840332,-75.94999694824219
Plínio Alarcom Airport,Tres Lagoas,Brazil,TJL,-20.754199981689,-51.684200286865
Zhangye Ganzhou Airport,Zhangye,China,YZY,38.8018989563,100.675003052
Cacoal Airport,Cacoal,Brazil,OAL,-11.496,-61.4508
Warren Field,Washington,United States,OCW,35.570499420166,-77.049797058105
Mocopulli Airport,Castro,Chile,MHC,-42.340388,-73.715693
Stillwater Regional Airport,Stillwater,United States,SWO,36.161201477051,-97.08570098877
Okmulgee Regional Airport,Okmulgee,United States,OKM,35.668098449707,-95.948699951172
Cushing Municipal Airport,Cushing,United States,CUH,35.9499015808,-96.7731018066
Clinton Sherman Airport,Clinton,United States,CSM,35.3398017883,-99.2005004883
Strother Field,Winfield,United States,WLD,37.168598175,-97.0375976562
Wiley Post Airport,Oklahoma City,United States,PWA,35.53419876,-97.64710236
Shreveport Downtown Airport,Shreveport,United States,DTN,32.5401992798,-93.7450027466
Stephenville Clark Regional Airport,Stephenville,United States,SEP,32.215301513672,-98.177696228027
Ada Regional Airport,Ada,United States,ADT,34.804298,-96.671303
Iraan Municipal Airport,Iraan,United States,IRB,30.9057006836,-101.891998291
Elliot Lake Municipal Airport,ELLIOT LAKE,Canada,YEL,46.351398468,-82.5614013672
Wilkes County Airport,North Wilkesboro,United States,IKB,36.2228012085,-81.09829711910001
Danville Regional Airport,Danville,United States,DAN,36.572898864746094,-79.33609771728516
Yerbogachen Airport,Yerbogachen,Russia,ERG,61.2750015259,108.029998779
Cheraw Municipal Airport/Lynch Bellinger Field,Cheraw,United States,HCW,34.71289825,-79.95700073
Beni Mellal Airport,Beni Mellal,Morocco,BEM,32.401895,-6.315905
Şırnak Şerafettin Elçi Airport,Cizre,Turkey,NKT,37.3647,42.0582
Suntar Airport,Suntar,Russia,SUY,62.185001373291,117.63500213623
Tazadit Airport,Zouerat,Mauritania,OUZ,22.75639915466309,-12.483599662780762
Asaba International Airport,Asaba,Nigeria,ABB,6.204167,6.665278
Akwa Ibom International Airport,Uyo,Nigeria,QUO,4.8725,8.093
Kasama Airport,Kasama,Zambia,KAA,-10.216699600219728,31.13330078125
Songea Airport,Songea,Tanzania,SGX,-10.68299961090088,35.58300018310547
Jiuhuashan Airport,Chizhou,China,JUH,30.7403,117.6856
Anshan Air Base,Anshan,China,AOG,41.105301,122.853996
Saertu Airport,Daqing,China,DQA,46.7463888889,125.140555556
Zunyi Xinzhou Airport,Zunyi,China,ZYI,27.5895,107.0007
Lindu Airport,Yinchun,China,LDS,47.7520555556,129.019125
Anshun Huangguoshu Airport,Anshun,China,AVA,26.2605555556,105.873333333
Sikasso Airport,Sikasso,Mali,KSS,11.333000183105469,-5.699999809265137
Toowoomba Wellcamp Airport,Toowoomba,Australia,WTB,-27.558332,151.793335
Tonghua Sanyuanpu Airport,Tonghua,China,TNH,42.2538888889,125.703333333
Suzhou Guangfu Airport,Suzhou,China,SZV,31.2631,120.401001
Mulia Airport,Mulia,Indonesia,LII,-3.7018,137.957
Stenkol Airport,Bintuni,Indonesia,NTI,-2.1033,133.5164
Wasior Airport,Wasior,Indonesia,WSR,-2.721,134.5061
Silangit Airport,Siborong-Borong,Indonesia,DTB,2.25973,98.991898
Seunagan Airport,Nagan Raya,Indonesia,MEQ,4.25,96.21700286865234
Betoambari Airport,Bau-Bau,Indonesia,BUW,-5.486879825592041,122.56900024414062
Kao Airport,Kao,Indonesia,KAZ,1.1852799654006958,127.89600372314452
Melangguane Airport,Melonguane,Indonesia,MNA,4.00694,126.672997
Sanggata/Sangkimah Airport,Sanggata,Indonesia,SGQ,0.3847,117.543
Muara Bungo Airport,Muara Bungo,Indonesia,BUU,-1.1278,102.135
Illaga Airport,Illaga,Indonesia,ILA,-3.97648,137.6225
Oksibil Airport,Oksibil,Indonesia,OKL,-4.9071,140.6277
Kokonau Airport,Kokonau,Indonesia,KOX,-4.71075,136.43515
Clermont Airport,Clermont,Australia,CMQ,-22.773099899291992,147.62100219726562
Warrnambool Airport,Warrnambool,Australia,WMB,-38.2952995300293,142.44700622558594
Richmond Airport,Richmond,Australia,RCM,-20.70190048217773,143.11500549316406
RAAF Base Curtin,Derby,Australia,DCN,-17.5813999176,123.82800293
Kualanamu International Airport,Medan,Indonesia,KNO,3.642222,98.885278
Gratiot Community Airport,Kamloops,Canada,AMN,43.322101593,-84.68800354
Seosan Air Base,Seosan,South Korea,HMY,36.703999,126.486
San Gabriel Valley Airport,El Monte,United States,EMT,34.086102,-118.035004
Farah Airport,Farah,Afghanistan,FAH,32.367000579833984,62.18299865722656
Pasighat Airport,Pasighat,India,IXT,28.06609916687012,95.33560180664062
Kramatorsk Airport,Kramatorsk,Ukraine,KRQ,48.70560073852539,37.62889862060547
Kautokeino Air Base,Kautokeino,Norway,QKX,69.04029846191406,23.03400039672852
Stinson Municipal Airport,Stinson,United States,SSF,29.336999893188,-98.471099853516
Jasper County Airport-Bell Field,Jasper,United States,JAS,30.88570023,-94.03489685
Marfa Municipal Airport,Marfa,United States,MRF,30.371099,-104.017997
Alpine Casparis Municipal Airport,Alpine,United States,ALE,30.3841991425,-103.683998108
Bubaque Airport,Bubaque,Guinea-Bissau,BQE,11.297355651855469,-15.838079452514648
Chichen Itza International Airport,Chichen Itza,Mexico,CZA,20.6413002014,-88.4461975098
Bunbury Airport,Bunbury,Australia,BUY,-33.378299713134766,115.677001953125
Cable Airport,Upland,United States,CCB,34.1115989685,-117.68800354
Elkhart Municipal Airport,Elkhart,United States,EKI,41.7193984985,-86.00319671630001
Jim Hamilton L.B. Owens Airport,Columbia,United States,CUB,33.970500946,-80.9952011108
Donaldson Field Airport,Greenville,United States,GDC,34.758301,-82.376404
Hartsville Regional Airport,Hartsville,United States,HVS,34.4030990601,-80.11920166019999
San Cristobal de las Casas Airport,San Cristobal de las Casas,Mexico,SZT,16.690299987793,-92.530097961426
Dunnville Airport,Dunnville,Canada,DU9,42.8722000122,-79.5958023071
Scarlett Martinez International Airport,Rio Hato,Panama,RIH,8.375880241394,-80.127899169922
Leesburg International Airport,Leesburg,United States,LEE,28.82309914,-81.80870056
Pouso Alegre Airport,Pouso Alegre,Brazil,PPY,-22.28919982910156,-45.91910171508789
Brigadeiro Cabral Airport,Divinopolis,Brazil,DIQ,-20.180700302124,-44.870899200439
Yeysk Airport,Eysk,Russia,EIK,46.68,38.21
Berdyansk Airport,Berdyansk,Ukraine,ERD,46.81499862670898,36.75809860229492
Blimbingsari Airport,Banyuwangi,Indonesia,BWX,-8.31015,114.3401
Erenhot Saiwusu International Airport,Erenhot,China,ERL,43.4225,112.096667
Chino Airport,Chino,United States,CNO,33.97470093,-117.637001
Hateruma Airport,Taketomi,Japan,HTR,24.0589008331,123.805999756
Las Brujas Airport,Cayo Santa Maria,Cuba,BWW,22.6212997437,-79.1472015381
Paso Robles Municipal Airport,Paso Robles,United States,PRB,35.67290115,-120.6269989
Beijing Daxing International Airport,Beijing,China,PKX,39.509945,116.41092
Half Moon Bay Airport,Half Moon Bay,United States,HAF,37.5134010315,-122.500999451
Hechi Jinchengjiang Airport,Hechi,China,HCJ,24.805,107.6997
General WM J Fox Airfield,Lancaster,United States,WJF,34.74110031,-118.2190018
Coondewanna Airport,Coondewanna,Australia,CJF,-22.96669960022,118.81300354004
Guarapari Airport,Guarapari,Brazil,GUZ,-20.646499633800005,-40.491901397700005
Ubatuba Airport,Ubatuba,Brazil,UBT,-23.44109916687012,-45.07559967041016
Borroloola Airport,Borroloola,Australia,BOX,-16.075300216674805,136.302001953125
Chichester/Goodwood Airport,Goodwood,United Kingdom,QUG,50.85940170288086,-0.7591670155525208
Jumandy Airport,Tena,Ecuador,TNW,-1.059722,-77.583333
Dongji Aiport,Fuyuan,China,FYJ,48.199494,134.366447
Zulu Inyala Airport,Phinda,South Africa,PZL,-27.84939956665039,32.30970001220703
Liupanshui Yuezhao Airport,Liupanshui,China,LPF,26.609417,104.979
Kaili Airport,Kaili,China,KJH,26.972,107.988
Shennongjia Hongping Airport,Shennongjia,China,HPG,31.626,110.34
Zhangjiakou Ningyuan Airport,Zhangjiakou,China,ZQZ,40.7386016846,114.930000305
Arxan Yi'ershi Airport,Arxan,China,YIE,47.3106,119.9117
Hengyang Nanyue Airport,Hengyang,China,HNY,26.9053,112.627998
Hongyuan Airport,Ngawa,China,AHJ,32.53154,102.35224
Wonsan Kalma International Airport,Wonsan,North Korea,WOS,39.166801,127.486
Magas Airport,Magas,Russia,IGT,43.3222999573,45.0125999451
Talladega Municipal Airport,Talladega,United States,ASN,33.569900512699995,-86.05090332030001
Greenville Downtown Airport,Greenville,United States,GMU,34.8479003906,-82.34999847410002
Captain Auguste George Airport,Anegada,British Virgin Islands,NGD,18.72719955444336,-64.32969665527344
Troy Municipal Airport at N Kenneth Campbell Field,Troy,United States,TOI,31.860399,-86.012101
Enterprise Municipal Airport,Enterprise,United States,ETS,31.29969978,-85.89990234
Efogi Airport,Efogi,Papua New Guinea,EFG,-9.15380555556,147.659805556
Kagi Airport,Kagi,Papua New Guinea,KGW,-9.13591666667,147.669444444
Nadunumu Airport,Nadunumu,Papua New Guinea,NDN,-9.14355555556,147.68425
Bodinumu Airport,Bodinumu,Papua New Guinea,BNM,-9.10777777778,147.666722222
Thomas C Russell Field,Alexander City,United States,ALX,32.914699554399995,-85.9629974365
Port Keats Airport,Wadeye,Australia,PKT,-14.25,129.5290069580078
Garden Point Airport,Pirlangimpi,Australia,GPN,-11.40250015258789,130.4219970703125
Hamad International Airport,Doha,Qatar,DOH,25.273056,51.608056
Fort Mackay / Horizon Airport,Wood Buffalo,Canada,HZP,57.3816986084,-111.700996399
Brewster Field,Holdredge,United States,HDE,40.452099,-99.336502
Pratt Regional Airport,Pratt,United States,PTT,37.70159912,-98.74690247
Jim Kelly Field,Lexington,United States,LXN,40.7910003662,-99.7772979736
Council Bluffs Municipal Airport,Council Bluffs,United States,CBF,41.2592010498,-95.760597229
Kokomo Municipal Airport,Kokomo,United States,OKK,40.528198242188,-86.05899810791
Galesburg Municipal Airport,Galesburg,United States,GBG,40.9379997253,-90.431098938
Guymon Municipal Airport,Guymon,United States,GUY,36.6851005554,-101.508003235
Independence Municipal Airport,Independence,United States,IDP,37.1584014893,-95.7783966064
Bay City Municipal Airport,Bay City,United States,BBC,28.9733009338,-95.8635025024
Cox Field,Paris,United States,PRX,33.636600494385,-95.450798034668
Coffeyville Municipal Airport,Coffeyville,United States,CFV,37.09400177,-95.5718994141
Greeley–Weld County Airport,Greeley,United States,GXY,40.4374008179,-104.633003235
Oryol Yuzhny Airport,Oakley,United States,OEL,52.9347000122,36.0022010803
Fremont Municipal Airport,Fremont,United States,FET,41.44910049,-96.52020264
La Grande/Union County Airport,La Grande,United States,LGD,45.2901992798,-118.007003784
Olsztyn-Mazury Airport,Szczytno-Szymany,Poland,SZY,53.481899,20.9377
Pocono Mountains Municipal Airport,Mount Pocono,United States,MPO,41.137503,-75.378897
Quakertown Airport,Quakertown,United States,UKT,40.435199737549,-75.381896972656
Banff Airport,Banff,Canada,YBA,51.2073404699,-115.541861057
Banning Municipal Airport,Banning,United States,BNG,33.9230995178,-116.850997925
Karl Stefan Memorial Airport,Norfolk  Nebraska,United States,OFK,41.985500335693,-97.435096740723
Juscelino Kubitscheck Airport,Teofilo Otoni,Brazil,TFL,-17.89229965209961,-41.51359939575195
Peter O Knight Airport,Tampa,United States,TPF,27.915599822998,-82.44930267334
Umberto Modiano Airport,Buzios,Brazil,BZC,-22.770999908447266,-41.96289825439453
Itaperuna Airport,Itaperuna,Brazil,ITP,-21.2192993164,-41.8759002686
Resende Airport,Resende,Brazil,REZ,-22.4785003662,-44.4803009033
Tunta Airport,Kabinda,Congo (Kinshasa),KBN,-6.132999897,24.4829998016
Ikela Airport,Ikela,Congo (Kinshasa),IKL,-1.048109,23.372501
Aripuanã Airport,Aripuana,Brazil,AIR,-10.188278,-59.457273
Juruena Airport,Juruena,Brazil,JRN,-10.305832862854004,-58.489444732666016
Juína Airport,Juina,Brazil,JIA,-11.419444,-58.701668
Vila Rica Airport,Vila Rica,Brazil,VLP,-9.979443550109863,-51.1422233581543
Inácio Luís do Nascimento Airport,Juara,Brazil,JUA,-11.2966,-57.5495
Cáceres Airport,Caceres,Brazil,CCX,-16.04360008239746,-57.62990188598633
Tangará da Serra Airport,Tangara da Serra,Brazil,TGQ,-14.6619997025,-57.4435005188
Canarana Airport,Canarana,Brazil,CQA,-13.574443817138672,-52.27055740356445
Vila Bela da Santíssima Trindade Airport,Vila Bela da Santissima Trindade ,Brazil,MTG,-14.9942,-59.9458
Bumbar Airport,Bumba,Congo (Kinshasa),BMB,2.18278,22.481701
Arapiraca Airport,Arapiraca,Brazil,APQ,-9.775360107421877,-36.62919998168945
Cangapara Airport,Floriano,Brazil,FLB,-6.8463897705078125,-43.07730102539063
Picos Airport,Picos,Brazil,PCS,-7.0620598793029785,-41.52370071411133
Beni Airport,Beni,Congo (Kinshasa),BNC,0.575,29.4739
Boende Airport,Boende,Congo (Kinshasa),BNB,-0.2169999927282333,20.850000381469727
Montauk Airport,Montauk,United States,MTP,41.0765,-71.920797
Porter County Municipal Airport,Valparaiso IN,United States,VPZ,41.45399857,-87.00710297
Dharavandhoo Airport,DHARAVANDHOO,Maldives,DRV,5.1561,73.1302
Saumlaki/Olilit Airport,Saumlaki,Indonesia,SXK,-7.9886097908,131.305999756
Cerro Largo International Airport,Melo,Uruguay,MLZ,-32.33789825439453,-54.21670150756836
Tydeo Larre Borges Airport,Paysandu,Uruguay,PDU,-32.36330032348633,-58.0619010925293
Artigas International Airport,Artigas ,Uruguay,ATI,-30.40069961547852,-56.50790023803711
Horsham Airport,Horsham,Australia,HSM,-36.669700622558594,142.17300415039062
Swan Hill Airport,Swan Hill,Australia,SWH,-35.37580108642578,143.5330047607422
Turtle Island Seaplane Base,Turtle Island,Fiji,TTL,-16.966,177.368
Dewadaru - Kemujan Island,Karimunjawa,Indonesia,KWB,-5.80091,110.47838
Kongolo Airport,Kongolo,Congo (Kinshasa),KOO,-5.39444,26.99
Attopeu Airport,Attopeu,Laos,AOU,14.814715357,106.821699142
São Miguel do Oeste Airport,Sao Miguel do Oeste,Brazil,SQX,-26.78160095214844,-53.50350189208984
Mason County Airport,Ludington,United States,LDM,43.96250153,-86.40789795
Reid-Hillview Airport of Santa Clara County,San Jose,United States,RHV,37.332901001,-121.819000244
Sohar Airport,Sohar,Oman,OHS,24.38604,56.62541
Kadanwari Airport,Kadanwari,Pakistan,KCF,27.1667003632,69.31670379639999
Sawan Airport,Sindh,Pakistan,RZS,26.9662,68.878098
Thimarafushi Airport,Thimarafushi,Maldives,TMF,2.211,73.1533
Ifuru Airport,Ifuru,Maldives,IFU,5.7083,73.025
Kaintiba Airport,Kieta,Papua New Guinea,KZF,-7.50025,146.033833333
Ordu Giresun Airport,Ordu-Giresun,Turkey,OGU,40.966047,38.080994
Hakkari Yüksekova Airport,Hakkari,Turkey,YKO,37.5497,44.2381
Bathpalathang Airport,Jakar,Bhutan,BUT,27.5622,90.7471
Sultan Bantilan Airport,Toli-Toli,Indonesia,TLI,1.123428,120.793658
Tarko-Sale Airport,Tarko-Sale,Russia,TQL,64.9308013916,77.81809997559999
Jinchuan Airport,Jinchuan,China,JIC,38.5422222222,102.348333333
Alashankou Bole (Bortala) airport,Bole,China,BPL,44.895,82.3
Fuyun Koktokay Airport,Fuyun,China,FYN,46.804169,89.512006
Achinsk Airport,Achinsk,Russia,ACS,56.2682991027832,90.57080078125
Linfen Qiaoli Airport,LINFEN,China,LFQ,36.132629,111.641236
Hinton/Jasper-Hinton Airport,Hinton,Canada,YJP,53.3191986084,-117.752998352
Watsonville Municipal Airport,Watsonville,United States,WVI,36.9356994629,-121.790000916
Gelephu Airport,Gelephu,Bhutan,GLU,26.88456,90.46412
Hollister Municipal Airport,Hollister,United States,HLI,36.8932991028,-121.410003662
Dulkaninna Airport,Dulkaninna,Australia,DLK,-29.0132999420166,138.4810028076172
Opapimiskan Lake Airport,Musselwhite Mine,Canada,YBS,52.6067008972,-90.3768997192
Rizhao Shanzihe Airport,Rizhao,China,RIZ,35.405033,119.324403
Shaxian Airport,Sanming,China,SQJ,26.4263,117.8336
Taroom Airport,Taroom,Australia,XTO,-25.801700592041016,149.89999389648438
Squamish Airport,Squamish,Canada,YSE,49.7817001343,-123.162002563
La Grande-4 Airport,La Grande-4,Canada,YAH,53.754699707,-73.6753005981
Alert Bay Airport,Alert Bay,Canada,YAL,50.58219909667969,-126.91600036621094
Centralia / James T. Field Memorial Aerodrome,Centralia,Canada,YCE,43.285599,-81.508301
Chetwynd Airport,Chetwynd,Canada,YCQ,55.687198638916016,-121.6269989013672
Ross River Airport,Ross River,Canada,XRR,61.9706001282,-132.42300415
Dolbeau St Felicien Airport,Dolbeau-St-Félicien,Canada,YDO,48.778499603271,-72.375
Amos/Magny Airport,Amos,Canada,YEY,48.563903,-78.249702
Hope Airport,Hope,Canada,YHE,49.3683013916,-121.498001099
Haines Junction Airport,Haines Junction,Canada,YHT,60.78919982910156,-137.54600524902344
Digby / Annapolis Regional Airport,Digby,Canada,YDG,44.5458450365,-65.7854247093
Fort Liard Airport,Fort Liard,Canada,YJF,60.2358016968,-123.46900177
Key Lake Airport,Key Lake,Canada,YKJ,57.25609970092773,-105.61799621582033
Leaf Rapids Airport,Leaf Rapids,Canada,YLR,56.513301849365234,-99.98529815673828
Matane Airport,Matane,Canada,YME,48.85689926147461,-67.45330047607422
Charlevoix Airport,Charlevoix,Canada,YML,47.59749984741211,-70.2238998413086
Owen Sound / Billy Bishop Regional Airport,Owen Sound,Canada,YOS,44.5903015137,-80.8375015259
Port Hawkesbury Airport,Port Hawkesbury,Canada,YPS,45.6567001343,-61.3680992126
St Thomas Municipal Airport,St Thomas,Canada,YQS,42.77000045776367,-81.11080169677734
Ottawa / Rockcliffe Airport,Ottawa,Canada,YRO,45.4603004456,-75.64610290530001
Smiths Falls-Montague (Russ Beach) Airport,Smiths Falls,Canada,YSH,44.94580078125,-75.94059753417969
St Leonard Airport,St Leonard,Canada,YSL,47.157501220703125,-67.83470153808594
Vernon Airport,Vernon,Canada,YVE,50.24810028076172,-119.33100128173828
Beaver Creek Airport,Beaver Creek,Canada,YXQ,62.410301208496094,-140.86700439453125
Shuswap Regional Airport,Salmon Arm,Canada,YSN,50.682802,-119.228996
Kelsey Airport,Kelsey,Canada,KES,56.0374984741,-96.5096969604
Pukatawagan Airport,Pukatawagan,Canada,XPK,55.7491989136,-101.26599884
Grand Forks Airport,Grand Forks,Canada,ZGF,49.01559829711914,-118.43099975585938
Jenpeg Airport,Jenpeg,Canada,ZJG,54.51890182495117,-98.0460968017578
Thicket Portage Airport,Thicket Portage,Canada,YTD,55.31890106201172,-97.70780181884766
Pikwitonei Airport,Pikwitonei,Canada,PIW,55.58890151977539,-97.16419982910156
Poplar River Airport,Poplar River,Canada,XPP,52.9965258788,-97.2741937637
Pincher Creek Airport,Pincher Creek,Canada,WPC,49.520599365200006,-113.997001648
Stewart Airport,Stewart,Canada,ZST,55.935410448,-129.982434511
Ignace Municipal Airport,Ignace,Canada,ZUC,49.4296989440918,-91.7177963256836
Neubrandenburg Airport,Neubrandenburg,Germany,FNB,53.6022,13.306
RAF Kinloss,Kinloss,United Kingdom,FSS,57.6493988037,-3.56064009666
Biała Podlaska Airfield,Biała Podlaska,Poland,BXP,52.00078,23.1325278
Daugavpils Intrenational Airport,Daugavpils,Latvia,DGP,55.9447212219,26.6650009155
Lime Acres Finsch Mine Airport,Lime Acres,South Africa,LMR,-28.36009979248047,23.43910026550293
Sua Pan Airport,Sowa,Botswana,SXN,-20.5534,26.115801
Sumbe Airport,Sumbe,Angola,NDD,-11.16790008544922,13.84749984741211
Mangochi Airport,Mangochi,Malawi,MAI,-14.482999801635742,35.266998291015625
Arandis Airport,Arandis,Namibia,ADI,-22.46220016479492,14.979999542236328
Merowe New Airport,Merowe,Sudan,MWE,18.4433333333,31.8433333333
St Louis Regional Airport,Alton/St Louis,United States,ALN,38.89030075069999,-90.0459976196
Chandler Field,Alexandria,United States,AXN,45.8662986755,-95.3946990967
Columbus Municipal Airport,Columbus,United States,CLU,39.2619018555,-85.8963012695
Curtis Field,Brady,United States,BBD,31.1793003082,-99.3238983154
Eastern Sierra Regional Airport,Bishop,United States,BIH,37.3731002808,-118.363998413
Baker City Municipal Airport,Baker City,United States,BKE,44.8372993469,-117.808998108
Miley Memorial Field,Big Piney,United States,BPI,42.58509827,-110.1110001
Ozark Regional Airport,Mountain Home,United States,WMH,36.3689002991,-92.4704971313
W K Kellogg Airport,Battle Creek,United States,BTL,42.3073005676,-85.2515029907
Burley Municipal Airport,Burley,United States,BYI,42.5425987244,-113.772003174
Northeast Iowa Regional Airport,Charles City,United States,CCY,43.0726013184,-92.6108016968
Chanute Martin Johnson Airport,Chanute,United States,CNU,37.668800354,-95.4850997925
Jacksonville Executive at Craig Airport,Jacksonville,United States,CRG,30.3362998962,-81.51439666750001
Crossville Memorial Whitson Field,Crossville,United States,CSV,35.9513015747,-85.08499908450001
Davison Army Air Field,Fort Belvoir,United States,DAA,38.715000152600005,-77.1809997559
Barstow Daggett Airport,Daggett,United States,DAG,34.85369873,-116.7870026
Deming Municipal Airport,Deming,United States,DMN,32.262298584,-107.721000671
Desert Rock Airport,Mercury,United States,DRA,36.6194,-116.032997
Needles Airport,Needles,United States,EED,34.7663002014,-114.623001099
Duke Field,Crestview,United States,EGI,30.65040016,-86.52290344
Murray Field,Eureka,United States,EKA,40.8033981323,-124.112998962
Sawyer County Airport,Hayward,United States,HYR,46.025199890100005,-91.44429779050002
Kimble County Airport,Junction,United States,JCT,30.5112991333,-99.7634963989
Derby Field,Lovelock,United States,LOL,40.0663986206,-118.565002441
Mobridge Municipal Airport,Mobridge,United States,MBG,45.54650116,-100.4079971
Mc Comb/Pike County Airport/John E Lewis Field,Mc Comb,United States,MCB,31.17849922,-90.47190094
Southern Illinois Airport,Carbondale/Murphysboro,United States,MDH,37.778099060058594,-89.25199890136719
Mc Entire Joint National Guard Base,Eastover,United States,MMT,33.92079926,-80.80130005
Brunswick Executive Airport,Brunswick,United States,NHZ,43.89220047,-69.93859863
Naval Station Mayport (Admiral David L. Mcdonald Field),Mayport,United States,NRB,30.39109993,-81.42469788
Orangeburg Municipal Airport,Orangeburg,United States,OGB,33.456798553467,-80.859497070312
Ottumwa Regional Airport,Ottumwa,United States,OTM,41.10660172,-92.44789886
Cairns AAF (Fort Rucker) Air Field,Fort Rucker/Ozark,United States,OZR,31.27569962,-85.71340179
Ralph Wenz Field,Pinedale,United States,PWY,42.79550171,-109.8069992
Dutchess County Airport,Poughkeepsie,United States,POU,41.6265983581543,-73.88420104980469
Russell Municipal Airport,Russell,United States,RSL,38.872100830078,-98.811798095703
Redwood Falls Municipal Airport,Redwood Falls,United States,RWF,44.54719925,-95.08229828
Salinas Municipal Airport,Salinas,United States,SNS,36.662799835205,-121.60600280762
Tonopah Airport,Tonopah,United States,TPH,38.06019974,-117.086998
Ukiah Municipal Airport,Ukiah,United States,UKI,39.125999450684,-123.20099639893
University Oxford Airport,Oxford,United States,UOX,34.384300231934,-89.536796569824
Huntsville Regional Airport,Huntsville,United States,HTV,30.7469005585,-95.5871963501
Miller Field,Valentine,United States,VTN,42.85779953,-100.5479965
Winnemucca Municipal Airport,Winnemucca,United States,WMC,40.8965988159,-117.805999756
West Woodward Airport,Woodward,United States,WWR,36.438,-99.5226667
Zanesville Municipal Airport,Zanesville,United States,ZZV,39.9444007874,-81.89209747310001
Cuatro Vientos Airport,Madrid,Spain,ECV,40.370701,-3.78514
Castellón-Costa Azahar Airport,Castellón de la Plana,Spain,CDT,40.213889,0.073333
Teruel Airport,Teruel,Spain,TEV,40.403,-1.2183
Sarzana-Luni Air Base,Sarzana (SP),Italy,QLP,44.088001,9.98795
Batajnica Air Base,Batajnica,Serbia,BJY,44.935299,20.2575
Rubelsanto Airport,Rubelsanto,Guatemala,RUV,15.991999626159668,-90.44529724121094
Coronel Enrique Soto Cano Air Base,Comayagua,Honduras,XPL,14.3824,-87.621201
Upala Airport,Upala,Costa Rica,UPL,10.8922,-85.016197
San Nicolas De Bari Airport,San Nicolás,Cuba,QSN,22.75609970092773,-81.9208984375
San Julian Air Base,Pinar Del Rio,Cuba,SNJ,22.09530067443848,-84.1520004272461
King Salman Abdulaziz Airport,,Saudi Arabia,DWD,24.4499,44.121201
King Khaled Air Base,,Saudi Arabia,KMX,18.29730033874512,42.80350112915039
Riyadh Air Base,Riyadh,Saudi Arabia,XXN,24.709800720214844,46.72520065307617
Jam Airport,Kangan,Iran,KNR,27.820499420166016,52.35219955444336
Payam International Airport,Karaj,Iran,PYK,35.776100158691,50.826698303223
Ahmed Al Jaber Air Base,Ahmed Al Jaber AB,Kuwait,XIJ,28.9347991943,47.7919006348
Minhas Air Base,Kamra,Pakistan,ATG,33.8690986633,72.4009017944
Mushaf Air Base,Sargodha,Pakistan,SGI,32.04859924316406,72.66500091552734
Qayyarah West Airport,Qayyarah,Iraq,RQW,35.76720047,43.1250991821
Nenana Municipal Airport,Nenana,United States,ENN,64.54730224609375,-149.07400512695312
Wasilla Airport,Wasilla,United States,WWA,61.5717010498,-149.539993286
Iwakuni Marine Corps Air Station,Iwakuni,Japan,IWK,34.143902,132.235992
Ie Jima Airport,Ie,Japan,IEJ,26.7220001221,127.785003662
Allah Valley Airport,Surallah,Philippines,AAV,6.366819858551025,124.7509994506836
Bislig Airport,,Philippines,BPH,8.19594955444336,126.3219985961914
Mati National Airport,,Philippines,MXI,6.949091,126.27368
Chafei Amsei Airport,Barretos,Brazil,BAT,-20.584499359131,-48.594100952148
Base de Aviação de Taubaté Airport,Taubaté,Brazil,QHP,-23.04010009765625,-45.51599884033203
Barriles Airport,Tocopilla,Chile,TOQ,-22.14109992980957,-70.06289672851562
Chañaral Airport,Chañaral,Chile,CNR,-26.332500457763672,-70.6072998046875
Panguilemo Airport,Talca,Chile,TLX,-35.37779998779297,-71.60169982910156
Victoria Airport,Victoria,Chile,ZIC,-38.245601654052734,-72.34860229492188
Las Breas Airport,Taltal,Chile,TTC,-25.56430053710937,-70.37590026855469
Gomez Nino Apiay Air Base,Apiay,Colombia,API,4.07607,-73.5627
Coveñas Airport,Coveñas,Colombia,CVE,9.40092,-75.6913
German Olano Air Base,La Dorada,Colombia,PAL,5.48361,-74.6574
Paz De Ariporo Airport,Paz De Ariporo,Colombia,PZA,5.87615,-71.8866
Tres Esquinas Air Base,Tres Esquinas,Colombia,TQS,0.7459,-75.234
Juan Simons Vela Airport,Rioja,Peru,RIJ,-6.067860126495361,-77.16000366210938
Shumba Airport,Jaén,Peru,JAE,-5.59248,-78.774002
Issyk-Kul International Airport,Tamchy,Kyrgyzstan,IKU,42.58792,76.713046
Vilyuisk Airport,Vilyuisk,Russia,VYI,63.75666809082,121.69333648682
Belaya Gora Airport,,Russia,BGN,68.556602,146.231506
Maygatka Airport.,Sovetskaya Gavan,Russia,GVN,48.9269981384,140.033996582
Nikolayevsk-na-Amure Airport,Nikolayevsk-na-Amure Airport,Russia,NLI,53.154999,140.649994
Volgodonsk Airport,,Russia,VLK,47.68209838867188,42.07279968261719
Inta Airport,Inta,Russia,INA,66.0548324584961,60.11032104492188
Zhigansk Airport,Zhigansk,Russia,ZIX,66.7965011597,123.361000061
Ratnagiri Airport,,India,RTC,17.013599,73.327797
Hingurakgoda Air Force Base,Polonnaruwa Town,Sri Lanka,HIM,8.04981,80.9814
Kazi Nazrul Islam Airport,Durgapur,India,RDP,23.6225,87.243
Sri Sathya Sai Airport,Puttaparthi,India,PUT,14.1492996216,77.7910995483
Smolensk North Airport,Smolensk,Russia,LNX,54.824,32.025
Alpha Airport,Alpha,Australia,ABH,-23.646099,146.584
Ararat Airport,,Australia,ARY,-37.30939865112305,142.98899841308594
Benalla Airport,,Australia,BLN,-36.55189895629883,146.0070037841797
Balranald Airport,,Australia,BZD,-34.62360000610352,143.5780029296875
Brewarrina Airport,,Australia,BWQ,-29.973899841308597,146.81700134277344
Cleve Airport,,Australia,CVC,-33.70970153808594,136.5050048828125
Corowa Airport,,Australia,CWW,-35.99470138549805,146.35699462890625
Corryong Airport,,Australia,CYG,-36.18280029296875,147.88800048828125
Cootamundra Airport,,Australia,CMD,-34.6239013671875,148.0279998779297
Dirranbandi Airport,,Australia,DRN,-28.591699600219727,148.2169952392578
Deniliquin Airport,Deniliquin,Australia,DNQ,-35.5593986511,144.945999146
Dysart Airport,,Australia,DYA,-22.62220001220703,148.36399841308594
Echuca Airport,,Australia,ECH,-36.15719985961914,144.76199340820312
Forbes Airport,Forbes,Australia,FRB,-33.363602,147.934998
Gunnedah Airport,,Australia,GUH,-30.96109962463379,150.25100708007812
Hay Airport,,Australia,HXX,-34.53139877319336,144.8300018310547
Hopetoun Airport,,Australia,HTU,-35.715301513671875,142.36000061035156
Kerang Airport,,Australia,KRA,-35.751399993896484,143.93899536132812
Kempsey Airport,,Australia,KPS,-31.07439994812012,152.77000427246094
Kingaroy Airport,,Australia,KGY,-26.580799102783203,151.84100341796875
Latrobe Valley Airport,Morwell,Australia,TGN,-38.207199,146.470001
Mareeba Airport,,Australia,MRG,-17.06920051574707,145.41900634765625
Ngukurr Airport,,Australia,RPM,-14.722800254821776,134.7469940185547
Narromine Airport,,Australia,QRM,-32.214698791503906,148.22500610351562
Port Pirie Airport,,Australia,PPI,-33.23889923095703,137.9949951171875
Smithton Airport,,Australia,SIO,-40.834999084472656,145.08399963378906
Snake Bay Airport,,Australia,SNB,-11.422800064086914,130.6540069580078
Stawell Airport,,Australia,SWC,-37.07170104980469,142.74099731445312
Tibooburra Airport,,Australia,TYB,-29.451099395751957,142.05799865722656
Tumut Airport,,Australia,TUM,-35.26279830932617,148.24099731445312
Wangaratta Airport,,Australia,WGT,-36.41579818725586,146.3070068359375
Warracknabeal Airport,,Australia,WKB,-36.32109832763672,142.41900634765625
Warren Airport,,Australia,QRR,-31.733299255371094,147.80299377441406
West Sale Airport,Sale,Australia,SXE,-38.090827,146.965335
West Wyalong Airport,West Wyalong,Australia,WWY,-33.9371986389,147.190994263
Young Airport,,Australia,NGA,-34.25559997558594,148.2480010986328
Guangzhou MR Air Base,Guanghua,China,LHK,32.389400482177734,111.69499969482422
Shiyan Wudangshan Airport,Shiyan,China,WDS,32.591667,110.907778
Huatugou Airport,Mengnai,China,HTT,38.201984,90.841495
Baruun Urt Airport,,Mongolia,UUN,46.660301208496094,113.28500366210938
Bengbu Airport,Bengbu,China,BFU,32.8477333333,117.320244444
Rugao Air Base,Rugao,China,RUG,32.25788497924805,120.50165557861328
Wuhu Air Base,Wuhu,China,WHU,31.3906,118.408997
Shanshan Airport,Shanshan,China,SXJ,42.91170120239258,90.24749755859376
Yingkou Lanqi Airport,Yingkou,China,YKH,40.542524,122.3586
Bogorodskoye Airport,Bogorodskoe,Russia,BQG,52.38,140.448
Rajiv Gandhi International Airport,Hyderabad,India,HYD,17.2313175201,78.4298553467
Parakou Airport,Parakou,Benin,PKO,9.35768985748291,2.609679937362671
Kandi Airport,Kandi,Benin,KDC,11.14479,2.940381
Hermannsburg Airport,Hermannsburg,Australia,HMG,-23.93000030517578,132.80499267578125
Baidoa Airport,Baidoa,Somalia,BIB,3.102220058441162,43.62860107421875
Kings Creek Airport,Petermann,Australia,KCS,-24.42329978942871,131.8350067138672
Baltrum Airport,Baltrum,Germany,BMR,53.72472381591797,7.373332977294922
Skagit Regional Airport,Skagit,United States,MVW,48.4709014893,-122.42099762
Goondiwindi Airport,Goondiwindi,Australia,GOO,-28.52140045166016,150.32000732421875
Marion County Brown Field,Jasper,United States,APT,35.060699,-85.585297
Pryor Field Regional Airport,Decatur,United States,DCU,34.652698516799994,-86.94539642330001
Glasgow Municipal Airport,Glasgow,United States,GLW,37.03179932,-85.9536972
Docker River Airport,Docker River,Australia,DKV,-24.86000061035156,129.07000732421875
Jasper County Airport,Rensselaer,United States,RNZ,40.9478988647,-87.1826019287
Sabetta International Airport,Sabetta,Russia,SBT,71.219167,72.052222
Alxa Left Banner Bayanhot Airport,Alxa Left Banner,China,AXF,38.74831,105.58858
Simberi Airport,Simberi Island,Papua New Guinea,NIS,-2.66222222222,151.997777778
Bulolo Airport,Bulolo,Papua New Guinea,BUL,-7.216286671410001,146.649541855
Statesboro Bulloch County Airport,Statesboro,United States,TBR,32.4827003479,-81.73690032959999
Amata Airport,Amata,Australia,AMT,-26.108299255371094,131.20700073242188
Erldunda Airport,Erldunda,Australia,EDD,-25.205799102800004,133.253997803
Finke Airport,Finke,Australia,FIK,-25.5946998596,134.582992554
Humberto Ghizzo Bortoluzzi Regional Airport,Jaguaruna,Brazil,JJG,-28.6753,-49.0596
Hwange (Town) Airport,Hwange,Zimbabwe,WKI,-18.362967,26.519791
Klaipėda Airport,Klaipeda,Lithuania,KLJ,55.7118988037,21.2427997589
West Bend Municipal Airport,WEST BEND,United States,ETB,43.4221992493,-88.1278991699
Gaylord Regional Airport,GAYLORD,United States,GLR,45.0135002136,-84.7035980225
Anderson Municipal Darlington Field,ANDERSON,United States,AID,40.10860061649999,-85.6129989624
Cenej Airport,Novi Sad,Serbia,QND,45.385799,19.839199
Grundarfjörður Airport,Grundarfjordur,Iceland,GUU,64.99140167236328,-23.22470092773437
Prairie Du Chien Municipal Airport,Prairie du Chien,United States,PCD,43.019298553467,-91.12370300293
Otjiwarongo Airport,Otjiwarongo,Namibia,OTJ,-20.434700012207,16.660800933838
Taos Regional Airport,Taos,United States,TSM,36.45819855,-105.6719971
Raton Municipal-Crews Field,Raton,United States,RTN,36.74150085,-104.5019989
Perry Lefors Field,Pampa,United States,PPA,35.612998962402,-100.99600219727
Marion County Regional Airport,Flippin,United States,FLP,36.29090118,-92.59030151
Hutchinson County Airport,Borger,United States,BGD,35.700901031499995,-101.393997192
St. Helena Airport,Longwood,United Kingdom,HLE,-15.957725,-5.645943
Bonn-Hangelar Airport,Sankt-Augustin,Germany,BNJ,50.7688903809,7.16333293915
Nogliki Airport,Nogliki,Russia,NGK,51.780102,143.139008
Santa Ynez Airport,Santa Ynez,United States,SQA,34.60680008,-120.0759964
Delingha Airport,Haixi,China,HXD,37.125286,97.268658
Qionghai Bo'ao Airport,Qionghai,China,BAR,19.13824,110.454775
Bowen Airport,Bowen,Australia,ZBO,-20.018299102783203,148.21499633789062
Ulanqab Jining Airport,Wulanchabu,China,UCB,41.129722,113.108056
Odienne Airport,Odienne,Cote d'Ivoire,KEO,9.5,-7.566999912261963
Siguiri Airport,Siguiri,Guinea,GII,11.432999610901,-9.1669998168945
Nzérékoré Airport,Nzerekore,Guinea,NZE,7.8060193061829,-8.7017974853516
Boolgeeda,Brockman,Australia,OCM,-22.54,117.275
Shaoyang Wugang Airport,Shaoyang,China,WGN,26.802,110.642
9 de Maio - Teixeira de Freitas Airport,Teixeira de Freitas,Brazil,TXF,-17.524499893188,-39.66849899292
Spartanburg Downtown Memorial Airport,Spartangurg,United States,SPA,34.915699005127,-81.956497192383
Bajawa Soa Airport,Bajawa,Indonesia,BJW,-8.70743498008,121.057426929
Annobón Airport,San Antonio de Pale,Equatorial Guinea,NBN,-1.410277,5.621944
Oyo Ollombo Airport,Oyo,Congo (Brazzaville),OLL,-1.226666,15.91
Tri-City Airport,Parsons,United States,PPF,37.32989883,-95.5062027
Boun Neau Airport,Phongsaly,Laos,PCQ,21.6475,101.9
Waycross Ware County Airport,Waycross,United States,AYS,31.2490997314,-82.39550018310001
Blaise Diagne International Airport,Diass,Senegal,DSS,14.67,-17.073333
Greater Portsmouth Regional Airport,Portsmouth,United States,PMH,38.8404998779,-82.84729766850002
Naracoorte Airport,Naracoorte,Australia,NAC,-36.98529815673828,140.72500610351562
Ponta Grossa Airport - Comandante Antonio Amilton Beraldo,Ponta Grossa,Brazil,PGZ,-25.1847,-50.1441
Palenque International Airport,Palenque,Mexico,PQM,17.533153,-92.015484
Caloundra Airport,Caloundra,Australia,CUD,-26.799999237060547,153.10000610351562
Clarks Point Airport,Clarks Point,United States,CLP,58.83369827,-158.529007
Doris Lake,Doris Lake,Canada,JOJ,68.1252746582,-106.585281372
Costa Esmeralda Airport,Tola,Nicaragua,ECI,11.427542,-86.033361
Attu Heliport,Attu,Greenland,QGQ,67.9406628551,-53.6218696833
Kangaatsiaq Heliport,Kangaatsiaq,Greenland,QPW,68.3126574861,-53.4602075815
Kitsissuarsuit Heliport,Kitsissuarsuit,Greenland,QJE,68.85792599759999,-53.1232953072
Ilimanaq Heliport,Ilimanaq,Greenland,XIQ,69.0809150007,-51.1143153906
Qeqertaq Heliport,Qeqertaq,Greenland,QQT,69.9958611087,-51.3009166718
Ikamiut Heliport,Ikamiut,Greenland,QJI,68.6342530984,-51.8322622776
Eqalugaarsuit Heliport,Eqalugaarsuit,Greenland,QFG,60.6197196536,-45.9140619636
Ikerassaarsuk Heliport,Ikerasaarsuk,Greenland,QRY,68.14088100629999,-53.4414589405
Novo Progresso Airport,Novo Progresso,Brazil,NPR,-7.125833,-55.400833
Adolino Bedin Regional Airport,Sorriso,Brazil,SMT,-12.479177,-55.672341
Encarnación Airport,Encarnacion,Paraguay,ENO,-27.227366,-55.837495
Urzhar Airport,Urzhar,Kazakhstan,UZR,47.09115,81.66521
Nyurba Airport,Nyurba,Russia,NYR,63.294998,118.336998
Sakkyryr Airport,Batagay-Alyta,Russia,SUK,67.792,130.394
Ust-Kuyga Airport,Ust-Kuyga,Russia,UKG,70.011001586914,135.64500427246
Verkhnevilyuisk Airport,Verkhnevilyuysk,Russia,VHV,63.458057403564,120.26916503906
Mendeleyevo Airport,Yuzhno-Kurilsk,Russia,DEE,43.9584007263,145.682998657
Shakhtyorsk Airport,Shakhtyorsk,Russia,EKS,49.1903,142.082993
Talakan Airport,Talakan,Russia,TLK,59.876389,111.044444
Red Dog Airport,Red Dog,United States,RDB,68.03209686279999,-162.899002075
Impfondo Airport,Impfondo,Congo (Brazzaville),ION,1.6169999837875366,18.066999435424805
El Bayadh Airport,El Bayadh,Algeria,EBH,33.7216666667,1.0925
Alzintan Airport,Zintan,Libya,ZIS,31.774878,12.25006
Monkey Bay Airport,Monkey Bay,Malawi,MYZ,-14.0836000443,34.9197006226
Sir Abubakar Tafawa Balewa International Airport,Bauchi,Nigeria,BCU,10.482833,9.744
Gombe Lawanti International Airport,Gombe,Nigeria,GMO,10.2983333333,10.8963888889
Kolda North Airport,Kolda,Senegal,KDA,12.898500442504885,-14.968099594116213
King Mswati III International Airport,Manzini,Swaziland,SHO,-26.358611,31.716944
Kilwa Masoko Airport,Kilwa Masoko,Tanzania,KIY,-8.91123,39.508619
Moshi Airport,Moshi,Tanzania,QSI,-3.3633298873901367,37.32690048217773
Mansa Airport,Mansa,Zambia,MNS,-11.13700008392334,28.87260055541992
Ghazni Airport,Ghazni,Afghanistan,GZI,33.5312004089,68.412902832
Baicheng Chang'an Airport,Baicheng,China,DBC,45.505278,123.019722
Longnan Chengzhou Airport,Longnan,China,LNL,33.788,105.797
Shangrao Sanqingshan Airport,Shangrao,China,SQD,28.3797,117.9643
Songyuan Chaganhu Airport,Songyuan,China,YSQ,44.938114,124.550178
Jiansanjiang Airport,Jiansanjiang,China,JSJ,47.11,132.660278
Zunyi Maotai Airport,Zunyi,China,WMT,27.81638,106.33268
Libo Airport,Libo,China,LLB,25.4525,107.961667
Chengde Puning Airport,Chengde,China,CDE,41.1225,118.073889
Wudalianchi Dedu Airport,Wudalianchi,China,DTU,48.445,126.133
Ejin Banner-Taolai Airport,Ejin Banner,China,EJN,42.0155,101.0005
Alxa Right Banner Badanjilin Airport,Alxa Right Banner,China,RHT,39.225,101.546
Holingol Huolinhe Airport,Holingol,China,HUO,45.487222,119.407222
Golog Maqin Airport,Golog,China,GMQ,34.418066,100.301144
Yeerqiang Airport,Yarkant,China,QSZ,38.281055,77.075192
Tezu Airport,Tezu,India,TEI,27.9412002563,96.1343994141
Cangyuan Washan Airport,Cangyuan,China,CWJ,23.273889,99.373611
Lancang Jingmai Airport,Lancang Lahu,China,JMJ,22.415833,99.786389
Ninglang Luguhu Airport,Ninglang,China,NLH,27.5403,100.7593
Pimenta Bueno Airport,Pimenta Bueno,Brazil,PBQ,-11.641599655151367,-61.17910003662109
Xinzhou Wutaishan Airport,Xinzhou,China,WUT,38.597456,112.969173
Chengjisihan Airport,Zhalantun,China,NZL,47.865833,122.767503
Adampur Airport,Adampur,India,AIP,31.4338,75.758797
Vijayanagar Aerodrome (JSW),Toranagallu,India,VDY,15.1749666667,76.6349472222
Shirdi Airport,Shirdi,India,SAG,19.688611,74.378889
Jeypore Airport,Jeypore,India,PYB,18.8799991607666,82.552001953125
Trunojoyo Airport,Sumenep,Indonesia,SUP,-7.0242,113.89023
Rokot Airport,Sipora,Indonesia,RKO,-2.0991199016571045,99.70069885253906
Pasir Pangaraan Airport,Pasir Pangaraian,Indonesia,PPR,0.8454310297966003,100.37000274658205
Sei Bati Airport,Tanjung Balai Karimun,Indonesia,TJB,1.0527,103.3931
Departi Parbo Airport,Kerinci Regency,Indonesia,KRC,-2.093,101.4683
Namrole Airport,Buru Island,Indonesia,NRE,-3.8548,126.7012
Namlea Airport,Namlea,Indonesia,NAM,-3.235569953918457,127.0999984741211
Rar Gwamar Airport,Dobo,Indonesia,DOB,-5.77222013474,134.212005615
Emalamo Sanana Airport,Sanana,Indonesia,SQN,-2.080509901046753,125.96700286865234
Ayawasi Airport,Ayawasi,Indonesia,AYW,-1.1593,132.4633
Bunyu Airport,Bunyu,Indonesia,BYQ,3.45571994781,117.866996765
Buol Airport,Buol,Indonesia,UOL,1.1027,121.4141
Sugimanuru Airport,Raha,Indonesia,RAQ,-4.760557,122.569371
Jask Airport,Jask,Iran,JSK,25.653601,57.799301
Sayaboury Airport,Sainyabuli,Laos,ZBY,19.2436,101.7093
Baglung Airport,Baglung,Nepal,BGL,28.212799072265625,83.66629791259766
Rajbiraj Airport,Rajbiraj,Nepal,RJB,26.510066,86.733902
Duqm International Airport,Duqm,Oman,DQM,19.501944,57.634167
Croker Island Airport,Croker Island,Australia,CKI,-11.164999961853027,132.48300170898438
Barimunya Airport,Barimunya,Australia,BYP,-22.673900604248,119.16600036621
Laucala Island Airport,Laucala,Fiji,LUC,-16.74810028076172,-179.66700744628906
Yasawa Island Airport,Yasawa Island,Fiji,YAS,-16.758899688720703,177.5449981689453
Waiheke Reeve Airport,Waiheke Island,New Zealand,WIK,-36.80889892578125,175.08599853515625
Nop Goliat Airport,Dekai,Indonesia,DEX,-4.8557,139.482006
Napuka Island Airport,Napuka,French Polynesia,NAU,-14.176799774169922,-141.26699829101562
Faaite Airport,Faaite,French Polynesia,FAC,-16.68670082092285,-145.32899475097656
Nukutavake Airport,Nukutavake,French Polynesia,NUK,-19.28499984741211,-138.77200317382812
Vahitahi Airport,Vahitahi,French Polynesia,VHZ,-18.780000686645508,-138.85299682617188
Hikueru Atoll Airport,Hikueru,French Polynesia,HHZ,-17.544700622558594,-142.61399841308594
Raroia Airport,Raroia,French Polynesia,RRR,-16.045,-142.476944
Kauehi Airport,Kauehi,French Polynesia,KHZ,-15.780799865722656,-145.12399291992188
Tatakoto Airport,Tatakoto,French Polynesia,TKV,-17.355300903320312,-138.44500732421875
Sasereme Airport,Sasereme,Papua New Guinea,TDS,-7.6217,142.868
Tanah Merah Airport,Boven Digoel,Indonesia,TMH,-6.099219799041748,140.29800415039062
Noonkanbah Airport,Noonkanbah,Australia,NKB,-18.4946994781,124.851997375
Algeciras Heliport,Algeciras,Spain,AEI,36.12888,-5.441118
Kasese Airport,Kasese,Uganda,KSE,0.1829999983310699,30.100000381469727
Sunchales Aeroclub Airport,Sunchales,Argentina,NCJ,-30.9575,-61.5283
Istanbul Airport,Istanbul,Turkey,IST,41.275278,28.751944
Seldovia Airport,Seldovia,United States,SOV,59.442401885986,-151.70399475098
Lutselk'e Airport,Lutselk'e,Canada,YSG,62.418303,-110.681998
Dwangwa Airport,Dwangwa,Malawi,DWA,-12.5183,34.131901
"Paloich Airport, Heliport",Higleig,South Sudan,HGI,10.529167,32.500556
Kishangarh Airport,Ajmer,India,KQH,26.601473,74.814147
Kannur International Airport,Kannur,India,CNN,11.918614,75.547211
La Araucanía Airport,Temuco,Chile,ZCO,-38.9259,-72.6515
Arathusa Safari Lodge Airport,Arathusa,South Africa,ASS,-24.744165,31.522499
Vidalia Regional Airport,Vidalia,United States,VDI,32.192699432373,-82.371200561523
New Islamabad International Airport,Islamabad,Pakistan,ISB,33.560713,72.851613
Mitchell Municipal Airport,Mitchell,United States,MHE,43.7747993469,-98.0385971069
Mchauru Airport,Geita,Tanzania,GIT,-2.813667,32.172472
Gitega Airport,Gitega,Burundi,GID,-3.417209,29.911308
Región de Murcia International Airport,Murcia,Spain,RMU,37.803,-1.125
Costa Marques Airport,COSTA MARQUES,Brazil,CQS,-12.421099662780762,-64.25160217285156
Zabrat Airport,Baku,Azerbaijan,ZXT,40.4955422161,49.9768066406
Bezmer Air Base,Yambol,Bulgaria,JAM,42.4548988342,26.3521995544
Yuanmou Air Base,Yuanmou,China,YUA,25.737499237061,101.88200378418
Xingcheng Air Base,,China,XEN,40.5802993774,120.697998047
Lefkoniko Airport,Geçitkale,Cyprus,GEC,35.235947,33.724358
Songwe Airport,Mbeya,Tanzania,MBI,-8.919942,33.273981
Bilogai-Sugapa Airport,Sugapa-Papua Island,Indonesia,UGU,-3.73956,137.031998
Ramon Airport,Eilat,Israel,ETM,29.723694,35.011416
Rustaq Airport,Al Masna'ah,Oman,MNH,23.640556,57.4875
Laguindingan Airport,Cagayan de Oro City,Philippines,CGY,8.612203,124.456496
Desierto de Atacama Airport,Copiapo,Chile,CPO,-27.2611999512,-70.7791976929
