name,code
A N Dev Nagar,ACND
A S Bhale Sultn,ASBS
Abada,ABB
Abhaipur,AHA
Abhanpur Jn,AVP
Abhayapuri Asam,AYU
Abjuganj,AJUG
Abohar,ABS
Abu Road,ABR
Abutara H,ABW
Achalda,ULD
Achalganj,ACH
Acharapakkam,ACK
Achegaon,ACG
Achhnera Jn,AH
Achirne,ACRN
Achuara H,ACU
Adalpahari,ALPD
Adapur,ADX
Adari Road,ADE
Adarsh Manpur,AHMP
Adarshnagar,AHO
Adas Road,ADD
Adavali,ADVI
Adderi,AEX
Adesar,AAR
Adhartal,ADTL
Adhichchanur,ACN
Adhikari,ADQ
Adhinpur,AHZ
Adhyatmik Nagar H,AKNR
Adi Saptagram,ADST
Adihalli,ADHL
Adilabad,ADB
Adina,ADF
Adipur,AI
Adityapur,ADTP
Adiyakkamungalam,AYM
Adoni,AD
Adra Jn,ADRA
Adraj Moti,AJM
Adrsh Ngr Delhi,ANDI
Aduturai,ADT
Agaram Sibbandi,AGM
Agarpara,AGP
Agartala,AGTL
Agas,AGAS
Agasod,AGD
Agastiyampalli,AGX
Agauthar H,AGTR
Aghwanpur,AWP
Agomoni,AGMN
Agori Khas,AGY
Agra Cantt,AGC
Agra City,AGA
Agra Fort,AF
Agradwip,AGAE
Agrer Halt,AERH
Agsauli,AUL
Agthori,AGT
Ahalyapur,AHLR
Ahera,AHQ
Aherwadi,AHD
Ahimanpur,AHM
Ahiran,AHN
Ahirauli H,AHU
Ahju,AHJU
Ahmadgarh,AHH
Ahmadnagar,ANG
Ahmadpur Jn,AMP
Ahmedabad Jn,ADI
Ailam H,AILM
Aishbagh,ASH
Ait,AIT
Aithal,ATMO
Aiyanapuram,AYN
Ajaibpur,AJR
Ajakollu,AJK
Ajaraka,AIA
Ajgain,AJ
Ajhai,AJH
Ajharail,AHL
Ajit,AJIT
Ajit Gill Matta H,AJTM
Ajit Kheri,AJKI
Ajitwal,AJL
Ajjampur,AJP
Ajmer Jn,AII
Ajni,AJNI
Ajnod,AJN
Akalkot Road,AKOR
Akaltara,AKT
Akanapet,AKE
Akashi P H,AKZ
Akathumuri,AMY
Akbarganj,AKJ
Akbarnagar,AKN
Akbarpur,ABP
Akela Hanspur H,ALNP
Akividu,AKVD
Akkampet,AKAT
Akkaraipatti,API
Akkihebbalu,AKK
Aklera,AKLA
Akodia,AKD
Akola Jn,AK
Akolner,AKR
Akora,AKW
Akot,AKOT
Akshaywat R Ngr,AYRN
Akurdi,AKRD
Alai,ALAI
Alakkudi,ALK
Alal,ALAL
Alamanda,ALM
Alambagh Lucknow,AMV
Alamnagar,AMG
Alampur,ALMR
Alampur Road,ALPR
Alandi,ALN
Alapakam,ALP
Alattambadi,ATB
Alau,ALAU
Alauli,ALUH
Alawal Pur,AWL
Alawalpur Idrispur,AIH
Alehpur Halt,APRH
Aler,ALER
Alewahi,AWH
Algapur,ALGP
Algawan,AIG
Alia Bada,ALB
Aliganj,ALJ
Aligarh Jn,ALJN
Alinagar Tola,ATX
Alindra Road,AIR
Alipur Duar,APD
Alipur Duar Court,APDC
Alipur Duar Jn,APDJ
Alirajpur,ARPR
Alleppey,ALLP
Alluru Road,AXR
Almatti,LMT
Almaw H,ALMW
Alnavar Jn,LWR
Alniya,ALNI
Altagram,ATM
Aluabari Road,AUB
Alur Halt,ALUR
Aluva,AWY
Alwal,ALW
Alwar,AWR
Alwar Tirunagri,AWT
Amagura,AGZ
Amalner,AN
Amalner Bhandyache,AMNE
Amalpur,AMLP
Amalsad,AML
Aman Lodge,ANLG
Aman Vadi,AMW
Amar Saheed J P H,ASJP
Amaravathi Colony Jn,AVC
Amaraviia,AMVA
Amarda Road,ARD
Amargarh,AGR
Amargol,AGL
Amarpur Jorasi,APJ
Amarpura,APA
Amarpura Rathan,AMPR
Amarsar,AXA
Amausi,AMS
Ambagaon,AGB
Ambala Cant Jn,UMB
Ambala City,UBC
Ambalapuzha,AMPA
Ambale,ABLE
Ambalgram,ABGM
Ambandaura,AADR
Ambapendarpur H,APP
Ambari,ABX
Ambari Falakata,ABFC
Ambari Richhavi,ABRV
Ambarnath,ABH
Ambasa,ABSA
Ambasamudram,ASD
Ambattur,ABU
Ambaturai,ABI
Ambewadi,AVA
Ambiapur,AAP
Ambika Bhawani Halt,AABH
Ambika Kalna,ABKA
Ambika Rohina,AMBR
Ambikapur,ABKP
Ambikeshwar,ABE
Ambivli,ABY
Ambli Road,ABD
Ambliyasan,UMN
Ambodala,AMB
Ambur,AB
Amdara,UDR
Amdi,AMDI
Amethi,AME
Amgaon,AGN
Amguri,AGI
Amha Pipra,AMRA
Amhera H,ARH
Amila H,AMD
Amin,AMIN
Amjonga,AMGA
Amla Jn,AMLA
Amlai,AAL
Amletha,ALE
Amli,AMLI
Amlo,AMLO
Amlori Sarsar,ALS
Ammanabrolu,ANB
Ammanur,AMNR
Ammapali,AMPL
Ammapet,AMT
Ammasandra,AMSA
Ammuguda,AMQ
Amnapur,ANQ
Amolwa,AMO
Amoni,AONI
Amravati,AMI
Amritapura,AMC
Amritsar Jn,ASR
Amritvel,AVL
Amroha,AMRO
Anaimalai Road,ANM
Anakapalle,AKP
Anand Jn,ANND
Anand Nagar,ANDN
Anand Vihar,ANVR
Anand Vihar Trm,ANVT
Anandapuram,ANF
Anandpur Sahib,ANSB
Anandtandavpur,ANP
Anangur,ANU
Anantapur,ATP
Anantarajupet,ANE
Anantnag,ANT
Anantpaith,AEH
Anaparti,APT
Anara,ANR
Anas,ANAS
Anaval,ANW
Anavardikhanpet,AVN
Ancheli,ACL
Anchuri P H,ANCR
Andal Jn,UDL
Andampallam,AND
Andanapettai,APE
Andheri,ADH
Andipatti,ADPT
Andul,ADL
Anekal Road,AEK
Angadgeri H,ANGR
Angadi,AGCI
Angadippuram,AAM
Angai H,AGE
Angalakuduru,AKU
Angamali,AFK
Angar,AAG
Angar Ghat,ARG
Angarpathra H,ANJE
Angua P H,AGV
Angul,ANGL
Anipur,APU
Anjani,ANO
Anjar,AJE
Anjhi Shahabad,AJI
Ankai,ANK
Anklav,ALV
Ankleshwar Jn,AKV
Ankleshwar Udhyog Na,AKVU
Ankola,ANKL
Ankorah Akorha,ANH
Anksapur,AKSP
Ankuspur,AKS
Annanur,ANNR
Annavaram,ANV
Annechakanahalli H,ANC
Annigeri,NGR
Anpara,ANPR
Antagarh,AAGH
Antah,ATH
Antri,ARI
Anugraha N Road,AUBR
Anupganj,APG
Anupgarh,APH
Anuppambattu,APB
Anuppur Jn,APR
Anupshahr,AUS
Aonla,AO
Appaipally,APMR
Appikatla,APL
Apta,APTA
Apurva Ph,APRD
Ara,ARA
Arabagatta H,ABGT
Arag,ARAG
Arakkonam,AJJ
Araku,ARK
Aralaguppe H,ARGP
Aralvaymozhi,AAY
Arambag,AMBG
Arambakam,AKM
Arand,ARN
Arang Mahanadi,ANMD
Arantangi,ATQ
Araon,AON
Arariya,ARR
Arariya Court,ARQ
Arasalu H,ARU
Araul Makanpur,ARL
Aravali Road,AVRD
Aravalli,AVLI
Aravankadu,AVK
Archipathar Halt,ACPR
Areli H,ARX
Arepalli H,ARPL
Argora P H,AOR
Argul Ph,ARGL
Arigada,ARGD
Ariyalur,ALU
Arjansar,AS
Arjun Nagar Halt,ANMP
Arjunahalli H,ARNH
Arjuni,AJU
Arkha H,ARKA
Armur,ARMU
Arnej,AEJ
Arnetha,ARE
Arni Road,ARV
Arnia,ARNA
Arniya Kalan Salempura,SPAK
Aroor,AROR
Arseni,ASI
Arsikere Jn,ASK
Artalakatta,AKAH
Arts College,ATC
Arumuganeri,ANY
Arun Nagar H,ARNG
Arunachal,ARCL
Aruppukkottai,APK
Aryankavu,AYV
Asafpur,AFR
Asalpur Jobner,JOB
Asan,ASAN
Asanboni,ASB
Asangaon,ASO
Asanpur Kupha Halt,APKH
Asansol Jn,ASN
Asaoti,AST
Asarva Jn,ASV
Asaudah,ASE
Ashapura Gomat,AQG
Ashok Nagar,ASKN
Ashokapuram,AP
Ashoknagar Road,ASKR
Asifabad Road,ASAF
Asirgarh Road,AGQ
Aslana,ANA
Aslaoda,ASL
Aslu,ASLU
Asnoti,AT
Asokhar,AXK
Aspari,ASP
Asra Halt,ASAR
Asranada,AAS
Astegaon,ASTG
Asthal Bohar Jn,ABO
Asvali,AV
Aswani Halt,AWS
Ata,ATA
Atamanda,AMA
Atari,ATT
Ataria,AA
Atarra,ATE
Ateli,AEL
Atgaon,ATG
Athmal Gola,ATL
Athsarai,ASCE
Atirampattinam,AMM
Atladara,ATDA
Atrampur,ARP
Atrauli Road,AUR
Atraura H,ATRR
Atri Ph,ATRI
Atru,ATRU
Attabira,ATS
Attili,AL
Attipattu Pudu Ngr H,AIPP
Attippattu,AIP
Attur,ATU
Atul,ATUL
Atwa Kursath,ATKS
Atwa Muthia H,ATW
Aujuri,AJRE
Aulenda,AED
Aung,AUNG
Aungaridham H,ANGM
Aunlajori Jn,OND
Aunrihar Jn,ARJ
Aunta H,ANAH
Aurahi F,AUI
Aurang Nagar,AUN
Aurangabad,AWB
Ausa Road,OSA
Auvaneswsarem,AVS
Auwa,AUWA
Avadi,AVD
Avatihalli H,AVT
Avidha,AVH
Avuladatla,ALAT
Awa Garh,AWG
Awantipura,ATPA
Awapur F,AWPR
Awatarnagar,ATNR
Ayandur,AYD
Ayingudi,AYI
Ayodhya Cant,AYC
Ayodhya Dham Jn,AY
Ayodhyapattanam,APN
Ayyalur,AYR
Ayyampet,AZP
Azamgarh,AMH
Azamnagar Road,AZR
Azara,AZA
Azhwarkurichi,AZK
Azimganj City,ACLE
Azimganj Jn,AZ
B Cement Nagar,BEY
B E M L Nagar H,BEML
B.G. Nagar,BGNR
Baad,BAD
Baba Bakala Raiya,BBKR
Baba Lakshman Das H,BBLK
Baba Raghuni Halt Dwarika,BRHD
Babaganj,BBJ
Babarpur,BBDE
Babatpur,BTP
Babhabgaon H,BAHN
Babhanjyotiya H,BNGY
Babhnan,BV
Babina,BAB
Bablad,BBD
Babrala,BBA
Babugarh,BBO
Babupeth,BUPH
Babupur H,BBPR
Bachar,BCHR
Bacheli,BCHL
Bachharpur Halt,BCPR
Bachhrawan,BCN
Bachwara Jn,BCA
Badabandha,BDBA
Badakhandiaita,BDKT
Badalpur P H,BDPA
Badami,BDM
Badampahar,BMPR
Badampudi,BPY
Badanaguppe H,BDGP
Badapadagaon Ph,BDPG
Badarpur Jn,BPB
Badarwas,BDWS
Badausa,BUS
Baddowal,BWZ
Bade Arapur,BDXX
Badgam,BDGM
Badhada,BDHA
Badhai Balamgarh H,BDBG
Badhal,BDHL
Badhari Kalan,BHK
Badhwa Bara,BDWA
Badkulla,BDZ
Badla Ghat,BHB
Badlapur,BUD
Badli,BHD
Badmal,BUDM
Badnapur,BDU
Badnera Jn,BD
Badodar,BDDR
Badshahnagar,BNZ
Badshahpur,BSE
Badulipar,BLPR
Badwasi,BWS
Bagadia Ph,BGDI
Bagaha,BUG
Bagaha Bishnupur,BCJ
Bagahai Road,BGHI
Bagalia,BGA
Bagalkot,BGK
Bagarpur H,BGRR
Bagbahra,BGBR
Bagdihi,BEH
Bageshapura,BGPA
Bagevadi Rd,BSRX
Bagewadi,BGWD
Baghauli,BGH
Baghdogra,BORA
Baghi Bardiha,BBE
Baghi Ghauspur,BFX
Baghmara H,BHMA
Baghnapara,BGRA
Baghoikusa,BHKH
Baghora,BJQ
Baghpat Road,BPM
Baghuapal,BGPL
Bagila,BGF
Baginadi,BGND
Bagmar,BMA
Bagnan,BZN
Bagra Tawa,BGTA
Bagrakot,BRQ
Bagri Nagar,BQN
Bagri Sajjanpur,BGX
Bagrigram Halt,BIGH
Bagthar,BFG
Bagumra,BGMR
Bagwada H,BAGD
Bagwali,BWB
Bah,HAB
Bahadur Singh W,BSS
Bahadurgarh,BGZ
Bahadurpur,BPD
Bahadurpur Up,BHDH
Bahai H,BYQ
Bahalba Halt,BABH
Bahalda Road,BDO
Bahanaga Bazar,BNBR
Bahawal Basi,BFE
Bahelia Buzurg H,BFV
Baheri,BHI
Baherwa H,BRWH
Bahilpurwa,BIP
Bahjoi,BJ
Bahman Diwana,BWX
Bahmniwala,BVW
Bahora Chandil,BHCL
Bahraich,BRK
Bahram,BHM
Bahuara(Halt),BURA
Baidpur,BPUR
Baidyabati,BBAE
Baidyanathdham,BDME
Baiguda,BGUA
Baihata,BIZ
Baihatola,BATL
Baijnathpaprola,BJPL
Baijnathpur,BYP
Baijnathpur Andoli H,VDNP
Baikunth,BKTH
Baikunthpur Rd,BRH
Bailey Road H,BRHT
Bainchi,BOI
Bainchigram,BCGM
Bairagnia,BGU
Bairi Halt,BRIH
Baiswara,BSWA
Baitalpur,BALR
Baitarani Road,BTV
Baiyyappanahali,BYPL
Bajakare H,BAJE
Bajalta,BLA
Bajekan,BJKN
Bajipara,BJPD
Bajpatti,BJT
Bajrangarh,BJG
Bajud,BJUD
Bajva,BJW
Bakaina H,BKNA
Bakal,BAKL
Bakanian Bhaunr,BQE
Bakarkudi,BKKI
Bakaspur,BKPR
Bakayanwala,BKWA
Bakhleta,BQQ
Bakhoti Khas H,BKTS
Bakhrabad,VKD
Bakhri,BKHR
Bakhsha,BKSA
Bakhtiyarpur Jn,BKP
Bakkas,BKKS
Bakra Road,BK
Bakrol,BKRL
Bakshi Ka Talab,BKT
Baktal,BKTL
Bakudi,BKLE
Bakulha,BKLA
Bala Road,BLRD
Balabhadrapuram,BBPM
Balagarh,BGAE
Balaghat Jn,BTC
Balahapur H,BLHR
Balamu Jn,BLM
Balanagar,BABR
Balangir,BLGR
Balangir Road,BNRD
Balapalle,BLPE
Balaramapuram,BRAM
Balasiring,BLRG
Balasore,BLS
Balauda Takun,BLDK
Balawali,BLW
Balganur,BLR
Balharshah,BPQ
Baliakheri,BAE
Balichak,BCK
Balikotia,BKS
Balimara,BTZ
Balipara,BVU
Ballabgarh,BVH
Ballalpur,BPBS
Balle Da Pir Larath,BLDL
Ballekere H,BLKR
Ballenahalli,BAHI
Balli,BLLI
Ballia,BUI
Ballupur F,BAPR
Bally,BLY
Bally Chord,BLYC
Balod,BXA
Balotra Jn,BLT
Balpur Halt,BPRH
Balrai,BBL
Balrampur,BLP
Balsamand,BLSD
Balugan,BALU
Balurghat,BLGT
Balwa,WAB
Balwantpura Chelasi,BWPL
Balwara,BAWA
Bamangacchi,BMG
Bamangram,BMGR
Bamanhat,BXT
Bamanheri,BMHR
Bamanwali,BMNL
Bamanwas,BMWS
Bamhni Banjur,BIV
Bamhrauli,BMU
Bamiana,BMY
Bamla,BMLL
Bamnia,BMI
Bamour Gaon,BMZ
Bamra,BMB
Bamsin,BMSN
Bamunigaon,BMGN
Bamur,BAMR
Bana Shankari H,BNK
Banabihari Gwalipur Ph,BNHR
Banaganapalle,BGNP
Banahi,BYN
Banapura,BPF
Banar,BNO
Banaras,BSBS
Banarhat,BNQ
Banas,BNS
Banasandra,BSN
Banasthali Niwai,BNLW
Banaswadi,BAND
Banavar,BVR
Banbasa,BNSA
Banchari,BNCR
Band Hamirpur,BAHP
Banda Jn,BNDA
Bandakpur,BNU
Bandanwara,BDW
Bandarkhal,BXK
Bandarupalle,BDPL
Bandel Jn,BDC
Bandh Bareta,BR
Bandhnath,BNTH
Bandhua,BNF
Bandhua Kalan,BDKN
Bandikui Jn,BKI
Bandra Terminus,BDTS
Baneswar,BSW
Banga,BXB
Bangain,BGAN
Bangalbaree,BJY
Bangalore Cant,BNC
Bangalore East,BNCE
Bangarapet,BWT
Bangari,BGAR
Bangarmau,BGMU
Bangi Nihal Singh,BNLS
Bangriposi,BGY
Bangrod,BOD
Bangurgram,BNGM
Bangurkela,BGKA
Bani,BANI
Bani Bihar,BNBH
Banihal,BAHL
Banikpur Halt,BNPR
Baniya Sanda Dhora,BSDA
Baniyana,BIYA
Banka,BAKA
Banka Ghat,BKG
Bankata,BTK
Bankeganj,BNKJ
Bankhedi,BKH
Bankura,BQA
Banmankhi Jn,BNKI
Banmor,BAO
Banni Koppa,BNA
Banni Mahammanpatti H,BMPT
Bano,BANO
Banpas,BPS
Bansadhara Ph,BSDR
Bansapahar,BNSP
Bansdih Road,BCD
Bansh Baria,BSAE
Banshlai Bridge,BSBR
Bansi Bohera,BYE
Bansi Paharpur,BIQ
Bansinala H,BNSL
Bansipur,BSQP
Bansjora,BZS
Banskho,BSKO
Banspani,BSPX
Banstola Ph,BNB
Banta Rnathgarh,BGG
Bantanahal,BLL
Bantawala,BNTL
Banthra,BTRA
Banwali,BWC
Baori Thikria,BOTI
Bap,BAF
Bapatla,BPP
Bapudham Motihari,BMKI
Bar,BAR
Bar Longfer,BRLF
Bara,BBAR
Bara Gudha,BGD
Bara Hapjan,BPJ
Bara Jamda,BJMD
Barabambo,BRM
Barabani,BBI
Barabanki Jn,BBK
Barabar H,BBHT
Barabhati,BFF
Barabhum,BBM
Barabil,BBN
Barachak,BCQ
Baradev,BRDV
Baradighi,BDS
Baradwar,BUA
Baragaon,BNM
Baragopal,BAGL
Barahat,BHLE
Barahu,BRHU
Barai Jalalpur,BJLP
Baraigram Jn,BRGM
Baraipura H,BAPN
Barakalan,BQW
Barakar,BRR
Baral,BARL
Barala,BAA
Baramati,BRMT
Baramulla,BRML
Baran,BAZ
Barang,BRAG
Barapalasi,BRPS
Barara,RAA
Barara Buzurg,BRRZ
Barasat,BT
Barauni F,BUJ
Barauni Jn,BJU
Baraut,BTU
Baraw More,BMHT
Barbatpur,BBTR
Barchi Road,BCRD
Barddhaman Jn,BWN
Bardi Halt,BDHT
Bardoli,BIY
Bareilly,BRY
Bareilly,BE
Bareilly Cantt,BRYC
Bareilly City,BC
Barejadi,BJD
Barelipur,BQM
Bareta,BRZ
Bareth,BET
Bargalia,BGLI
Bargaon Gujar,BRGJ
Bargarh,BRG
Bargarh Road,BRGA
Bargawan,BRGW
Bargi,BUQ
Barh,BARH
Barh Court Halt,BCHT
Barhaj Bazar,BHJ
Barhan Jn,BRN
Barhapur H,BHAD
Barhara,BHHT
Barhara Kothi F,BAKT
Barharaganj,BAGJ
Barharwa Jn,BHW
Barhauna Halt,BADH
Barhi,BRHI
Barhiya,BRYA
Barhni,BNY
Bari,BARI
Bari Brahman,BBMN
Bari Khatu,BKTU
Bari Sadri,BI
Bariarpur,BUP
Baripada,BPO
Baripura,BPRA
Barithengarh Ph,BRTG
Bariwala,BRW
Barka H,BADK
Barka Kana,BRKA
Barkagaon Halt,BGHT
Barkhera,BKA
Barkichanpi,BICI
Barkipona,BRKP
Barkisalalya,BSYA
Barkur,BKJ
Barlai,BLAX
Barlanga,BLNG
Barmasia,BRMA
Barmer,BME
Barnagar,BNG
Barnala,BNN
Barog,BOF
Barpali,BRPL
Barpathar,BXP
Barpeta Road,BPRD
Barrackpore,BP
Barrajpur,BJR
Barsali,BYS
Barsathi,BSY
Barsi Takli,BSQ
Barsi Town,BTW
Barsoi Jn,BOE
Barsola,BZO
Barsuan,BXF
Bartara,BRTA
Barua Bamungaon,BBGN
Barua Chak,BRCK
Barua Nagar,BRNR
Barud,BRUD
Barui Para,BRPA
Baruna,BUE
Barundani,BNDI
Baruva,BAV
Barwa Kalan H,BRSA
Barwa Sagar,BWR
Barwadih Jn,BRWD
Barwaha,BWW
Barwala,BXC
Barwala Road,BRL
Barwasni Halt,BRNI
Barya Ram,BYHA
Baryal Himachal,BRHL
Basai,BZY
Basai Dhankot,BDXT
Basampalle,BSPL
Basantapur,BSTP
Basantpur Halt,BNPH
Basar,BSX
Basarhia Halt,BSRA
Basari,BSRI
Basbari,BSI
Baseri,BED
Baseria,BZE
Basharatganj,BTG
Basi Kiratpur,BSKR
Basin Bridge Jn,BBQ
Basmat,BMF
Basni,BANE
Bassi,BAI
Bassi Berisal,BSSL
Bassi Pathanam,BSPN
Basta,BTS
Basti,BST
Bastoi H,BTRO
Basuachak Halt,BQSP
Basuchak H,BSCK
Basudebpur H,BDBP
Basudeopur Chandail H,BDUA
Basugaon,BSGN
Basukinath,BSKH
Baswa,BU
Batadrawa Road,BTDR
Batala Jn,BAT
Batala Sugar Mills,BATM
Batasi,BTSI
Bataspur,BSLE
Bateshwar Halt,BASR
Bathnaha,BTF
Bathua Bazar Halt,BHBR
Battulapuram H,BTM
Batuva Ph,BTVA
Bauria Jn,BVA
Bavla,VLA
Bawal,BWL
Bawani Khera,BWK
Bawli H,BAOL
Bayad,BAYD
Bayana Jn,BXN
Baytu,BUT
Bayyavaram,BVM
Bazarghat,BZGT
Bazarsau,BZLE
Bazida Jatan,BZJT
Bazpur,BPZ
Beas,BEAS
Beawar,BER
Bebejia,BEE
Bechhiwara,BHWA
Bedetti,BVV
Bedham,BEDM
Begdaewai,BGWI
Begu Sarai,BGS
Begumpet,BMT
Begun Kudar,BKDR
Begunia,BYZA
Behaj,BEHJ
Behta Hazipur,BHHZ
Behtagokul,BEG
Behula,BHLA
Bekal Fort,BFR
Bela,BELT
Bela,BELA
Bela Tal,BTX
Belagavi,BGM
Belagula,BLGA
Belakoba,BLK
Belampalli,BPA
Belanagar,BZL
Belandur Road,BLRR
Belanki,BLNK
Belapur,BAP
Belari Halt,BLRI
Belaser,BLSR
Belboni Ph,BEX
Belda,BLDA
Beldanga,BEB
Belerhat,BQY
Belgahna,BIG
Belgharia,BLH
Belha,BYL
Beliator Ph,BZC
Belkhera,BELD
Bellamkonda,BMKD
Bellary Cant,BYC
Bellary Jn,BAY
Belmuri,BMAE
Belonia,BENA
Belpahar,BPH
Belrayan,BXM
Belsiri,BLRE
Belsonda,BLSN
Belthara Road,BLTR
Belur,BEQ
Belvandi,BWD
Benal H,BENL
Benapol,BEN
Benapur,BPE
Bendi,BFQ
Beniganj,BEJ
Benipatti Pirapur,BNPT
Benipur A Halt,BPAH
Benipurgram Halt,BPGR
Benisar,BS
Bennehalli,BEHI
Benoda,BNOD
Beohari,BEHR
Berawanya,BRNA
Berchha,BCH
Berhampore Crt,BPC
Beria Daulat H,BRDT
Bermo,BRMO
Bero,BERO
Berore,BROR
Berugram,BUGM
Bes,BES
Besroli,BSRL
Betamcherla,BMH
Betavad,BEW
Betgara,BYXA
Bethampurdi,BTPD
Bethuadahari,BTY
Betnoti,BTQ
Bettadnagenhalli H,BTGH
Bettahalsoor H,TLS
Bettiah,BTH
Betul,BZU
Betur Ph,BTRB
Bevinahalu,BNL
Bewar Bhojan,BWBN
Bhabhar,BAH
Bhabta,BFT
Bhabua Road,BBU
Bhachau Bg,BCOB
Bhachhbar,BBC
Bhadaiyan,BDIN
Bhadan,BDN
Bhadanpur,BUU
Bhadaura,BWH
Bhadbhadaghat,BVB
Bhadbhunja,BBAI
Bhadli,BDI
Bhadohi,BOY
Bhadrachalam Rd,BDCR
Bhadrakh,BHC
Bhadrauli Halt,BDRI
Bhadravati,BDVT
Bhadreshwar,BHR
Bhadri,BHDR
Bhadroli,BBY
Bhadutala,BUTA
Bhadwad,BAWD
Bhaga Jn,VAA
Bhagalpur,BGP
Bhagat Ki Kothi,BGKT
Bhagavathipuram,BJM
Bhagega,BAGA
Bhagirathpur H,BHGP
Bhagsar,BSGR
Bhagtanwala,BGTN
Bhagwangola,BQG
Bhagwanpur,BNR
Bhagwanpur Desua,BGDS
Bhagwanpura,BGPR
Bhagwansar,BNSR
Bhaili,BALI
Bhaini Khurd,BZK
Bhainsa,BSA
Bhainsbodh,BSBH
Bhainswan,BASN
Bhairabi,BHRB
Bhairanayakanahalli H,BNKH
Bhairoganj,BRU
Bhairongarh,BOG
Bhaironpur,BIF
Bhajera,BJRA
Bhakarapet,BKPT
Bhakrauli,BHKL
Bhakti Nagar,BKNG
Bhalej,BAJ
Bhalki,BHLK
Bhalojala H,BLJA
Bhalua,BHAU
Bhalui,BFM
Bhaluka Road F,BKRD
Bhalukmara,BLMR
Bhalukpong,BHNG
Bhalulata,BUL
Bhalumaska,BLMK
Bhalwani,BLNI
Bhambeva,BHMW
Bhamer Minawada,BMVR
Bhan Kari,BAK
Bhanapur,BNP
Bhanaur,VNN
Bhandai,BHA
Bhandak,BUX
Bhandara Road,BRD
Bhandaridah,BHME
Bhandarkund,BDKD
Bhandartikuri,BFZ
Bhandu Motidau,BHU
Bhanga,BXG
Bhangala,BNGL
Bhanjpur,VZR
Bhankala H,BNQL
Bhankoda,BKD
Bhansi,BHNS
Bhanupli,BNLY
Bhanupratappur,BPTP
Bhanvad,BNVD
Bhanwar Tonk,BHTK
Bharat Khand,BRKB
Bharat Kup,BTKP
Bharatgarh,BARJ
Bharatkund,BTKD
Bharatpur Jn,BTE
Bharatwada,BWRA
Bharmar,BRMR
Bharoli,BHRL
Bharopatti,BHTH
Bharpura Pahlejaghat Jn,BPGJ
Bharsendi,BSDL
Bharthali,BRTL
Bharthana,BNT
Bharuch Jn,BH
Bharur H,BZ
Bharwa Sumerpur,BSZ
Bharwari,BRE
Bhatapara,BYT
Bhatariya,BTYA
Bhatasa H,BHTS
Bhatel,BHTL
Bhatiel,BHAL
Bhatinda Cantt,BTIC
Bhatinda Jn,BTI
Bhatisuda,BTSD
Bhatiya,BHTA
Bhatkal,BTJL
Bhatni Jn,BTT
Bhaton Ki Gali,BHG
Bhatpar Rani,BHTR
Bhatpura,BHAT
Bhattian,BTTN
Bhattiprolu,BQU
Bhattu,BHT
Bhaupur,BPU
Bhavanagar Para,BVP
Bhavani Nagar,BVNR
Bhavdhari,BOTR
Bhavnagar Trmus,BVC
Bhavpura,BHVP
Bhawani Mandi,BWM
Bhawanipatna,BWIP
Bhawanipur Bihar,BWPB
Bhawanipur Kaln,BWP
Bhawi,BCW
Bhayandar,BYR
Bhayavadar,BHY
Bhedia,BDH
Bheduasol,BXL
Bheempura,BIPR
Bheerpur,BEP
Bheja,BHJA
Bhelwa,BLV
Bhemswadi,BSWD
Bheraghat,BRGT
Bhesana,BFY
Bheslana,BILA
Bhestan,BHET
Bhetaguri,VTG
Bhetasi,BETI
Bhidi,BHID
Bhigwan,BGVN
Bhikamkor,BKC
Bhiknur,BKU
Bhilad,BLD
Bhilai,BIA
Bhilai Pwr Hs,BPHB
Bhilainagar,BQR
Bhilavdi,BVQ
Bhildi,BLDI
Bhilgaon,BHGN
Bhilupur,BILP
Bhilwara,BHL
Bhimadolu,BMD
Bhimal,BIML
Bhimalgondi,BMC
Bhimana,BMN
Bhimarlai,BMQ
Bhimasar,BMSB
Bhimavaram Jn,BVRM
Bhimavaram Town,BVRT
Bhimgara,BMGA
Bhimkhoj,BMKJ
Bhimnath,BNH
Bhimrana,BMRN
Bhimsen,BZM
Bhind,BIX
Bhindar,BNNR
Bhinwaliya,BWA
Bhira Kheri,BIK
Bhiringi,BRI
Bhisa H,BHSA
Bhitaura,BTO
Bhiti,BYH
Bhitiharwa Ashram F,BHWR
Bhitoni,BHTN
Bhiwandi Road,BIRD
Bhiwani,BNW
Bhiwani City,BNWC
Bhodwal Majri,BDMJ
Bhogpur,BOP
Bhogpur Sirwal,BPRS
Bhoj Padra,BHOJ
Bhojipura Jn,BPR
Bhojo,BOJ
Bhojpur Rohtas Border Halt,BRBH
Bhojras,BHAS
Bhojudih Jn,BJE
Bhokar,BOKR
Bhoke,BOKE
Bholldih,BLME
Bhoma,BHV
Bhone,BHNE
Bhongaon,BGQ
Bhongir,BG
Bhonra,BON
Bhopal Jn,BPL
Bhopalka,BPKA
Bhopatpur,BFPA
Bhoras Budrukh,BFJ
Bhortex,BRTK
Bhotepati,BPV
Bhowra Bh,BCB
Bhoyani,BHAN
Bhua,BHUA
Bhubaneshwar New,BBSN
Bhubaneswar,BBS
Bhuchchu,BCU
Bhuda,BUDA
Bhudpur,BDHP
Bhugaon,BPK
Bhuj,BHUJ
Bhujia,BUJA
Bhukarka,BKKA
Bhulanpur,BHLP
Bhuli,BHN
Bhulon,BLO
Bhupalsagar,BSJ
Bhupdeopur,BEF
Bhupia Mau,VPO
Bhurjiha Baragn,BUGN
Bhurkunda,BHKD
Bhusandpur,BSDP
Bhusaval Jn,BSL
Bhutakiya Bhimasar,BUBR
Bhuteshwar,BTSR
Bibinagar,BN
Bichhupali,BHPI
Bichia,BIC
Bichpuri,BCP
Bidadi,BID
Bidanpur,BDNP
Bidar,BIDR
Bidhan Nagar,BNXR
Bidiyad,BIDD
Bidyadabri,BDYR
Bigga,BIGA
Biggabas Ramsara,BGRM
Bighapur,BQP
Bihar Sharif,BEHS
Bihar State Sugar C,BSCP
Bihara,BHZ
Bihariganj,BHGJ
Bihat H,BEHT
Bihiya,BEA
Bihta,BTA
Bijainagar,BJNR
Bijaipur Road,BJPR
Bijauli,BJI
Bijauria,BJV
Bijaysota,VST
Bijbiara,BJBA
Bijni,BJF
Bijnor,BJO
Bijoor,BIJR
Bijora,BJK
Bijrotha,BJA
Bijuli Halt,BJIH
Bijuri,BJRI
Bijwasan,BWSN
Bikaner Jn,BKN
Bikkavolu,BVL
Biknaph,BKNO
Bikram Shila,BKSL
Bikramganj,XBKJ
Bikrampur,BMR
Bilara,BARA
Bilasipara,BLPA
Bilaspur Jn,BSP
Bilaspur Road,BLQR
Bildi,BILD
Bileshwar,BLWR
Bilga,BZG
Bilhar Ghat,BLG
Bilhaur,BLU
Bilimora Jn,BIM
Bilkha,BILK
Billi,BXLL
Bilochpura Agra,BFP
Bilpur,BLPU
Bilwai,BWI
Bimalgarh Jn,BUF
Bimbari H,BMBE
Bina Jn,BINA
Bina Malkhedi Jn,MAKR
Binaiki,VNK
Binaur,BNAR
Bindaura,BUR
Bindayaka,BDYK
Bindki Road,BKO
Bindori,BNOI
Bindubasini,BDBS
Bindukuri,BKTB
Binjhol,BNJL
Binkadakatti,BKIT
Binnaguri,BNV
Bir,BIR
Bira,BIRA
Biradhwal,BDWL
Birahalli H,BRBL
Birambad,BAMA
Biramdih,BRMD
Birang Khera,BMK
Birapatti,BRPT
Birarajpur,BIRP
Birari,BRRI
Birati,BBT
Biraul,BIRL
Birbans,BRBS
Birlanagar,BLNR
Birmitrapur,BRMP
Birnagar,BIJ
Birohe,BEO
Biroliya,BRLY
Birpur,BIB
Birpurusothampur,BRST
Birsamunda Halt,BSMH
Birshibpur,BSBP
Birsinghpur,BRS
Birsola,BRA
Birur Jn,RRB
Bisalehalli,BLHI
Bisalpur,BSUR
Bisalwas Kalan,BIWK
Bisanattam,BSM
Bisapurkalan,BRKH
Bishalgarh,BLGH
Bishanpur,BSNP
Bishanpur Halt,BHNP
Bishanpur Haryana,BSPH
Bisharpara Kodaliya,BRPK
Bishengarh,BISH
Bisheshwarganj,BEU
Bishnupur,VSU
Bishramganj,BHRM
Bishrampur,BSPR
Bishunpur Mahuari H,BPMH
Bisnupriya H,VSPR
Bisra,BZR
Bissamcuttack,BMCK
Bissau,BUB
Bisugirsharif,BGSF
Biswa Bridge,BIS
Biswan,BVN
Bithan,BTHN
Bithauli F,BTHL
Bitragunta,BTTR
Bitroi,BTRI
Biwai,BW
Biyavra Rajgarh,BRRG
Block Hut B,BHBV
Bobas,BOBS
Bobbili,VBL
Bochasan Jn,BCHN
Bodagram Ph,BODG
Bodarwar,BBW
Boddavara,BDVR
Bodeli,BDE
Bodhadi Bujrug,BHBK
Bodhan,BDHN
Bodinayakkanur,BDNK
Bodwad,BDWD
Bogolu,BVO
Bogri Road,BGO
Bohani,BNE
Boinda,BONA
Boisar,BOR
Bojawas,BJWS
Bokajan,BXJ
Bokaro Stl City,BKSC
Bokaro Thermal,BKRO
Boko,BOKO
Bokra,BOKA
Bolagarh Town Ph,BORT
Bolai,BLX
Bolarum,BMO
Bolarum Bazar,BOZ
Bolda,BLC
Bolinna Doaba,BLND
Bolpur S Niktn,BHP
Bolsa,BLSA
Bomadra,BOM
Bommagundanakere,BOMN
Bommasamudram H,BUM
Bommidi,BQI
Bona Kalu,BKL
Bondamunda,BNDM
Bongaigaon,BNGN
Bonidanga,BDAG
Boparai H,BXO
Boraki H,BRKY
Borawar,BOW
Bordhal,BXY
Bordi,BIO
Bordi Road,BRRD
Bordoloni,BDLN
Bordubi Road,BDT
Borgaon,BGN
Borhat,BFD
Boridand,BRND
Boridra,BII
Borivali,BVI
Borkhedi,BOK
Boroti,BOT
Borraguhallu,BGHU
Borsad,BO
Bortalao,BTL
Borvihir,BRVR
Botad Jn,BTD
Bothiya,BOYA
Boudh,BOUH
Bowaichandi Ph,BWCN
Boxirhat,BXHT
Brahamani Ph,BRMI
Brahmajan,BJL
Brahmanagudem,BMGM
Brahmanpalli,BMPL
Brahmapur,BAM
Brahmavart,BRT
Brajrajnagar,BRJN
Bramhapuri,BMP
Brar Square,BRSQ
Brayla Chaurasi,BRLA
Brij Kishor H,BKRH
Brij Nagar,BINR
Brijmanganj,BMJ
Brindabanpur Ph,BDPR
Brundamal,BXQ
Buda Bharthara H,BUBT
Budalur,BAL
Budaun,BEM
Buddireddippati,BDY
Budha Khera,BKDE
Budha Pushkar Halt,BPKH
Budhagumpa,BDGU
Budhapank,BDPK
Budhdevchak Yadav Nagar,BCYN
Budhi,BDHY
Budhlada,BLZ
Budhma,BDMA
Budhsinghwala,BDSW
Budni,BNI
Budora,BDQ
Budvel,BDVL
Bugia,BUGY
Buglanwali,BUGL
Bulandshahr,BSC
Bulbulchandi,BBCE
Bulluana,BHX
Bundi,BUDI
Bundki,BEK
Buniadpur,BNDP
Buramara,BWO
Burgula H,BRGL
Burhanpur,BAU
Burhar,BUH
Burhpura,BPW
Burhwal,BUW
Burj Mohar,BJMA
Burmi H,BRMX
Burnpur,BURN
Butana Halt,BUTN
Butari,BTR
Butewala,BWF
Buti Bori,BTBR
Buxar,BXR
Byadarahalli,BDRL
Byadgi,BYD
Byatrayanahalli,BFW
Byree,BYY
C Babusamudram,CBU
C Cabin,CCAB
C Shahumharaj T,KOP
C Shivaji Term Mumbai,CSMT
Campierganj,CM
Cancona,CNO
Candrabanda H,CDBH
Cannanore South,CS
Cansaulim,CSM
Capper Quarry,CQS
Carron,CRX
Castle Rock,CLR
Cauvery,CV
Cavalry Barrcks,CVB
Cbd Naya Raipur,CBDH
Chabua,CHB
Chachaura Bngj,CBK
Chacher,CHCR
Chaf H,CHAF
Chagallu,CU
Chaibasa,CBSA
Chailaha H,CHAH
Chainpur,CNPR
Chainwa,CW
Chajawa,CJW
Chajli,CJL
Chak Banwala,CKLA
Chak Pakhewala,CKA
Chak Sikandar,CSR
Chakand,CKH
Chakarbhatha,CHBT
Chakardaha Halt,CRDA
Chakarlapalli,CPL
Chakarpur,CKK
Chakdaha,CDH
Chakdayala,CKDL
Chakeri,CHK
Chakia,CAA
Chakia Thermal H,BTPH
Chakiting,CFG
Chakkali Lai H,CKLT
Chakmakrand,CKRD
Chakra Road H,CKYD
Chakradharpur,CKP
Chakraj Mal,CAJ
Chakrakwala,CRWL
Chakrod,CKOD
Chaksafaura H,CKSR
Chaksu,CKS
Chakulia,CKU
Chakur,CKX
Chalakudi,CKI
Chalama,CMZ
Chalgeri,CLI
Chalisgaon Jn,CSN
Chalkhowa,CKW
Challakere,CHKE
Challavaripalle,CLPE
Chalsa Jn,CLD
Chalthan,CHM
Chamagram,CMX
Chamaraj,CJR
Chamarajanagar,CMNR
Chamarajapuram,CMJ
Champa,CPH
Champajharan,CJQ
Champaner Rd Jn,CPN
Champapur Halt,CPPR
Champion,CHU
Chamrola,CMR
Chamrua,CHRU
Chamua,CAMU
Chamunda Marg,CMMG
Chanakyapuri,CNKP
Chanchelav,CCL
Chand Bhan,CBX
Chand Siau,CPS
Chanda Fort,CAF
Chandan,CNDN
Chandan Nagar,CGR
Chandanattop,CTPE
Chandanpahari,CNPI
Chandanpur,CDAE
Chandar,CNR
Chandari,CNBI
Chandarwa,CDV
Chandauli Mjhwr,CDMR
Chandauna H,CNX
Chandausi Jn,CH
Chandawal,CNL
Chander Nagar H,CNJ
Chandera H,CDRA
Chanderiya,CNA
Chandeshwarsth,CDMA
Chandi,CNDI
Chandi Mandir,CNDM
Chandia Road,CHD
Chandigarh,CDG
Chandikhole Road,CIKR
Chandil Jn,CNI
Chandiposi,CPE
Chandisar,CDS
Chandkheda Road,CDK
Chandkhira Bagn,CHBN
Chandlodiya,CLDY
Chandni Chandni Chauk Cba,CDI
Chandod,CDD
Chandok,CNK
Chandpipar Halt,CAC
Chandra,CNRF
Chandragiri,CGI
Chandragiri Koppal H,CGKR
Chandrakona Rd,CDGR
Chandranathpur,CNE
Chandrapur,CD
Chandrapura,CRP
Chandresal,CDSL
Chandsara H,CXA
Chandur,CND
Chandur Bazar,CNDB
Changanaseri,CGY
Changotola,CGLA
Changrabandha,CBD
Changsari,CGS
Chanka Halt,CKHT
Channani,CHNN
Channapatna,CPT
Channarayapatna,CNPA
Channasandra,CSDR
Chanol,CX
Chanpatia,CAI
Chapaguri,CAPG
Chaparmukh Jn,CPK
Chaprakata,CPQ
Chaprawat H,CHWT
Charadu,CARD
Charali,CGF
Charamula Kusum,CJS
Charanmahadevi,SMD
Charaud,CRW
Charbatia,CBT
Charduar,CHOD
Charegaon,CRN
Charewan H,CWN
Chargola,CGX
Charhi,CHRI
Charkhari Road,CRC
Charkheda Khurd,CKKD
Charkhera,CRK
Charkhi Dadri,CKD
Charlapalli,CHZ
Charmal,CHAR
Charpokhari H,CRQ
Charvattur,CHV
Chas Road Ph,CAS
Chata,CHJ
Chatar,CTHT
Chataud,CATD
Chatra,CTR
Chatrapatti,CHPT
Chatrapur,CAP
Chatrapur Court Ph,CAPC
Chattar Hat,CAT
Chattriput,CTS
Chau Mahla,CMU
Chaube,CBH
Chaubepur,CBR
Chaubisi,CHBS
Chaudhuribandh,CDB
Chauhani,CAZ
Chauk,CHOK
Chaukhandi,CHH
Chauki Man,CKM
Chaunrah,CNH
Chaura,CUX
Chauradano,CAO
Chaurakheri,CRKR
Chaure Bazar,CHBR
Chauri Chaura,CC
Chausa,CSA
Chautara,CROA
Chauth Ka Brwra,CKB
Chavadipalayam,CVD
Chavaj,CVJ
Chavalkhede,CHLK
Chawapall,CHA
Chaygaon,CGON
Chebrol,CEL
Chedhabanni H,CDBN
Cheekateegalplm,CEM
Chegro,CEME
Chegunta,CGTA
Chemancheri,CMC
Chengalpattu,CGL
Chengannur,CNGR
Chengel,CGA
Chennai Beach,MSB
Chennai Central,MAS
Chennai Chetpat,MSC
Chennai Ctrl Suburban,MASS
Chennai Egmore,MS
Chennai Fort,MSF
Chennai Park,MPK
Cheppadu,CHPD
Cheriyanad,CYN
Cherukara,CQA
Cherukuvada,CKV
Cheruvumadhavaram,CVV
Chetar,CTQ
Chettinad,CTND
Chettiyarpatti,CII
Chhabra Gugor,CAG
Chhada,CHDX
Chhalesar,CHLR
Chhan Arorian,CHNR
Chhandrauli,CDRL
Chhanera,CAER
Chhansara,CASA
Chhanua,CHHU
Chhanva,CHNU
Chhapi,CHP
Chhapra,CPR
Chhapra Kacheri,CI
Chharodi,CE
Chharra,CHRA
Chhata Aschaura H,CATA
Chhataini,CTJ
Chhatapur Road,CTU
Chhatarpur,MCSC
Chhatna,CJN
Chhayapuri,CYI
Chheharta,CIA
Chhina,CHN
Chhindwara Jn,CWA
Chhintanwala,CTW
Chhipadohar,CPDR
Chhit Makandpur,CTMP
Chhota Ambona,CAM
Chhota Gudha,COD
Chhota Udepur,CTD
Chhotaki Masaudhi H,CKMI
Chhoti Odai,COO
Chhuchhapura Jn,CCP
Chhulha,CLF
Chianki,CNF
Chichaki,CCK
Chicholi,CCO
Chicholibuzurg H,CCBG
Chichonda,CCD
Chidambaram,CDM
Chigicherla,CCA
Chiheru,CEU
Chik Ballapur,CBP
Chik Banavar,BAW
Chikalthan,CTH
Chikana,CIKA
Chikasana,CIK
Chikhli,CKHS
Chikhli Road,CIO
Chikjajur Jn,JRU
Chikkabenakal,CKBK
Chikkamagalur,CMGR
Chikkandawadi H,CKVD
Chikna F,CKNA
Chikni Road,CKNI
Chikodi Road,CKR
Chiksugur,CK
Chilakalapudi,CLU
Chilbila Jn,CIL
Chilhia,CIH
Chilikidara,CLDR
Chilka,CLKA
Chilkahar,CHR
Chilo,CLO
Chiluvur,CLVR
Chilwariya,CLW
Chima Pahad,CMW
Chimidipalli,CMDP
Chinchli,CNC
Chinchpada,CPD
Chinchvad,CCH
Chingavanam,CGV
Chinna Ganjam,CJM
Chinna Salem,CHSM
Chinnadagudihundi H,CGHD
Chinnakote Halt,CNKH
Chinnaravuru,CIV
Chinnekuntapalli,CCI
Chinpai,CPLE
Chintakani,CKN
Chintalpalli,CLE
Chintaman Ganesh,CNN
Chintamani,CMY
Chintaparru H,CTPR
Chintpurni Marg,CHMG
Chiplun,CHI
Chipurupalle,CPP
Chirai,CHIB
Chiraidongri,CID
Chirailla Pauthu,CPBH
Chirakkal H,CQL
Chirala,CLX
Chirawa,CRWA
Chirayinkil,CRY
Chirgaon,CGN
Chirmiri,CHRM
Chirugoda,CHGA
Chit Baragaon,CBN
Chitahra,CTHR
Chital,CTL
Chitali,CIT
Chitgidda,CTF
Chithari Halt,CHIT
Chitoda,CHJC
Chitradurg,CTA
Chitrakootdham,CKTD
Chitrapur,CTTP
Chitrasani,CTT
Chitrawad,CTRD
Chitrod,COE
Chittapur,CT
Chittaranjan,CRJ
Chittaurgarh,COR
Chitteri,CTRE
Chittoor,CTO
Chityala,CTYL
Chodiala,CDL
Choki Sorath,CKE
Chola,CHL
Cholang,CGH
Chomun Samod,COM
Chondi,CWI
Chongajan,CJA
Chopan,CPU
Choral,CRL
Choranda Jn,CRND
Chorghatpiparia,CRE
Chorgi,CHRG
Chorvad Road,CVR
Choti Khatu,CTKT
Choupale,CUE
Chourari,CHUA
Chouvara,CWR
Chowhatta,CWT
Chowka Ghat,CKG
Chowrigacha,CWLE
Chromepet,CMP
Chuchela Kalan H,CLKN
Chuchura,CNS
Chuda,CDA
Chudawa,CRU
Chuhriwala Dhanna,CWDA
Chunar,CAR
Churaibari,CBZ
Churaman Nagri,CRG
Churaru Takarla,CHTL
Chureb,CRV
Churk,CUK
Churki,CHRK
Churu,CUR
Cinnamara,CMA
Clutterbuckganj,CBJ
Coimbatore Jn,CBE
Coimbatore Nrth,CBF
Colonelganj,CLJ
Cooch Behar,COB
Coonoor,ONR
Coromandel,COL
Cossimbazar,CSZ
Cuddalore Port,CUPJ
Cuddapah,HX
Cumbum,CBM
Cuttack,CTC
D A V College Jalalabad,DAVC
D A V College Jalandhar,DAVJ
D Cabin,DCAB
D Kurhma Naresh Halt,DKMN
D Samudravalli,DSVS
Dabhaura,DBR
Dabhoda,DBO
Dabhoi Jn,DB
Dabilpur,DBV
Dabla,DBLA
Dabli Rathan,DBI
Dabolim,DBM
Dabpal,DBF
Dabra,DBA
Dabtara,DUB
Dadar,DDR
Dadar,DR
Dadhal Inam,DHM
Dadhapara,DPH
Dadhdevi,DDV
Dadpur,DPX
Dadri,DER
Dagar Khedi,DRHI
Daghora,DAO
Dagmagpur,DAP
Dagori,DGS
Dagru,DAU
Dahanu Road,DRD
Dahapara Dham,DHPD
Dahar Ka Balaji,DKBJ
Dahegaon,DAE
Dahej,DHF
Dahgaon,DGX
Dahina Zainabad,DZB
Dahinsara Jn,DAC
Dahod,DHD
Dailwara,DWA
Dainhat,DHAE
Dakaniya Talav,DKNT
Dakhineswar,DAKE
Dakor,DK
Dal Chapra F,DCP
Daladi,DL
Dalan,DLF
Dalauda,DLD
Dalbhumgarh,DVM
Daldali,DLDE
Dalelnagar,DLQ
Dalgaon,DLO
Dalhousi Road,DLSR
Daliganj,DAL
Dalimgaon,DLX
Dalkolha,DLK
Dalli Rajhara,DRZ
Dalmau Jn,DMW
Dalmera,DLC
Dalpat Singhpur,DPT
Dalpatpur,DLP
Dalsanur,DNU
Dalsingh Sarai,DSS
Daltonganj,DTO
Dam Dim,DDM
Damalcheruvu,DCU
Damanjodi,DMNJ
Damay,DMYA
Damchara,DCA
Damnagar,DME
Damodar Jn,DMA
Damoh,DMO
Damrughutu,DRGU
Danapur,DNR
Danauli Phlwria,DPL
Dandimal Ph,DNDL
Dandkhora,DNQ
Dandu Gopalapurarn H,DGB
Danea,DNEA
Dangari,DNGI
Dangarwa,DNW
Dangidhar,DGD
Dangoaposi,DPS
Dangtal,DTX
Danishpet,DSPT
Daniyawan Bzr H,DNWH
Daniyawan F,DHWN
Dankaur,DKDE
Dankuni,DKAE
Danre,DANE
Dantan,DNT
Dantewara,DWZ
Dantia,DTF
Dantra,DTRA
Danwar,DAR
Daotuhaja,DJA
Dapodi,DAPD
Dappar,DHPR
Dapsaura,DPSR
Dara,DARA
Darasuram,DSM
Darauli,DRV
Darazpur,DZP
Darbhanga Jn,DBG
Darekasa,DKS
Darimeta,DDMT
Dariyaganj,DAYG
Darjeeling,DJ
Darliput,DPC
Darritola,DTL
Darshannagar,DRG
Daryabad,DYD
Daryaogonj,DRO
Daryapur,DYP
Dasampatti,DST
Dasara,DSME
Dasharathpur,DRTP
Daskalgram,DLM
Dasna,DS
Daspalla,DSPL
Dasuya,DZA
Datarda Kalan,DTQ
Datewas,DTW
Datia,DAA
Dativli Cabin,DTVL
Dattapukur,DTK
Daud Khan,DAQ
Daudpur,DDP
Daulatabad,DLB
Daulatpur Chowk,DLPC
Daulatpur Haryana,DULP
Daulatpur Hat,DLPH
Daulta,DLA
Daun Kalan,DOC
Daund Chord Line,DDCC
Daund Jn,DD
Daundaj,DNJ
Daurai,DOZ
Daurala,DRLA
Dauram Madhpura,DMH
Dausa,DO
Dausni,DSNI
Davangere,DVG
Davol,DOW
Daya Basti,DBSI
Dayalpur,DLPR
Dayanand Nagar,DYE
Debagram,DEB
Debari,DRB
Debipur,DBP
Debrabandhauli H,DBLI
Deedar Ganj,DDGJ
Deedwana,DDWA
Deeg,DEEG
Deen Dayal Dham,DDDM
Deenapatti,DEPI
Deepnagar H,DPNR
Degana Jn,DNA
Dehradun,DDN
Dehri On Sone,DOS
Dehu Road,DEHR
Dekargaon,DKGN
Dekpura H,DKR
Delang,DEG
Delhi,DLI
Delhi Azadpur,DAZ
Delhi Cantt,DEC
Delhi Indrapuri H,DLPI
Delhi Kishangnj,DKZ
Delhi S Rohilla,DEE
Delhi Safdarjng,DSJ
Delhi Shahdara,DSA
Delhi Shahdara A Pan,DSAP
Delvada,DVA
Demu,DEMU
Denduluru,DEL
Deo Road,DORD
Deobahal,DOBH
Deoband,DBD
Deogan Road,DFR
Deoghar,DGHR
Deojhar,DJHR
Deokali,DEO
Deoli,DELI
Deonagar,DNH
Deoragram,DRGM
Deoraha Baba Road H,DRBR
Deorakot,DELO
Deoranian,DRN
Deori,DOE
Deoria Sadar,DEOS
Deotala,DOTL
Depalsar,DEP
Depur Ph,DPUR
Derababa Nanak,DBNK
Dergaon H,DGNH
Derol,DRL
Derowan P. H.,DRWN
Desang,DSX
Desari,DES
Deshapran P H,DSPN
Deshnok,DSO
Desur,DUR
Deswal,DSL
Det,DET
Detroj,DTJ
Deulti,DTE
Devakottai Road,DKO
Devalgaon Auchr,DAV
Devanahalli,DHL
Devangonthi,DKN
Devanur,VNR
Devarapalli,DPE
Devarayi,DEV
Devargudda,DAD
Devarkadre,DKC
Devbaloda Chrda,DBEC
Devgam,DVGM
Devi Halt,DVH
Deviganj,DGZ
Devlali,DVL
Devpura,DPZ
Devri Ph,DRPH
Devthana H,DVN
Dewalgaon,DEW
Dewan Hat,DWT
Dewanganj,DWG
Dewas,DWX
Dgbh,DGBH
Dhaban,DABN
Dhabauli Halt,DHBI
Dhablan,DBN
Dhachna,DHNA
Dhaipukhuri,DHRY
Dhaka,DAKA
Dhaka Cantt,DACT
Dhakia Tiwari H,DOT
Dhalaibil,DQL
Dhalgaon,DLGN
Dhamalgaon,DMGN
Dhamangaon,DMN
Dhamara Ghat,DHT
Dhamdhamia,DDX
Dhamni,DNE
Dhamora,DAM
Dhampur,DPR
Dhamtan Sahib,DTN
Dhamtari,DTR
Dhana Kherli,DXK
Dhana Ladanpur,DZL
Dhanakwada,DKW
Dhanakya,DNK
Dhanapur Orissa,DIR
Dhanari,DN
Dhanauri,DNRE
Dhanbad Jn,DHN
Dhandari Kalan,DDL
Dhandhera,DNRA
Dhandhuka,DCK
Dhanera,DQN
Dhaneta,DAN
Dhang,DAG
Dhangaria Ph,DGF
Dhaniachha,DCX
Dhanmandal,DNM
Dhanoli Ph,DNL
Dhanora Deccan,DHNR
Dhanpatdih,DPDH
Dhansimla Ph,DIM
Dhansiri,DSR
Dhansu,DNX
Dhansura,DNUA
Dhanuvachapuram,DAVM
Dhapewara,DPW
Dharakhoh,DHQ
Dharampur,DMPR
Dharamtul,DML
Dharangaon,DXG
Dharashiv,DRSV
Dhareshwar,DRS
Dharewada,DRW
Dharhara,DRH
Dhariwal,DHW
Dharmabad,DAB
Dharmadam H,DMD
Dharmanagar,DMR
Dharmapuri,DPJ
Dharmavaram Jn,DMM
Dharminiya H,DRQ
Dharmkundi,DKI
Dharmpur Hmchl,DMP
Dharnaoda,DHR
Dharodi,DHY
Dharuadihi,DIH
Dharur,DRR
Dharwar,DWR
Dhasa Jn,DAS
Dhatrigram,DTAE
Dhatura Alipur,DTAP
Dhaulimuhan,DLMH
Dhaulpur,DHO
Dhaulpur,DHOA
Dhauni,DWLE
Dhaura,DUA
Dhaurmau Jaghina,DUM
Dhaursalar H,DUO
Dheena,DHA
Dhekiajili Road,DKJR
Dhekvad,DWD
Dhemaji,DMC
Dhengli Pp Goan,DGPP
Dhenkanal,DNKL
Dhigawara,DGW
Dhilwan,DIW
Dhimsiri Halt,DMSR
Dhinda,DHND
Dhindhora Hkmkd,DNHK
Dhindsa,DDK
Dhing,DIU
Dhing Bazar,DBZ
Dhinoj,DHJ
Dhirera,DHRR
Dhirganj,DHRJ
Dhirpur,DPP
Dhoda Khedi,DHKR
Dhodhar,DOD
Dhodra Mohar,DOH
Dhoki,DKY
Dhola Jn,DLJ
Dhola Mazra,DHMZ
Dholbaza,DLZ
Dholi,DOL
Dholi Bhal,DIBL
Dholikuva,DOLK
Dholipal,DPK
Dholka,DOK
Dhondha Dih,DDD
Dhondi,DNDI
Dhone,DHNE
Dhoraji,DJI
Dhrangadhra,DHG
Dhuankheri,DKRA
Dhubri,DBB
Dhubulia,DHU
Dhule,DHI
Dhulian Ganga,DGLE
Dhulkot,DKT
Dhupdhara,DPRA
Dhupguri,DQG
Dhurana,DHRN
Dhurant Jwas H,DJS
Dhuri Jn,DUI
Dhurwasin,DRSN
Dhutra,DTV
Dhuwala,DWL
Dibai,DIB
Diblong,DBLG
Dibnapur H,DBNR
Dibrugarh,DBRG
Dibrugarh Town,DBRT
Dichpalli,DHP
Didarganj Road,DJD
Didwana,DIA
Digaru,DGU
Digboi,DBY
Digha Flag Stn,DGHA
Digha H,DGHT
Dighal,DGHL
Dighwa Dubauli,DWDI
Dighwara,DGA
Digod,DXD
Digsar,DXR
Diguvametta,DMT
Digwar Halt,DIWR
Dihakho,DKE
Dikom,DKM
Dilawarnagar,DIL
Dildarnagar Jn,DLN
Dillidewanganj,DVJ
Dilmili,DMK
Dilwa,DLW
Dimapur,DMV
Dina Nagar,DNN
Dindigul Jn,DG
Ding,DING
Dingwai,DWI
Dinhata,DHH
Dinhata College H,DCH
Dinkar Gram Simaria,DKGS
Diphu,DPU
Diplana,DPLN
Dipore,DIP
Disa,DISA
Ditokcherra,DTC
Diva,DIVA
Divine Nagar,DINR
Diviti Palli,DTP
Diwana,DWNA
Diwankhavati,DWV
Diyatara Road,DTRD
Diyawan H,DYW
Diyodar,DEOR
Diyuri H,DYU
Dobbspet H,DBS
Dobh Bahali,DBHL
Dobhi H,DHE
Dodaanatta Halt,DTT
Dodballapur,DBU
Dodbele,DBL
Doddampatti,DPI
Dodh,DODH
Dodjala H,DJL
Dohna,DOX
Dohrighat,DIT
Dohru,DXU
Doikallu,DKLU
Doiwala,DWO
Dokra H,DOKM
Dokur,DKUR
Dokwa,DKWA
Dombivli Control Cabin,DDCL
Domingarh,DMG
Domohani,DOI
Donakonda,DKD
Dondaicha,DDE
Dongargaon,DGN
Dongargarh,DGG
Dongri Buzurg,DGBZ
Donkinavalasa,DNV
Donta,DON
Doraha,DOA
Doravart Chtram,DVR
Dornahalli,DOY
Dornakal Jn,DKJ
Dosapadu,DPD
Dr Ambedkar Ngr,DADN
Draksharama,DKSA
Dsks Nagar Garhpura,DSKG
Dubaha,DUBH
Dubia,DBW
Dubrajpur,DUJ
Dudahi,DUE
Duddeda,DDDA
Duddhinagar,DXN
Dudhani,DUD
Dudhaunda H,DDNA
Dudhia Khurd,DYK
Dudhnoi,DDNI
Dudhwakhara,DKX
Dudia,DUK
Dudwa,DDW
Dudwindi,DDY
Duganpur,DUN
Dugda,DDGA
Dugdol,DGQ
Duggirala,DIG
Duhai,DXH
Dukheri,DOKY
Dulakhapatna Ph,DLPT
Dulariya,DRA
Duliajan,DJG
Dullabcherra,DLCR
Dullahapur,DLR
Dulrasar,DUS
Dum Dum,DDJ
Dum Dum Cant,DDC
Dum Duma Town,DUT
Dumariya,DY
Dumdangi,DMZ
Dumetra,DMF
Dumka,DUMK
Dumra,DUMR
Dumraon,DURE
Dumri Bihar,DMBR
Dumri Halt,DMRX
Dumri Juara,DRI
Dumri Khurd,DKU
Dumurdaha,DMLE
Dumuriput,DMRT
Dundara,DOR
Dundi,DDCE
Dundlod Mkdgrh,DOB
Dungar Jn,DGJ
Dungarda,DNGD
Dungarpur,DNRP
Dungri,DGI
Dungripali,DJX
Dupadu,DUU
Duraundha Jn,DDA
Durg,DURG
Durgachak Town,DZKT
Durgada Gate,DGDG
Durganagar F,DGNR
Durgapur,DGR
Durgapura,DPA
Durgapuri,DURP
Durgauti,DGO
Duriatanr Halt,DUTR
Duroji,DAJ
Dusi,DUSI
Duskheda,DSK
Duvri Kalan,BARD
Duvvada,DVD
Dwarapudi,DWP
Dwarka,DWK
Dwarkaganj,DWJ
Edamann,EDN
Edapalayam Halt,EDP
Edavai,EVA
Edduladoddi,EDD
Egattur,EGT
Ekambarakuppam,EKM
Ekangarsarai,EKR
Ekchari,EKC
Ekdil,EKL
Eklakhi,EKI
Ekma,EKMA
Eksari,EKH
Ekta Nagar,EKNR
Elamanur,EL
Elattur,ETR
Elavur,ELR
Elimala,ELM
Ellamanchili,YLM
Ellenabad,ENB
Eluru,EE
Ennore,ENR
Eraligul,ELL
Eraniel,ERL
Erich Road,ERC
Eriodu,EDU
Ernakulam Jn,ERS
Ernakulam Town,ERN
Erode Jn,ED
Errupalem,YP
Etah,ETAH
Etakkot,ETK
Etawah,ETW
Etmadpur,ETUE
Ettapur Road,ETP
Ettimadai,ETMD
Ettumanur,ETM
Ezhukone,EKN
Ezhupunna,EZP
Faizullapur,FYZ
Fakharpur H,FAP
Fakhrabad,FKB
Fakiragram Jn,FKM
Falakata,FLK
Falimari,FLM
Falna,FA
Faqarsar,FSR
Farah,FAR
Farhantnagar,FRH
Farhedi H,FRD
Faridabad,FDB
Faridabad Nw Tn,FDN
Faridaha,FRDH
Faridkot,FDK
Farrukhabad,FBD
Farukhnagar,FN
Fateh Singhpura,FSP
Fateh Singhwala,FSW
Fateha H,FAH
Fatehabad,FAB
Fatehabad Ch.Jn,FTD
Fatehgarh,FGR
Fatehgarh Churian,FGCN
Fatehgarh Haryana,FGH
Fatehgarh Sahib,FGSB
Fatehnagar,FAN
Fatehpur,FTP
Fatehpur Atwa Halt,FPAW
Fatehpur Chaurasi,FTC
Fatehpur Makrandpur,FPMP
Fatehpur Sikri,FTS
Fatehpur Skhwti,FPS
Fatuha Jn,FUT
Fatuhi,FTH
Fazalpur,FZL
Fazilka,FKA
Ferok,FK
Ferozeshah,PHS
Firozabad,FZD
Firozpur Cant,FZR
Firozpur City,FZP
Forbesganj,FBG
Fungo H,FNO
Furkating Jn,FKG
Fursatganj,FTG
G Cabin,GCAB
G Gorkhnath Dhm,GUGD
G Pochampalli,GDPL
G Ramachandrapur,GRCP
Gachhipura,GCH
Gadadharpur,GHLE
Gadag Jn,GDG
Gadarwara,GAR
Gadhakda,GKD
Gadhwala,GDW
Gadiganuru,GNR
Gadra Road,GDD
Gadwal,GWD
Gagariya,GGY
Gahlota,GLTA
Gahmar,GMR
Gahri Bhagi,GHB
Gaigaon,GAO
Gaighat Halt,GIHT
Gainjahwa,GAW
Gainsari Jn,GIR
Gaipura,GAE
Gaisal,GIL
Gajapatinagaram,GPI
Gajara Bahara,GAJB
Gajjelakonda,GJJ
Gajner,GJN
Gajraula Jn,GJL
Gajsinghpur,GJS
Gaju H,GAJU
Gajuwala H,GJW
Gajwel,GJWL
Galan,GAA
Galgalia,GAGA
Galsi,GLI
Galudih,GUD
Gamani,GAMN
Gambhiri Road,GRF
Gamharia,GMH
Ganagapur Road,GUR
Ganaur,GNU
Gandevi,GNV
Gandhi H,GNHI
Gandhi Park Halt,GPBN
Gandhi Smrak Rd,GSX
Gandhidham Bg,GIMB
Gandhigram,GG
Gandhinagar Cap,GNC
Gandhinagar Jpr,GADJ
Gandhipuram Halt,GHPU
Gandhismriti,GNST
Ganeshganj,GAJ
Ganga Dham,GADM
Ganga Sahai H,GGSY
Gangadhara,GGAR
Gangadhara,GDRA
Gangadharpur,GNGD
Gangaganj,GANG
Gangagarh H,GGG
Gangaghat,GAG
Gangaikondan,GDN
Gangajhari,GJ
Gangakher,GNH
Ganganapalle,GGNP
Gangania,GNNA
Gangapur City,GGC
Gangarampur,GRMP
Gangatikuri,GGLE
Gangatola,GNGT
Gangauli H,GNGL
Gangavaram,GVMH
Gangavathi,GGVT
Gangayaplle,GPY
Gangineni,GNN
Gangiwara,GNW
Gangpur,GRP
Gangrar,GGR
Gangraul H,GNRL
Gangsar Jaitu,GJUT
Ganguwada,GVA
Gangwa Pur H,GWP
Gangwara Halt,GGWA
Gani Dham H,GIF
Ganj Basoda,BAQ
Ganj Dundwara,GWA
Ganj Kwaja,GAQ
Ganjam,GAM
Ganjmuradabad,GJMB
Gankar,GALE
Gankhera,GKT
Gannaghatta,GJT
Gannavaram,GWM
Gaon Baroda,GNBA
Garea Bihar,GRBH
Garh Banali,GBN
Garh Baruari,GEB
Garh Dhrubbeswar,GRB
Garh Jaipur,GUG
Garha,GARA
Garha Goods Shed,GGGS
Garhani,GQN
Garhara,GHX
Garhbeta,GBA
Garhi,GRHI
Garhi Beri,GBPM
Garhi Harsaru,GHH
Garhi Manikpur,GRMR
Garhi Sandra,GIS
Garhmau,GRM
Garhmuktesar,GMS
Garhmuktesar Br,GGB
Garhnokha,GNK
Garhshankar,GSR
Garhwa,GHQ
Garifa,GFAE
Garividi,GVI
Garjee,JRJE
Garkha F,GRAK
Garla,GLA
Garladinne,GDE
Garmadi,GM
Garna Sahib,GSB
Garobigha H,GBHA
Garopara,GRU
Garot,GOH
Garpos,GPH
Garra,GRHX
Garsanda,GSDH
Garudubilli,GRBL
Garwa Road,GHD
Gatora,GTW
Gatra,GRJ
Gauchhari,GAI
Gaudgaon,GDGN
Gauntra,GNTR
Gaur,GAUR
Gaura,GRX
Gauri Bazar,GB
Gauri Shri Ram H,GSRM
Gauribidanur,GBD
Gauriganj,GNG
Gauripur,GUP
Gauriyamau,GMU
Gaushala,GWS
Gautam Sthan,GTST
Gautamdhara,GATD
Gautampura Road,GPX
Gawada Malosan,MLNR
Gawnaha,GAH
Gaya Jn,GAYA
Gayabari,GBE
Gazika,GZKA
Gazole,GZO
Gazulapalli,GZL
Gegal Akhri,GEK
Geong H,GXG
Geratpur,GER
Gerita Kolvada,GTKD
Getor Jagatpura,GTJT
Gevra Road,GAD
Ghadela,GELA
Ghagghar,GHG
Ghaghara Ghat,GHT
Ghaghra,GHAA
Ghagwal,GHGL
Ghal Kalan,GKX
Ghallu,GHLU
Ghanauli,GANL
Ghanpur,GNP
Ghantikhal Ndpr,GHNH
Gharaunda,GRA
Gharyala,GYL
Ghasara H,GHSR
Ghaso,GSO
Ghat Nandur,GTU
Ghat Parasia,GPSA
Ghat Pindrai,GPC
Ghataka Varana,GKB
Ghatala,GAL
Ghatampur,GTM
Ghataro,GTHT
Ghatera,GEA
Ghatigaon,GHAI
Ghatkesar,GT
Ghatoli,GATL
Ghatprabha,GPB
Ghatpuri,GTP
Ghatsila,GTS
Ghausganj,GSGJ
Ghaziabad,GZB
Ghazipur City,GCT
Ghazipur Ghat F,GZT
Ghevra,GHE
Ghiala,GILA
Ghoga,GGA
Ghogardiha,GGH
Ghogi Bariarpur,GIBP
Ghograpar,GOE
Ghoksadanga,GDX
Gholvad,GVD
Ghonsor,GNS
Ghoradongri,GDYA
Ghorasahan,GRH
Ghorawadi,GRWD
Ghorghat,GOG
Ghori H,GHRI
Ghormara,GRMA
Ghorparan,GHN
Ghoshawar,GWH
Ghosi,GSI
Ghosipura,GOPA
Ghosrana,GOS
Ghosunda,GSD
Ghoti,GO
Ghudankhapa,GDKP
Ghughuli,GH
Ghum,GHUM
Ghunas H,GUNS
Ghunghuti,GGT
Ghunwara,GNWA
Ghusia Halt,GAHT
Ghusia Kalan Halt,GSK
Ghutai,GTI
Ghutku,GTK
Giani Zail Singh Sandhwan,GZS
Gidam,GIZ
Gidarpindi,GOD
Giddalur,GID
Giddarbaha,GDB
Gidhaur,GHR
Gidhni,GII
Gidnahali,GDH
Gill,GILL
Ginigera,GIN
Gir Gadhara,GEG
Gir Hadmatiya,GRHM
Girdharpur,GIW
Giridih,GRD
Girimaidan,GMDN
Girwar,GW
Goaldih,GADH
Goalpara Town,GLPT
Gobardanga,GBG
Gobarwahi,GBRI
Gobindpur Dugauli H,GOX
Godamgura,GDQ
Godapiasal,GSL
Godavari,GVN
Godbhaga,GBQ
Godda,GODA
Godha,GDHA
Godhaneswar,GS
Godhani,GNQ
Godhra Jn,GDA
Gogameri,GAMI
Gogamukh,GOM
Gogi Pothia,GPE
Gohad Road,GOA
Gohana,GHNA
Gohari Gram Halt,GIG
Gohpur,GPZ
Goilkera,GOL
Goindwal Sahib H,GWSB
Gojhariya,GJR
Gokak Road,GKK
Gokalgarh,GKG
Gokarna Road,GOK
Gokhula,GKA
Gokulnagar H,XGN
Gokulnagar Joypur,GNJP
Gokulpur,GKL
Gokulpur Saboli Halt,GPSL
Gola Gokaranath,GK
Gola Road,GRE
Golabai Ph,GLBA
Golaghat,GLGT
Golakganj Jn,GKJ
Golana,GLNA
Golanthra,GTA
Golapatti,GTY
Goldinganj,GJH
Gole,GOLE
Golehwala,GHA
Golhalli,GHL
Gollapally,GLY
Gollaprolu,GLP
Golsar,GOZ
Gomangalam,GMGM
Gomati Nagar,GTNR
Gomta,GTT
Gond Umri,GMI
Gonda Jn,GD
Gonda Kachahri,GDK
Gondal,GDL
Gondia Jn,G
Gondwali,GNDI
Gondwanavisapur,GNVR
Goneana Bhai Jagta,GNA
Gongle,GNL
Goods Marshalling Yard,GMC
Goonda Bihar,GDBR
Gooty Fort,GYF
Gooty Jn,GY
Gop Jam,GOP
Gopalapatnam,GPT
Gopalganj,GOPG
Gopalpur,JDGP
Gopalpur Balikuda,GBK
Gopalpurgram,GPLG
Gopinathjew Banikund,GNJB
Gopinathpur Nilgiri,GPNB
Gopinathpur Ph,GOR
Gorakhnath,GRKN
Gorakhpur Cant,GKC
Gorakhpur Jn,GKP
Goram Ghat,GGO
Gorapur,GPJ
Goraul,GRL
Goraya,GRY
Goregaon Road,GNO
Goresuar,GVR
Gorinja,GRJA
Goriyan,GIO
Gorphar,GRR
Gorumahisani,GUMI
Gosaingram,GSGB
Gosalpur,GSPR
Goshainganj,GGJ
Gossaigaon Hat,GOGH
Got H,GOT
Gotan,GOTN
Gothaj,GTE
Gothangam,GTX
Gotlam,GTLM
Gotra,GTRA
Gottihalli Halt,GKV
Gour Malda,GZM
Gourinathdham,GTD
Goverdhan,GDO
Govindgarh,GVH
Govindgarh,GVG
Govindgarh Khokhar,GGKR
Govindgarh Malk,GND
Govindi Marwar,GVMR
Govindnagar,GOVR
Govindpur Ph,GVDP
Govindpur Road,GBX
Govindpuri,GOY
Gowdavalli,GWV
Gram Kharika H,GKHT
Gram Masagram,GMMG
Gramdadpur,GMDP
Gua,GUA
Guagachha,GSA
Gubbi,GBB
Gudgeri,GDI
Gudha,GA
Gudimetta,GMA
Gudipudi,GPDE
Gudivada Jn,GDV
Gudiyattam,GYM
Gudlavalleru,GVL
Gudma,GDM
Gudru Halt,GDU
Gudum,GUDM
Gudupulli,GDP
Gudur Jn,GDR
Guduvancheri,GI
Gugalwa Kirtan H,GLKN
Guindy,GDY
Guir Sarang Ph,GSQ
Gujhandi,GJD
Gujran Balwa H,GLBN
Gulabhganj,GLG
Gulabpura,GBP
Gulaothi,GLH
Gulapalyamu,GPU
Gularbhoj,GUB
Guldhar,GUH
Guledagudda Rd,GED
Guler,GULR
Gullaguda,GGD
Gullipadu,GLU
Gulma,GLMA
Gulzarbagh,GZH
Guma,GUMA
Gumada,GMDA
Gumani,GMAN
Gumanihat,GUZ
Gumgaon,GMG
Gumia,GMIA
Gumman,GMM
Gummandev,GME
Gummidipundi,GPD
Gumtali,GTQ
Gumthal,GTF
Gumto,GMTO
Guna,GUNA
Gundalukamma,GKM
Gundardehi,GDZ
Gundratimadugu,GUU
Guneru Bamori,GVB
Gunja,GUJ
Gunjaria,GEOR
Gunji,GNJ
Gunrajpur Dhama H,GNDM
Guntakal Jn,GTL
Guntakoduru,GUK
Guntur Jn,GNT
Gunupur,GNPR
Guptipara,GPAE
Guramkhedi,GMD
Gurap,GRAE
Guraru,GRRU
Gurdaspur,GSP
Gurgaon,GGN
Gurha Kemla,GRKA
Gurhanwa F,GRNA
Guriya,GRI
Gurla,GQL
Gurli Ramgarhwa,GRRG
Gurmura,GMX
Gurnay,GRN
Gurpa,GAP
Gurra,GRO
Gursahaiganj,GHJ
Gursar Shnewala,GSW
Gurthuri,GRZ
Guru Harsahai,GHS
Gurudijhatia,GJTA
Gurujala,GZA
Guruvayur,GUV
Guskara,GKH
Guwahati,GHY
Guwarighat,GRG
Gwalior,GWL
Gwalior Ng,GWO
Gyanpur Road,GYN
H Nizamuddin,NZM
H Sahib Nanded,NED
Habaipur,HWX
Habanghatta,HHT
Habaspur,HPUR
Habibwala,HBW
Habra,HB
Hadala Bhal,HLB
Hadapsar,HDP
Haddinagundu,HDD
Hadgon Road,HDGR
Hadiaya,HYA
Hadmadiya,HRM
Hadmatiya Jn,HM
Hadobhangi Ph,HBF
Hadyal,HYL
Hafizpeta,HFZ
Hafizpur,HZR
Hagari,HGI
Haiaghat,HYT
Haibargaon,HBN
Haidarnagar,HDN
Haidergarh,HGH
Hailakandi,HKD
Hajipur Jn,HJP
Hakimpur,HKP
Halbarga,HBU
Haldaur,HLDR
Haldharpur F,HLP
Haldi Road,HLDD
Haldia,HLZ
Haldibari,HDB
Haldipada,HIP
Haldiya Bihar H,HOD
Haldwani,HDW
Halisahar,HLR
Haliyuru H,HLV
Halligudi,HAG
Hallikhed,HLKH
Hallikhed K,HLKK
Hallikhed K,HIKD
Haludpukur,HLD
Halvad,HVD
Hamarapur,HMRR
Hamiltonganj,HOJ
Hamira,HMR
Hamiratti Ph,HAM
Hamirgarh,HMG
Hamirpur Road,HAR
Hampapatnam,HPM
Hampapura,HPA
Hamre,HME
Hamsavaram,HVM
Hanakere,HNK
Hanamapur,HAPR
Handapa,HNPA
Handia Khas,HDK
Hansara,HNR
Hansdiha,HSDA
Hansi,HNS
Hansiawas,HSWS
Hanspura,HNU
Hanuman Station,HNMN
Hanumanahali H,HNH
Hanumangarh Jn,HMH
Hanumangarhtown,HMO
Hanumapura,HPH
Hanwant,HWT
Hapa,HAPA
Hapa Road,HPRD
Hapur,HPU
Harangul,HGL
Haranya Kheri,HKH
Harauli Fatehpur,HUFP
Harauni,HRN
Harchandpur,HCP
Harda,HD
Hardas Bigha,HDE
Hardattpur,HDT
Hardoi,HRI
Hardorawal,HDWL
Hardua,HDU
Harduaganj,HGJ
Hargaon,HA
Harhar Fatehpur,HHP
Harichandanpur,HCNR
Haridaspur,HDS
Haridwar Jn,HW
Harihar,HRR
Harinagar,HIR
Harinsing,HRNS
Harippad,HAD
Haripur,HP
Haripurgram Ph,HPGM
Harischandrpur,HCR
Harishanker Rd,HSK
Harishchandrapuram Ph,HCM
Harisinga,HRSN
Harkia Khal,HKL
Harlapur,RLP
Harlatanr,HRLT
Harlaya,HRLI
Harmuti,HMY
Harnagar,HRGR
Harnahalli H,HNHL
Harnaut,HRT
Harpalganj,HRPG
Harpalpur,HPP
Harpalu,HR
Harpanhallli,HPHI
Harpati,HPI
Harpur Bochaha,HBP
Harpur Nag,HRNG
Harrad,HRV
Harrawala,HRW
Harri,HRB
Harsana Kalan,HNN
Harsar Dehri,HRDR
Harsauli,HSI
Harsinghpur Goba,HSY
Harsingra Halt,HRSG
Harthala,HRH
Harubera,HRBR
Harwada,HAA
Hasan Bazar Station Halt,HBSH
Hasanbazar H,HSB
Hasanparthi Rd,HSP
Hasanpur Road,HPO
Hasimara,HSA
Hassan,HAS
Hastavarmu,HAQ
Hathbandh,HN
Hathidah Jn,HTZ
Hathidah Upper,HTZU
Hathigadh,HTGR
Hathras City,HTC
Hathras Jn,HRS
Hathras Kila,HRF
Hathras Road,HTJ
Hathua,HTW
Hathuran,HAT
Hati,HATI
Hatia,HTE
Hatibari,HATB
Hatikhali,HTL
Hatkanagale,HTK
Hatnapur,HTN
Hatola,HTLA
Hatpuraini,HPLE
Hatta Road,HTT
Hatundi,HTD
Hatwar,HWR
Haur,HAUR
Haveri,HVR
Hazaribagh Rd,HZD
Hazaribagh Town,HZBN
Hazratnagar H,HZN
Hbl Nagar,HBLN
Hebbal,HEB
Hebsur,HBS
Heelalige,HLE
Heggere H,HEI
Hehegara H,HHG
Hejjala,HJL
Helak,HK
Helem,HML
Hemagiri,HGR
Hempur,HMP
Hendegir,HNDR
Hendlaso Bhokta Bagicha,HBB
Her,HER
Heria P H,HEN
Hesalong Fs,HNSL
Hetampur,HET
Hgribomanahalli,HBI
Hijilli,HIJ
Hilara,HLX
Hillar Shahabad Halt,HRSB
Hilsa,HIL
Himayatnagar,HEM
Himmatana,HMI
Himmatnagar,HMT
Himmatpura,HMQ
Hinauta Ramban,HNM
Hind,HIND
Hind Motor,HMZ
Hindaun City,HAN
Hindol Road,HND
Hindu College,HC
Hindumalkote,HMK
Hindupur,HUP
Hinganghat,HGT
Hingoli Deccan,HNL
Hinotia Pipalkhera,HPKA
Hira Nagar,HRNR
Hirakud,HKG
Hirangaon,HNG
Hirapur,HPR
Hirdagarh,HRG
Hirdamali,HDM
Hire Shellikeri,HESK
Hirehalli,HHL
Hirenanduru,HQR
Hirisave,HISE
Hirnawali,HLW
Hirnoda,HDA
Hirodih,HRE
Hisar,HSR
Hisua,HIS
Hisvahal,HSL
Hitnal,HTNL
Hiwarkhed,HIVR
Hiwarkhed,HKR
Hodal,HDL
Hojai,HJI
Hol,HOL
Holalkere,HLK
Holambi Kalan,HUK
Hole Alur,HLAR
Hole Narsipur,HLN
Hombal,HBL
Honaganahalli H,HOH
Honnavalli Road,HVL
Honnavar,HNA
Hoodi Halt,HDIH
Hooghly,HGY
Hooghly Ghat,HYG
Hosa Agrahara,HAH
Hosdurga Road,HSD
Hoshiarpur,HSX
Hospet Jn,HPT
Hosur,HSRA
Hotgi,HG
Howbadh Jablpur,HBG
Howrah Jn,HWH
Hridaypur,HHR
Hubballi Jn,UBL
Hudukula,HUD
Hugrajuli,HJLI
Hulkoti,LKT
Humma,HMA
Humnabad,HMBD
Hundur Halt,HUDU
Hunsenahalli,HUN
Hunsihadgil,HHD
Huppuguda,HPG
Hurmujpur H,HMPR
Husainpur,HSQ
Hyderabad Decan,HYB
Ib,IB
Ibrahimpur,IMR
Ichangadu Halt,ICGH
Ichauli,ICL
Ichchangadu,ICG
Ichchpuram,IPM
Ichhapur,IP
Idalhond,IDJ
Idaplli,IPL
Idgah Agra Jn,IDH
Igatpuri,IGP
Ikdori,IKD
Ikkar,IKK
Iklehra,IKR
Ikran,IK
Illoo,ILO
Imampuram,IMAM
Imli,IMLI
Imlibigha Halt,IMBG
Inchhapuri,IHP
Indalvai,IDL
Indapur,INP
Indara Jn,IAA
Indargarh,IDG
Indas Ph,INS
Indemau,IDM
Indi Road,IDR
Indore Jn Bg,INDB
Indrabil,IBL
Indupalli,IDP
Ingorala,IGRL
Ingur,IGR
Innanje,INJ
Intakanne,INK
Intiyathok,ITE
Ippuguda,IPG
Ipurupalem,IPPM
Iqbal Gadh,IQG
Iqbalpur,IQB
Iradatganj,IDGJ
Iranagallu,EGU
Iravipuram,IRP
Irgaon P H,IRN
Iringal H,IGL
Irinjalakuda,IJK
Irugur,IGU
Isand,EN
Isarda,ISA
Isarwara,ISH
Ishanagar,ISHN
Ishapur Kheri Halt,ISRI
Ishardaspur,IDS
Isivi,ESV
Islampur,IPR
Ismaila Haryana,ISM
Ismailpur,IMGE
Israna H,IRA
Itarsi Jn,ET
Itaunja,IJ
Itehar,AAH
Itky,ITKY
Itkyala,IKI
Itola,ITA
Izzatnagar,IZN
Jabalpur,JBP
Jabalpur Jn,JBPN
Jabbalgudda,JBGD
Jabri,JBX
Jabugam,JBU
Jadcherla,JCL
Jadoli Ka Bas,JBS
Jadrama Kunti,JRKT
Jafarganj,JFG
Jagadal,JGDL
Jagadhri Wshop,JUDW
Jagadishpur,JGD
Jagannath Temple Gate,JGE
Jagannathapur,JNP
Jagatbela,JTB
Jagdalpur,JDB
Jagdevwala,JDL
Jagdishpur,JDPR
Jagdishpur,JDPT
Jagdishpur A Halt,JPAH
Jagesharganj,JGJ
Jagi Road,JID
Jagityal Lingampet,LPJL
Jagjvan H,JGWL
Jagnathji Road,JNX
Jagraon,JGN
Jagudan,JDN
Jahanabad Couirt F,JHDC
Jahangirabad Raj,JBR
Jahanikhera,JKH
Jai Jai Wanti,JJT
Jai Prakash Mahuli H,JPML
Jai Samand Road,JYM
Jaicholi,JCU
Jaijon Doaba,JJJ
Jaimurtinagar F,JMM
Jaintipura,JNT
Jaipur,JP
Jairamnagar,JRMG
Jais,JAIS
Jais City,JAIC
Jaisalmer,JSM
Jaisingder,JSD
Jaithari,JTI
Jaitipur,JTU
Jaitpur Kalan Halt,JTKN
Jaitpura Halt,JATP
Jaitsar,JES
Jaitwar,JTW
Jajan Patti,JJA
Jajau,JJ
Jajiwal,JWL
Jajpur K Road,JJKR
Jakhal Jn,JHL
Jakhalabandha,JKB
Jakhalaun,JLN
Jakhanian,JKN
Jakhapura,JKPR
Jakhaura,JHA
Jakhim,JHN
Jakhod Khera,JKHI
Jakhvada,JKA
Jakkalacheruvu,JKO
Jaklair,JKAR
Jakolari,JK
Jakpur,JPR
Jaksi,JKS
Jalal Khali,JKL
Jalalabad,JBD
Jalalganj,JLL
Jalalgarh,JAG
Jalalpur,JGP
Jalalpur Dhai,JPD
Jalalpur Halt,JLPH
Jalalpur Panwara F,JPP
Jalamb Jn,JM
Jalandari,JNRI
Jalandhar Cant,JRC
Jalandhar City,JUC
Jalesar City,JSC
Jalesar Road,JLS
Jaleswar,JER
Jalgaon Jn,JL
Jalila Road,JIL
Jaliya,JA
Jaliya Devani,JALD
Jaliya Math,JLM
Jalna,J
Jalor,JOR
Jalpaiguri,JPG
Jalpaiguri Road,JPE
Jalpur H,JLQ
Jalsu,JAC
Jalsu Nanak,JACN
Jam Jodhpur Jn,JDH
Jam Wanthali,WTJ
Jama,JAMA
Jamadoba P H,JBO
Jamalpur Jn,JMP
Jambara,JMV
Jambhali H,JMBL
Jambur,JBB
Jambusar Jn,JMB
Jambusar Road,JBSR
Jamdha,JMD
Jamga,JMG
Jamgaon,JGZ
Jamguri,JMI
Jamikunta,JMKT
Jamira,JMRA
Jamira H,JMIR
Jamirghata,JMQ
Jammalamadugu,JMDG
Jammu Tawi,JAT
Jamnagar,JAM
Jamsar,JMS
Jamsher Khas,JME
Jamsole,JSE
Jamtara,JMT
Jamua,JAUA
Jamuawan H,JMN
Jamui,JMU
Jamunamukh,JMK
Jamuni,JMX
Jamuniatanr Halt,JNNA
Jamwala,JVL
Janai Road,JOX
Janakinagar,JNKR
Janakpur Road,JNR
Jandhera Halt,JDHH
Jandiala,JNL
Jandrapeta,JAQ
Jandwala Kharta,JWKA
Jangaon,ZN
Janghai Jn,JNH
Jangiganj,JGG
Jangipur Road,JRLE
Janiyana,JNE
Jankampet Jn,JKM
Jankideipur Ph,JKDP
Januniatna,JNN
Janwal,JOA
Jaora,JAO
Japla,JPL
Jaraikela,JRA
Jarandeshwar,JSV
Jarangdih,JAN
Jarapada,JRPD
Jarauda Nara,JDW
Jarauna,JUA
Jargaon,JRJ
Jari,JARI
Jaroli,JRLI
Jarti,JRT
Jarwal Road,JLD
Jasai,JSA
Jasali,JSI
Jashapar,JSPR
Jasia H,JSS
Jasidih Jn,JSME
Jasoda,JDA
Jasra,JSR
Jaswantnagar,JGR
Jataula Samphka,JSKA
Jatdumri H,JTDM
Jath Road,JTRD
Jatinga Lumpur,JGLP
Jatkanhar,JTR
Jatusana,JTS
Jatwara,JW
Jaugram,JRAE
Jaulka,JUK
Jaulkhera,JKR
Jaunpur City,JOP
Jaunpur Jn,JNU
Javale,JVA
Jawad Road,JWO
Jawaharnagar,JWNR
Jawaharpur Kamsan H,JWK
Jawai Bandh,JWB
Jawali,JAL
Jawanwala Shahr,JWLS
Jawlmukhi Road,JMKR
Jayasingpur,JSP
Jaynagar,JYG
Jehanabad,JHD
Jejuri,JJR
Jekot,JKT
Jenal,JNZ
Jenapur,JEN
Jenapur Road Ph,JPRD
Jeonara Ph,JONR
Jeonathpur,JEP
Jerthi Dadhia,JDD
Jeruwa Khera,JRK
Jessore Jn,JS
Jetalsar Jn,JLR
Jetha Chandan,JCH
Jetha H,JDDA
Jethi,JTY
Jethian,JTIN
Jethuke,JHK
Jetpur,JTP
Jeur,JEUR
Jeypore,JYP
Jgmbla Kshnprm,JBK
Jhabelwali,JBW
Jhadupudi,JPI
Jhagadiya Jn,JGI
Jhajha,JAJ
Jhajjar,JHJ
Jhalawar City,JLWC
Jhalawar Road,JHW
Jhalida,JAA
Jhalra H,JHH
Jhalrapatan,JAPN
Jhalwara,JLW
Jhamat H,JLT
Jhamatpur Baharan,JHBN
Jhanjharpur,JJP
Jhanjharpur Bazar H,JJBR
Jhanjhitoli Halt,JJTI
Jhankada Sarala Road Ph,JSRD
Jhantipahari,JPH
Jhapater Dhal,JTL
Jhareda,JREA
Jharekapur,JKP
Jhargram,JGM
Jharili,JRL
Jharkhand Dham,JKDK
Jharkhand Mahadev Halt,JKMH
Jharkhandi F,JKNI
Jharmunda,JRMA
Jharokhas,JRQ
Jharradih,JDI
Jharsuguda Jn,JSG
Jharsuguda Road,JSGR
Jhartarbha,JRTB
Jharwasaa,JWS
Jhaua,JAU
Jhawar H,JHWR
Jhilahi,JLHI
Jhilmili,JLY
Jhilo,JLLO
Jhimri,JHMR
Jhingura,JHG
Jhinjhak,JJK
Jhinkpani,JNK
Jhir,JHIR
Jhitkia,JTK
Jhok Tahal Singh,JTH
Jhulasan,JUL
Jhunjhunun,JJN
Jhunpa,JUP
Jhusi,JI
Jiaganj,JJG
Jibanti H,JVT
Jigna,JIA
Jigni Khas H,JGKS
Jimidipeta,JMPT
Jind City,JCY
Jind Jn,JIND
Jinti Road,JNTR
Jira Road,JIR
Jiradei,ZRDE
Jirania,JRNA
Jirat,JIT
Jiribam,JRBM
Jirighat,JIGT
Jiron,JRO
Jirona H,JXN
Jitakheri,JKZ
Jite,JITE
Jiwa Arain,JWN
Jiwdhara,JDR
Jiyapuram,JPM
Jmlpr Shaikhan,JPS
Jmtra Paraswara,JPV
Jnana Bharati,GNB
Jnandas Kandra,GNND
Jo Jagabor,JO
Joba,JOBA
Jobat,JOBT
Jodhka,JOK
Jodhpur Cantt,JUCT
Jodhpur Jn,JU
Jogal,JOL
Jogbani,JBN
Jogendranagar,JGNR
Jogeswar Bihar,JGBR
Jogi Magra,JOM
Jogiara,JGA
Jogidih,JGF
Jogighopa,JPZ
Joginder Nagar,JDNX
Jogiwala,JGW
Jojwa,JJW
Jolaibari,JIBI
Jolarpettai,JTJ
Jone Karrang,JYK
Jonha,JON
Jora Alapur,JPO
Jorai,JOQ
Joramow,JRW
Joranda Road,JRZ
Jorashankh Halt,JASH
Joravasan,JRS
Jorawarnagar Jn,JVN
Jorhat Town,JTTN
Jorkian,JRKN
Jotana,JTN
Joychandi Pahar,JOC
Jubbasahani,JUBS
Juchandra,JCNR
Jugaur,JRR
Jugijan,JGJN
Jugpura,JRG
Juharpura,JOH
Juhjarpur,JHP
Jujumura,JUJA
Jukehi,JKE
Julana,JNA
Julgaon Decean Halt,JLG
Julmi,JLF
Juma Patti,JTT
Jumnal,JML
Juna Rajuvadiya,JRV
Junagadh Jn,JND
Junagarh Road,JNRD
Junair H,JAR
Junakhera,JAKA
Juneta,JHT
Jung Bahadurgnj,JBG
Junichavand,JCN
Junnor Deo,JNO
Junona H,JUNX
Juriagaon,JRX
Jurtara H,JRTR
Jutogh,JTO
Jutturu,JUR
Jwalapur,JWP
K Cabin,KCAB
Kabakaputtur,KBPR
Kabrai,KBR
Kachchanvilai,KCHV
Kacheguda,KCG
Kacheguda Dbr,DQR
Kacheguda J Ous,JOO
Kachera,KHRA
Kachewani,KWN
Kachhia Bridge,KCO
Kachhiyana Halt,KCYN
Kachhla,KCU
Kachhwa Road,KWH
Kachna,KAU
Kachnara,KHNR
Kachnara Road,KCNR
Kachujor,KOX
Kada,KDAA
Kadabari Hat,KDX
Kadakavur,KVU
Kadakola,KDO
Kadalundi,KN
Kadambattur,KBT
Kadambur,KDU
Kadampura H,KDRA
Kadavai,KDVI
Kadavakuduru,KVDU
Kadaynallur,KDNL
Kadethan,KDTN
Kadi,KADI
Kadipur,KDQ
Kadipur Sani H,KDPS
Kadiri,KRY
Kadiridevarapalli,KRYP
Kadiyam,KYM
Kadlimatti H,KLM
Kadur,DRU
Kaduturutty,KDTY
Kafurpur,KFPR
Kagankarai,KEY
Kahalgaon,CLG
Kahangarh H,KAGR
Kahet,KRAI
Kahiliya,KH
Kaialsa,KIV
Kaikolur,KKLR
Kailahat,KYT
Kailaras,KQS
Kailasapuram,KLPM
Kaili,KALI
Kaima,KMA
Kaimarakalan,KAKN
Kaimganj,KMJ
Kaipadar Road,KPXR
Kairla,KAI
Kairon,KCZ
Kaithal,KLE
Kaithalkuchi,KTCH
Kaiyar Ph,KYB
Kajg,KAJG
Kajgaon,KJ
Kajgaon Terhwan H,KJTW
Kajoragram,KJME
Kajra,KJH
Kajrat Nawadih,KYF
Kajri,KFT
Kakapora,KAPE
Kakarghatti,KKHT
Kakbara,KKBA
Kakinada Port,COA
Kakinada Town,CCT
Kakirigumma,KKGM
Kaklur,KKLU
Kakni,KAKI
Kakori,KKJ
Kakraha Rest House,KARH
Kakrala H,KKRL
Kala Akhar,KQE
Kala Amba,KMB
Kala Bakra,KKL
Kalaburagi Jn,KLBG
Kalachand,KQI
Kaladehi,KDHI
Kalaghar,KLGA
Kalaikunda,KKQ
Kalamalia,KMH
Kalamasseri,KLMR
Kalamb,KALM
Kalambani Budruk,KLBN
Kalambha,KLBA
Kalamboli,KLMC
Kalamboli Goods,KLMG
Kalamna,KAV
Kalana,KALN
Kalanad H,KLAD
Kalanaur Kalan,KLNK
Kalangani,KLGN
Kalanour,KNZ
Kalanwali,KNL
Kalapipal,KPP
Kalasa H,KALS
Kalasamudram,KCM
Kalavoor,KAVR
Kalayat,KIY
Kalchini,KCF
Kaldhari,KLDI
Kalem,KM
Kalgupur,KCP
Kalgurki H,KGIH
Kalhar,KAH
Kali Sindh,KSH
Kalianpur,KAP
Kalijai Ph,KLJI
Kalinagar,KLNT
Kalinarynpur Jn,KLNP
Kalipahari,KPK
Kalisen,KISN
Kalitalavdi,KLWD
Kaliyanganj,KAJ
Kalka,KLK
Kalkalighat,KKGT
Kalkund,KKD
Kallagam,KLGM
Kallakkudi Plgh,KKPM
Kallal,KAL
Kallayi,KUL
Kallidaikurichi,KIC
Kalligudi,KGD
Kallkiri,KCI
Kallur Yedahalli H,KLYH
Kalluru,KLU
Kalmeshwar,KSWR
Kalmitar,KLTR
Kalol,KLL
Kalpattichatram,KFC
Kalpi,KPI
Kalsur,KVS
Kalubathan,KAO
Kalunga,KLG
Kalupara Ghat,KAPG
Kalwan H,KLWN
Kalyan Chak,KXE
Kalyan Jn,KYN
Kalyandurga,KYND
Kalyani,KYI
Kalyankot,KYNT
Kalyanpur Road,KPRD
Kamakhya,KYQ
Kamakhyaguri,KAMG
Kamalapur,KMLK
Kamalapur,KMP
Kamalapur,KMPU
Kamalapuram,KKM
Kamalganj,KLJ
Kamalnagar,KMNR
Kamalpur H,KAMP
Kamalpur Halt,KMPH
Kamalpurgram,KLPG
Kamalur,KMLR
Kaman Road,KARD
Kamarbandha Ali,KXL
Kamareddi,KMC
Kamarganj,KMGH
Kamarkundu,KQU
Kamasamudram,KSM
Kamathan,KMHN
Kamathe,KMAH
Kambrganvi,KBI
Kamli,KMLI
Kampil Road,KXF
Kamptee,KP
Kampur,KWM
Kamranga,KMNG
Kamrup Khetri,KKET
Kamshet,KMST
Kamta Halt,KAMA
Kamtaul,KML
Kanad,KNAD
Kanaibazar,KNBR
Kanaji H,KNAG
Kanakot,KNKT
Kanakpura,KKU
Kanalas Jn,KNLS
Kanamalo Palle,KNLP
Kanaroan,KNRN
Kanas Road,KASR
Kanasar,KNSR
Kanauta,KUT
Kanchanpur Road,KNC
Kanchausi,KNS
Kanchipuram,CJ
Kanchipuram East,CJE
Kanchrapara,KPA
Kandaghat,KDZ
Kandambakkam,KDMD
Kandanur P Vaya,KNPL
Kandarpur,KDRP
Kandel Road,KDLR
Kandharan H,KDHN
Kandhla,KQL
Kandra,KND
Kandrori,KNDI
Kandwal,KAWL
Kang Khurd,KGKD
Kangali H,KNLI
Kanginhal,KGX
Kangra,KGRA
Kangra Mandir,KGMR
Kanhadgaon,KNDG
Kanhaipur,KNHP
Kanhangad,KZE
Kanhargaon Naka,KNRG
Kanhe,KNHE
Kanhegaon,KNGN
Kanil,KANJ
Kanimahuli P H,KNM
Kanina Khas,KNNK
Kaniuru H,KNYR
Kanivehalli,KNVH
Kaniwara,KWB
Kaniyambadi,KNB
Kaniyapuram,KXP
Kanjari Boriyav,KBRV
Kanjikode,KJKD
Kanjiramittam,KPTM
Kanjiya,KXB
Kankaha,KKAH
Kankather,KHE
Kankavali,KKW
Kanki,KKA
Kankinara,KNR
Kankurgachhi Road Jn,KGK
Kannamangalam,KMM
Kannapuram,KPQ
Kannauj,KJN
Kannauj City F,KJNC
Kannjara H,KNJJ
Kannur,CAN
Kanoh,KANO
Kanor,KFN
Kanpur Anwrganj,CPA
Kanpur Bridge Rb,CPB
Kanpur Central,CNB
Kansa,KASA
Kansarnawada,KSNA
Kanshbahal,KXN
Kansiya Nes,KANS
Kanspur Gugauli,KSQ
Kansrao,QSR
Kansudhi,KIZ
Kantabanji,KBJ
Kantadih,KTD
Kantakapalle,KPL
Kantakosh H,KTKS
Kanth,KNT
Kanthalia Road H,KTLR
Kanthan Jn,KNHN
Kanthi P H,KATI
Kanti,KTI
Kanwalpura,KIW
Kanwar,KUW
Kanwat,KAWT
Kanyakumari,CAPE
Kaotha,KAOT
Kapadvanj,KVNJ
Kapali Road Ph,KPLD
Kapan,KPNA
Kaparpura,KVC
Kapasan,KIN
Kapilas Road,KIS
Kappil,KFI
Kapren,KPZ
Kapseti,KEH
Kaptanganj Jn,CPJ
Kapurdha Halt,KPDH
Kapurthala,KXH
Karad,KRD
Karagola Road,CRR
Karahdih H,KHDH
Karahiya H,KKRH
Karaikal,KIK
Karaikkudi Jn,KKDI
Karaikkurichchi,KARK
Karaila Road Jn,KRLR
Karaimadai,KAY
Karainthi,KHV
Karajgi,KJG
Karak Bel,KKB
Karakad,KRKD
Karakavalasa,KVLS
Karambeli,KEB
Karamelaram,CRLM
Karamnasa,KMS
Karamsad,KRYR
Karamtolla,KRMA
Karanjadi,KFD
Karanpura,KPO
Karanpurato,KPTO
Karapa,KRAP
Karapgaon,KFY
Karari,KRQ
Karatagi,KTGG
Karaundhana,KRDN
Karauta,KWO
Karavadi,KRV
Karbigwan,KBN
Karchana,KCN
Karchha,KDHA
Karchhue H,KYW
Kardi,RDI
Kareli,KY
Karengi,KEG
Karepalli,KRA
Karepur,KRPR
Kargi Road,KGB
Karhal,KAHL
Karhiya Bhadeli,KYX
Kariganuru,KGW
Kariha H,KYY
Karimganj Jn,KXJ
Karimnagar,KRMR
Karimuddin Pur,KMDR
Karisath,KRS
Kariyapattinam,KXY
Karjara,KRJR
Karjat,KJT
Karjhausa,KARJ
Karjoda,KRJD
Karkatta,KRTA
Karkeli,KKI
Karkend Bh,KRKN
Karkheli,KEK
Karmabad Bh,KRMB
Karmad,KMV
Karmahat,KMHT
Karmali,KRMI
Karna,KAR
Karna Subarna,KNSN
Karnal,KUN
Karnauti H,KRNN
Karona H,KRON
Karonda,KOA
Karonji,KJZ
Karota Patri H,KRTR
Karpurigram,KPGM
Karra,KRRA
Karsindhu H,KSDE
Kartarpur,KRE
Kartauli H,KRTL
Karukhirharnagar H,KKNH
Karukkutty,KUC
Karunagapalli,KPY
Karunguzhi,KGZ
Karuppur,KPPR
Karur,KRR
Karuvalli,KVLR
Karuvatta H,KVTA
Karwandiya,KWD
Karwar,KAWR
Kasap,KAC
Kasara,KSRA
Kasaragod,KGQ
Kasarwadi,KSWD
Kasba,KUB
Kasbe Sukene,KBSN
Kaseetar,KEE
Kasganj,KSJ
Kasganj City,KJC
Kashi,KEI
Kashi Chak,KSC
Kashiabari,KSBI
Kashinagar Ph,KNGR
Kashipur,KPV
Kashipura,KSUA
Kashipura Sarar,KSPR
Kashti,KSTH
Kasimkota,KSK
Kasimpur,KCJ
Kastha,KSTA
Kastla Kasmabad H,KKMB
Kasturi H,KSR
Kasu,KASU
Kasu Begu,KBU
Kata Road,KXX
Katahri,KTHE
Kataiya Dandi H,KTDD
Katakhal Jn,KTX
Katalpur H,KTLP
Katangi,KGE
Katangi Khurd,KTKD
Katar Singh Wala,KZW
Katareah,KTRH
Katepurna,KTP
Kateri,KTRI
Kath Kuiyan,KKT
Kathajori Ph,KTJI
Kathal Pukhuri,KTPR
Kathana,KTNA
Kathara Road,KTRR
Kathautia,KAUA
Kathghar,KGF
Kathgodam,KGM
Kathivakkam,KAVM
Kathlal,KTAL
Kathleeghat,KEJ
Kathola H,KTHL
Kathoun,KTHN
Kathua,KTHU
Kathunangal,KNG
Kathuruthy Halt,KTHY
Kathuwas,KTWS
Katihar Jn,KIR
Katka,KFK
Katkamasandi,KKAS
Katkola Jn,KTLA
Katlakunta Medipally,KKMP
Katlicherra,KLCR
Katni,KTE
Katni Murwara,KMZ
Katni South,KTES
Katoghan,KTCE
Katol,KATL
Katora,KTO
Katoriya,KTOR
Katosan Road,KTRD
Katpadi Jn,KPD
Katphal,KFH
Katra (Up),KEA
Katrasgarh,KTH
Kattangulatur,CTM
Kattur,KTTR
Katuda,KTDA
Katwa,KWAE
Kaukuntla,KQQ
Kauli,KLI
Kaulseri,KLSX
Kaurara,KAA
Kaurha,KUF
Kauria Jungle H,JKI
Kauriya H,KYA
Kauwapur,KPE
Kaval Kinaru,KVLK
Kavalande H,KVE
Kavali,KVZ
Kavanur,KVN
Kavaraippettai,KVP
Kavas,KVA
Kavathe Mahankl,KVK
Kavutaram,KVM
Kawar,KWAR
Kawargaon,KWGN
Kayalpattinam,KZY
Kayamsar,QMRS
Kayankulam Jn,KYJ
Kayasthagram,KTGM
Kaydi Halt,KAYI
Kazhakuttam,KZK
Kazipara Halt,KZPE
Kazipet Jn,KZJ
Kcg Falaknuma,FM
Keckhi,KCKI
Kedgaon,KDG
Keeranur,KRUR
Kekatumar,KKG
Kela Devi,KEV
Kelamangalam,KMLM
Kelanpur,KEP
Kelod,KLOD
Kelva Road,KLV
Kelzar,KEZ
Kem,KEM
Kempegowda Int Airport,KIAD
Kemri,KEMR
Kenchanalu H,KCLA
Kendposi,KNPS
Kendrapara,KENP
Kendrapara Road,KNPR
Kendri,KDRI
Kenduapada,KED
Kendujhargarh,KDJR
Kendukana,KDKN
Kengeri,KGI
Keolari,KLZ
Keoti,KETI
Kerakalamatti,KKMI
Kerakat H,KCT
Kerejanga,KPJG
Kesamudram,KDM
Keshav Nagar Halt,KSVR
Keshavganj,KVJ
Keshod,KSD
Kesholi,KOLI
Keshorai Patan,KPTN
Keshwari,KSHR
Kesinga,KSNG
Kesri,KES
Kesri Singhpur,KESR
Ketohalli H,KHLL
Kettandapatti,KDY
Ketti,KXT
Keutguda,KTGA
Kevdi Road,KVO
Khabra Kalan,KBKN
Khachrod,KUH
Khada,KZA
Khadapa,KDPA
Khadarpet,KDT
Khadavli,KDV
Khadki,KK
Khadki Bazar H,KDBR
Khadur Sahib H,KDSB
Khaga,KGA
Khagaria Jn,KGG
Khagraghat Road,KGLE
Khai Phemeki,KIQ
Khaigaon,KHA
Khairabad Avadh,KB
Khairadih H,KADH
Khairah,KYH
Khairahi,KHRY
Khairar Jn,KID
Khairatabad Dcn,KQD
Khairatiya Bandh Road H,KYBR
Khairee,KHR
Khairranji,KRRI
Khairthal,KRH
Khajauli,KJI
Khajjidoni,KJDI
Khajraha,KHJ
Khajuraho,KURJ
Khajurhat,KJA
Khajuri,KAW
Khajwana,KJW
Khakharia,KKK
Khakhrala Road,KKR
Khalari,KLRE
Khalilabad,KLD
Khalilpur,KIP
Khalipali,KHPL
Khalipur,KHPR
Khalispur,KSF
Khallikot,KIT
Khaltipur,KTJ
Khamanon,KMNN
Khamargachhi,KMAE
Khambhaliya,KMBL
Khambhat,CBY
Khamgaon,KMN
Khamil Ghat,KBK
Khamkhed,KMKD
Khammam,KMT
Khana Jn,KAN
Khanapur,KNP
Khanapur Deccan,KHNP
Khandala,KAD
Khandala Mp,KADA
Khandari Halt,KHDR
Khandbaara,KBH
Khandel,KNDL
Khanderi,KHDI
Khandikar,KYO
Khandip,KNDP
Khandrawali H,KZI
Khandwa,KNW
Khanja H,KHJA
Khanna,KNN
Khanna Banjari,KHBJ
Khanodih,KNF
Khanpur Ahir,KNAR
Khantapara,KHF
Khanyan,KHN
Khapri,KRI
Khapri Kheda,KPKD
Khara,KRXA
Kharagpur Jn,KGP
Kharahat,KRHT
Kharaiadih,KHAA
Kharak,KHRK
Kharar,KARR
Kharawar,KRZ
Kharbav,KHBV
Khardaha,KDH
Khardi,KE
Kharepatan Road,KRPN
Khargapur,KHGP
Khari,KARI
Khari Amarpura,KIA
Khari Jhalu,KJLU
Kharia Khangarh,KXG
Khariapipra Halt,KAPP
Khariar Road,KRAR
Kharik,KHQ
Khario P H,KARO
Kharkara Halt,KRKH
Kharkhari,KHRI
Kharkhauda,KXK
Kharpokhra,KPB
Kharsaliya,KRSA
Kharsia,KHS
Kharuara Halt,KHUH
Kharwa,KRW
Kharwa Chanda,KRCD
Khasa,KSA
Khat,KHAT
Khatauli,KAT
Khatgaon,KHTG
Khatima,KHMA
Khatipura,KWP
Khatkar Kalan Jhandaji,KHHJ
Khatkura P H,KATB
Khed,KHED
Khed Temple,KHTX
Kheduli,KQW
Khekra,KEX
Khem Karan,KEMK
Khemasuli Ph,KSO
Khemli,KLH
Khera Kalan,KHKN
Khera Sandhan H,KHSN
Kheralu,KRU
Kheri Salwa,KSW
Kherli,KL
Kheroda,KHW
Kherol,KOY
Khervadi,KW
Kheta Sarai,KS
Khijadiya Jn,KJV
Khileriyan,KLYN
Khimel,KZQ
Khinaniyan,KNNA
Khirai,KHAI
Khiri Town,KITN
Khiria Khurd H,KIE
Khirkiya,KKN
Khirsadoh Jn,KUX
Khodiyar,KHDB
Khodri,KOI
Khodseoni,KSIH
Khoh,KHOH
Khoirabari,KBY
Khojeepura,KJP
Khojewala,KWJ
Khongsara,KGS
Khonker,KCR
Khorana,KHC
Khorason Road,KRND
Khori,KORI
Khotkhoti,KHKT
Khowang,KOWN
Khudaganj,KDJ
Khudaganj Bazar,KDJB
Khudda Korala,KZX
Khudiram B Pusa,KRBP
Khudlapur F,KHDP
Khui Khera,KUKA
Khukrana H,KURN
Khuldil Road,KDRD
Khulna,KLNB
Khumgaon Burti,KJL
Khumtai,KUTI
Khundaur,KDF
Khunkhuna,KKNA
Khuntala,KHUT
Khurahat,KRT
Khurai,KYE
Khurda Road Jn,KUR
Khurda Town,KURT
Khurdpur,KUPR
Khurhand,KHU
Khurial,KWE
Khurja City,KJY
Khurja Jn,KRJ
Khurmabad Road,KVD
Khurrampur H,KAMR
Khushal Nagar,KSNR
Khusropur,KOO
Khutaha,KTHA
Khutauna,KHTN
Khutbav,KTT
Kichha,KHH
Kidiyanaga,KYG
Kikakui Road,KKRD
Kila Kadaiyam,KKY
Kila Raipur,QRP
Kila Zafargarh,KZH
Kilanwali Punjab,KLWL
Kilikollur,KLQ
Kille,KII
Kim,KIM
Kinana,KIU
Kinattukkadavu,CNV
Kinwat,KNVT
Kirandul,KRDL
Kiraoli,KLB
Kiratgarh,KRTH
Kiratpur,KAPU
Kiratpur Sahib,KART
Kirihrapur,KER
Kirloskarvadi,KOV
Kirmiti Mendha,KMMD
Kirnahar,KNHR
Kiroda,KRC
Kirodimalnagar,KDTR
Kirtinagar H,KRTN
Kirtyanand Nagar,KTNR
Kishan Manpura,KMNP
Kishanganj,KNE
Kishangarh,KSG
Kishangarh Balawas,KGBS
Kishanpur,KSP
Kisoni,KONY
Kistamsettipali,KSTE
Kita,KITA
Kitham,KXM
Kiul Jn,KIUL
Kivarli,KWI
Kizha Ambur,KIB
Kizha Puliyur,KYZ
Kizhvelur,KVL
Kochewahi,KFX
Kodaganur,KAG
Kodaikanal Road,KQN
Kodakandla,KDKL
Kodambakkam,MKK
Kodavaluru,KJJ
Koderma,KQR
Koderma Town,KQRT
Kodi,KODI
Kodigehalli,KDGH
Kodimbala H,KDBA
Kodiyar Mandir,KDMR
Kodumudi,KMD
Kodumunda H,KODN
Koduru,KOU
Koelwar,KWR
Kohand,KFU
Kohar Singh Wala,KRSW
Kohir Deccan,KOHR
Kohli,KOHL
Koilakuntla,KLKA
Koiripur,KEPR
Koka,KOKA
Kokpara,KKPR
Kokrajhar,KOJ
Kolad,KOL
Kolaghat,KIG
Kolaghat,QGT
Kolaigaon,KLGR
Kolakalur,KLX
Kolanukonda,KAQ
Kolar,KQZ
Kolaras,KLRS
Kolatur,KLS
Kolayat,KLYT
Kolda,KFF
Kole,KOLE
Kolhadi,KLHD
Kolkata,KOAA
Kollam Jn,QLN
Kollengode,KLGD
Kollidam,CLN
Kollikhutaha,KKTA
Kolnur,KOLR
Kolvagram,KVGM
Kolvihir,KLVR
Komakhan,KMK
Komali,KMQA
Komarpur,KMPR
Komatipalli,KMX
Konagayalli,KGV
Konanur H,KRNU
Konch,KNH
Kondagunta,KQA
Kondapalli,KI
Kondapuram,KDP
Kondrapole H,KDGL
Konnagar,KOG
Konnur,KONN
Kopa Samhota,KPS
Kopaganj H,KPJ
Kopai,KPLE
Kopar,KOPR
Kopargaon,KPG
Koparia,KFA
Koparlahar,KPLR
Koppal,KBL
Koradacheri,KDE
Koradih,KRDH
Korahia,KRHA
Korai Halt,KRIH
Koranahalli H,KRNH
Koraput,KRPU
Korari,KURO
Koratti Angadi,KRAN
Korattur,KOTR
Korba,KRBA
Koregaon,KRG
Korukkupet Jn,KOK
Korukonda,KUK
Korutla,KRLA
Kosad,KSE
Kosai,KSAE
Kosamba Jn,KSB
Kosgi,KO
Kosi Kalan,KSV
Kosiara,KVQ
Kosli,KSI
Kosma,KOZ
Kot Fatteh,KTF
Kot Kapura,KKP
Kota Jn,KOTA
Kotabommali,KBM
Kotakadra,KTKA
Kotala,KEN
Kotalpukur,KLP
Kotana,KTOA
Kotapar Road,KPRR
Kotarlia,KRL
Kotdwara,KTW
Kotha Gangad,KTGD
Kotha Pakki H,KTPK
Kothana H,KLNA
Kothapalli,KPHI
Kothar,KTR
Kothari Road,KTHD
Kothariya,RKY
Koti,KOTI
Kotikulam,KQK
Kotipalli,KPLH
Kotla,KOLA
Kotli Kalan,KTKL
Kotma,KTMA
Kotmi Sonan Hlt,KTSH
Kotra,KTRA
Kotshila,KSX
Kotta Pndlpalli,KPLL
Kottacheruvu,KTCR
Kottaiyur,KTYR
Kottapalli,KYOP
Kottarakara,KKZ
Kottavalasa,KTV
Kottayam,KTYM
Kottur H,KOTT
Kotturu,KTY
Kovilpatti,CVP
Kovvada,KOVH
Kovvur,KVR
Koyilvenni,KYV
Kozhikode,CLT
Krishanrajanaga,KRNR
Krishna,KSN
Krishna Ballabh Sahay,KBSH
Krishna Canal,KCC
Krishna Ch Pura,KCV
Krishnadevaraya H,KNDV
Krishnai,KRNI
Krishnama Kona,KEF
Krishnapur,KRP
Krishnapuram,KPU
Krishnarajapurm,KJM
Krishnarajasgra,KJS
Krishnashilla,KRSL
Krishngr Cty Jn,KNJ
Ksr Bangalore Cy Jn,SBC
Kuakhera H,KZS
Kuarmunda,KRMD
Kuberpur,KBP
Kuchai,KUCE
Kuchaman City,KMNC
Kuchavaram H,KUCH
Kuchesar Road,QXR
Kuchman,KCA
Kudachi,KUD
Kudal,KUDL
Kudala Sangama Road H,KSAR
Kudalnagar,KON
Kudatini,KDN
Kudgi H,KDGI
Kudikadu,KXO
Kudni,KUDN
Kudra,KTQ
Kudsad,KDSD
Kuhuri,KUU
Kuju,KUJU
Kukanur,KANR
Kukarvada,KKRV
Kukra Khapa,KFP
Kulali,KUI
Kuldiha,KIJ
Kulem,QLM
Kulgachia,KGY
Kulha H,KULH
Kulharia,KUA
Kulikarai,KU
Kulitalai,KLT
Kulitthurai,KZT
Kulitturai West,KZTW
Kulpahar,KLAR
Kultham Abdulla Shah H,KASH
Kulti,ULT
Kulukkallur,KZC
Kulwa,KLA
Kumahu,KMGE
Kumar Sadra,KMSD
Kumaramangalam,KRMG
Kumaranallur,KFQ
Kumarbagh,KUMB
Kumardubi,KMME
Kumarganj,KMRJ
Kumarghat,KUGT
Kumarhatti,KMTI
Kumaripur Halt,KRMP
Kumbakonam,KMU
Kumbalam,KUMM
Kumbhawas Mundhalia Dabri H,KWMD
Kumbhraj,KHRJ
Kumbla,KMQ
Kumedpur,KDPR
Kumendi,KMND
Kumhari,KMI
Kumharmarenga,KMEZ
Kumrabad Rohini,KBQ
Kumradol,KADL
Kumrui Ph,KMRL
Kumsi H,KMSI
Kumta,KT
Kumtha Khurd,KTKR
Kund,KUND
Kunda Harnamgnj,KHNM
Kundalgarh,KDLG
Kundapura,KUDA
Kundara,KUV
Kundara East,KFV
Kundarkhi,KD
Kunder H,KDER
Kundgol,KNO
Kundhela,KDHL
Kundli,KDI
Kunduru,KDUH
Kundwa Chainpur,KWC
Kuneanganj,KVG
Kuneru,KNRT
Kunigal,KIGL
Kunkavav Jn,KKV
Kunki B H,KZU
Kunnathur,KNNT
Kuntighat,KJU
Kunuri,KNRI
Kup,KUP
Kupgal,KGL
Kuppam,KPN
Kurabalakota,KBA
Kurali,KRLI
Kuram,KUM
Kurasti Kalan,KKS
Kuravappulam,KVV
Kurduvadi,KWV
Kurebhar,KBE
Kuretha,KUQ
Kurgunta,KQT
Kurhagada,KAGA
Kurhani,KHI
Kuri,KIF
Kuria Halt,KXRA
Kurichedu,KCD
Kurikad,KFE
Kurinijipadi,KJPD
Kurkura,KRKR
Kurlas,KRLS
Kurmahat,KUMT
Kurmodanga Halt,KMDC
Kurnool City,KRNT
Kurraiya,KRYA
Kursela,KUE
Kurseong,KGN
Kurud,KRX
Kurukotta,KUKT
Kurukshetra Jn,KKDE
Kurumbur,KZB
Kurumurthi,KXI
Kuruppantara,KRPP
Kurva,KURV
Kurwai Kethora,KIKA
Kushal Pura,KLSP
Kushalpura Harnaha Halt,KPHH
Kushtagi,KHTI
Kushtala,KTA
Kusiargaon,KSY
Kusmhi,KHM
Kustaur,KSU
Kusugali,KUG
Kusumbhi,KVX
Kusumha Bihar H,KSMB
Kusumkasa,KYS
Kusunda Jn,KDS
Kuswa H,KWW
Kuthur H,KOQ
Kutralam,KTM
Kuttakudi,KKTI
Kuttippuram,KTU
Kuturukhamar Ph,KTRK
Kuwarchintawanpur H,KPCM
Kyarkop,KRKP
Kyataneakeri Rd,KTK
Kyatsandra,KIAT
Kzj E Cabin,KZJE
Kzj F Cabin,KZJF
Laban,LBN
Labha,LAV
Labpur,LBP
Lachhmangarh Sk,LNH
Lachhmanpur,LMN
Lachhu Bigha,LUBA
Lachmipur H,LIR
Lachyan,LHN
Ladda,LDX
Laddivadi,LDVD
Ladhowal,LDW
Ladhuka,LDK
Ladnun,LAU
Ladpura,LR
Lagargawan,LGCE
Lahabon,LHB
Lahavit,LT
Laheria Sarai,LSI
Lahli,LHLL
Lahoal,LHL
Laiburwa H,LBW
Lailakh Mamalkha,LMM
Laimekuri,LMY
Lain Bazar,LB
Lajpat Nagar,LPNR
Lakadiya,LKZ
Lakdaram,LKDM
Lakhabawal,LKBL
Lakhakera,LEK
Lakhamanchi,LMC
Lakhan Majra,LNMA
Lakhanwada,LNW
Lakhapat,LAA
Lakheri,LKE
Lakhewali,LKW
Lakhimpur,LMP
Lakhmapur,LKY
Lakhminia,LKN
Lakhna,LKNA
Lakho,LAK
Lakhochak H,LCK
Lakholi,LAE
Lakhpat Nagar,LKNR
Lakhtar,LTR
Lakkadkot,LKKD
Lakkiti,LDY
Lakodara,LKD
Laksar Jn,LRJ
Lakshannath Road,LXD
Lakshmanpur H,LHNR
Lakshmapur,LSMP
Lakshmibai Ngr,LMNR
Lakshmiganj,LIJ
Lakshminarayanapuram H,LKSH
Lakshmipur,LKX
Lakshmipur Bhorang,LKB
Lakswa,LXA
Lal Kalan,LLKN
Lal Kuan,LKU
Lalabazar,LLBR
Lalaguda Gate,LGDH
Lalapet,LP
Lalauri Khera,LUA
Lalawadi,LLD
Lalbag Bh,LBZ
Lalbagh Crt Rd,LCAE
Lalganj,LLJ
Lalganj Pakri,LLJP
Lalgarh Bihar H,LBT
Lalgarh Jn,LGH
Lalgola,LGL
Lalgopalganj,LGO
Lalgudi,LLI
Lalit Khera Halt,LTKR
Lalit Lakshmipr,LLPR
Lalitgiri,LLTG
Lalitgram,LLP
Lalitpur,LAR
Lalpur,LLR
Lalpur Jam,LPJ
Lalpur Umri,LRU
Lalru,LLU
Lalsot,LLST
Lamana,LNA
Lambhua,LBA
Lambiya,LMA
Lamgai,LGI
Lamsakhang,LKG
Lamta,LTA
Landaura,LDR
Langarpeth,LNP
Langcholiet,LCT
Langhnaj,LNJ
Langting,LGT
Lanjigarh Road,LJR
Lanka,LKA
Lankalakoderu,LKDU
Lapanga,LPG
Lar Road,LRD
Larabad,LRB
Lasalgaon,LS
Laseri,LSE
Lasur,LSR
Latabor,LBO
Lataguri Jn,LTG
Latehar,LTHR
Latemda,LTMD
Lath Halt,LATH
Lathi,LAT
Lathidad,LTD
Lathikata,LTK
Latteri,LTI
Latur,LUR
Latur Road,LTRR
Laukaha Bazar,LKQ
Lavan Satyagrah Smarak P H,LSGS
Laxmipur Road,LKMR
Layabad,LYD
Ledarmer,LDM
Ledo,LEDO
Lehra F,LER
Lehra Gaga,LHA
Lehra Muhabbat,LHM
Leliguma,LLGM
Lemuabad H,LEB
Lepetkata,LPK
Lidhora Khurd,LDA
Lihuri Ph,LRI
Lilabari,LBI
Lilapur Road,LPR
Liliya Mota,LMO
Lilma,LIL
Liluah,LLH
Limarua,LMU
Limbdi,LM
Limbgaon,LBG
Limbodra,LBD
Limkheda,LMK
Linch,LCH
Linga,LIG
Lingamguntla,LIN
Lingampalli,LPI
Linganabandi,LNBI
Linganenidoddi,LMD
Lingaraj Temple Road Ph,LGTR
Lingiri,LGRE
Lko Alambagh W Cabin,LNWT
Lngohta,IGTA
Lodhma,LOM
Lodi Colony,LDCY
Lodipur Bishnpr,LDP
Lodra,LRA
Loha,LOHA
Lohanda H,LHNA
Lohapur,LAP
Lohardaga Bs,LAD
Loharpurwa H,LPW
Loharu,LHU
Loharwara,LHW
Lohgara,LOG
Lohian Khas Jn,LNK
Lohna Road,LNO
Lohogad,LHD
Lohta,LOT
Loisingha,LSX
Lok Vidyapith Nagar H,LVR
Lokdhikhera,LDE
Lokmanya Nagar,LKMN
Lokmanyatilak T,LTT
Lokur,LCR
Loliem,LOL
Loliya,LO
Lonand Jn,LNN
Lonavala,LNL
Londa Jn,LD
Loni,LONI
Lorha,LOA
Lorwada,LW
Lotana,LAN
Lotapahar,LPH
Lothal Bhurkhi,LHBK
Lotte Gollahalli H,LOGH
Lovedale,LOV
Luckeesarai Jn,LKR
Lucknow City,LC
Lucknow Ne,LJN
Lucknow Nr,LKO
Ludhiana Jn,LDH
Lukwasa,LWS
Lumding Jn,LMG
Luni Jn,LUNI
Luni Richha,LNR
Lunidhar,LDU
Lunkaransar,LKS
Lunseriya,LXR
Lunsu H,LNS
Lusa,LUSA
Lusadiya,LSD
Lushala,LAL
Lyalpur Khalsa Coll,LKK
M Ahorwa B Dham,MABM
Ma Belhadevi Pratapgarh Jn,MBDP
Ma Chandikadevi D Antu,MCDA
Ma Kalikan Dham,MKDM
Maa Barahi Devi Dham,MBDD
Maban,MABN
Mabbi H,MABB
Machapur Bh,MZY
Macharya,MCV
Machavaram,MCVM
Macherla,MCLA
Machhakunda,MKRD
Machhalandapur,MSL
Machhrauli,MHRI
Machilipatnam,MTM
Machriawan H,MCY
Madan Mahal,MML
Madanapalle Rd,MPL
Madanapur H,MDPJ
Madankata,MNC
Madanpur,MPJ
Madar Jn,MDJN
Madaraha,MFX
Madarihat,MDT
Madattukulam,MDKM
Maddikera,MKR
Maddur,MAD
Madduru,MADU
Madgaon,MAO
Madha,MA
Madhada,MDHA
Madhavnagar,MDVR
Madhavnagar Road,MDRR
Madhi,MID
Madhira,MDR
Madhoganj,MAH
Madhopur Punjab,MDPB
Madhosingh,MBS
Madhubani,MBI
Madhukunda,MDKD
Madhupur Jn,MDP
Madhuranagar,MDUN
Madhyamgram,MMG
Madimangalam,MCL
Madlauda,MLDE
Madpur,MPD
Madukarai,MDKI
Madurai East,MES
Madurai Jn,MDU
Madurantakam,MMK
Madure,MADR
Madwarani,MWRN
Mael,MAEL
Maganur,MNDK
Magardaha,MWF
Magardharra Ph,MGDR
Magardoh,MGRD
Magarpur,MGRR
Magarwara,MGW
Maghar,MHH
Magra,MUG
Magudanchavadi,DC
Mah Bijli Pasi,MBLP
Mahabuang,MCZ
Mahabubnagar Town H,MHBT
Mahadanapuram,MMH
Mahadeokhedi,MDVK
Mahadeva Buzurg H,MHBG
Mahadevsal,MXW
Mahadia Ph,MHDB
Mahadiya,MHDA
Mahajan,MHJ
Mahalam,MFM
Mahali Marup,MMV
Mahamandir,MMC
Mahammad Pur,MPRA
Mahanadi,MHN
Mahananda Bridge,MBC
Mahangarwal Doaba,MGWD
Mahansar,MWR
Maharajganj,MGZ
Maharani Pachchim,MWP
Mahasamund,MSMD
Mahatbania Halt,MTBH
Mahawan Khor H,MVKR
Mahbubabad,MABD
Mahbubnagar,MBNR
Mahe,MAHE
Maheji,MYJ
Mahendragarh,MHRG
Mahendranath H,MHRN
Mahendravadi,MDVE
Mahes Khunt,MSK
Mahesana Jn,MSH
Mahesh Leta H,MHLT
Mahesh Nagar Halt,MHNR
Maheshi,MVV
Maheshmunda,MMD
Maheshpur Halt,MHSA
Maheshri Sandhuan,MSSD
Mahesra H,MHHR
Mahgawan H,MGWN
Mahidpur Road,MEP
Mahikhand Halt,MIKD
Mahimba H,MHMB
Mahipal H,MPLE
Mahipal Road,MPLR
Mahipur,MAHI
Mahishadahari,MWZ
Mahiyarpur,MHPR
Mahkepar Road,MKZ
Mahmudabad Avdh,MMB
Mahoba Jn,MBA
Maholi,MAHO
Mahpur,MHO
Mahrail,MHRL
Mahrauli,MFH
Mahrawal,MWUE
Mahroi,MFQ
Mahtha Bazar H,MHBZ
Mahuamilan,MMLN
Mahuariya,MXY
Mahuawa Khurd,MUUA
Mahuda,MHQ
Mahudha,MHUA
Mahugarha,MUGA
Mahur,MXR
Mahuri H,MH
Mahutgaon,MUGN
Mahuva Jn,MHV
Mahwa,MWW
Mahwal,MHL
Mai H,IAM
Maibang,MBG
Maihar,MYR
Maijapur,MIR
Maikalganj,MINJ
Mailam,MTL
Mailani,MLN
Mailaram,MWY
Mainpuri,MNQ
Mainpuri Kacheri H,MPUE
Mairabari,MBO
Mairwa,MW
Maisar Khana,MASK
Maishashan,MSSN
Maitha,MTO
Maivadi Road,MVRD
Majbat,MJBT
Majgaon Assarn,MZQ
Majhagawan,MJG
Majhairan Himachal,MNHL
Majhaula H,MJHL
Majhauli,MZHL
Majhgawanphatak,MJGP
Majhiari,MJHR
Majhola Pakarya,MJZ
Majhowlia,MJL
Majitha,MJTA
Majnupur Nawada H,MPNH
Majorda,MJO
Majri Jn,MJRI
Majri Khadan,MJKN
Majri Nangal,MJNL
Makakhad,MAYA
Makansar,MU
Makarpura,MPR
Makarwadi Halt,MKWI
Makhdumpur Gaya,MDE
Makhi,MKHI
Makhu,MXH
Makkajipalli,MKJ
Makkhanpur,MNR
Maklidrug,MKL
Makrana Jn,MKN
Makrandpur,MQP
Makrauli,MKLI
Makrera,MKRA
Makronia,MKRN
Maksi,MKC
Makthal,MKTL
Makudi,MKDI
Makum Jn,MJN
Mala,MALA
Maladgaon,MDDG
Malahar,MFZ
Malakavemala,MVA
Malakhera,MKH
Malakpet Kcg,MXT
Malancha,MLNH
Malanpur,MLAR
Malarna,MLZ
Malasa,MLS
Malatipatpur,MLT
Malavi,MVY
Malavli,MVL
Malbazar,MLBZ
Malda Court,MLFC
Malda Town,MLDT
Malegaon Vyenku,MGVK
Malerkotla,MET
Malethu Kanak,MEQ
Malhar,MAAR
Malhargarh,MLG
Malhour,ML
Maligura,MVG
Malihabad,MLD
Malihati Talibpur Road,MHTR
Malikpeth,MKPT
Malikpur H,MLKP
Malipur,MLPR
Maliya,MALX
Maliya Hatina,MLHA
Maliya Miyana Jn,MALB
Malkajgiri,MJF
Malkapur,MKU
Malkapur Road,MALK
Malkapuram,MLK
Malkera Jn,MLQ
Malkhaid Road,MQR
Malkhed,MLR
Malkisar,MLC
Mallan Nagar H,MQW
Mallanwala Khas,MWX
Mallanwan,MLW
Mallappa Gate,MLGT
Mallapur,MLP
Mallarpur,MLV
Mallasandra,MLSA
Mallemadugu,MLMG
Malleswaram,MWM
Mallial Nukapalli,NPML
Mallickpur Hat,MKRH
Mallividu,MVW
Malliyala,MYL
Mallur,MALR
Malout,MOT
Malsailu,MLSU
Malsar,MLSR
Malsian Shahkht,MQS
Maltekdi,MTDI
Malthan,MLM
Malugur,MLU
Maluka,MLKA
Malupota,MXP
Malur,MLO
Malwan,MWH
Malwara,MBW
Maman,MOM
Mamanduru,MRM
Mambalam,MBM
Mambalappattu,MMP
Mamidipalle,MIDP
Mana,MANA
Manabar,MVF
Manak Nagar,MKG
Manaksar,MNSR
Manali Tn,MNLI
Manamadurai Jn,MNM
Manani,MNZ
Mananpur,MNP
Mananwala,MOW
Manaparai,MPA
Manauri,MRE
Manavur,MAF
Mancheswar,MCS
Manchili,MCLE
Manchiryal,MCI
Manda Road,MNF
Mandagere,MGF
Mandal,MDL
Mandalgarh,MLGH
Mandalghat,MDG
Mandamari,MMZ
Mandan Mishra,MNMA
Mandapadu,MDPD
Mandapam,MMM
Mandapam Camp,MC
Mandar Hill,MDLE
Mandar Vidyapith H,MDVB
Mandasa Road,MMS
Mandasor,MDS
Mandavalli,MDVL
Mandawali Chander Vihar H,MWC
Mandawar M Rd,MURD
Mandawari,MDWI
Manderdisa,MYD
Mandhana Jn,MDA
Mandhar,MDH
Mandi Adampur,ADR
Mandi Bamora,MABA
Mandi Dabwali,MBY
Mandi Dhanaura,MNDR
Mandi Dip,MDDP
Mandir Hasaud,MNDH
Mandla Fort,MFR
Mandor,MDB
Mandpiya,MDPA
Mandrak,MXK
Mandu Halt,MNDU
Mandura,MNDA
Mandwa,MWA
Mandya,MYA
Manendragarh,MDGR
Maneswar,MANE
Mangal Mahudi,MAM
Mangalagiri,MAG
Mangalampeta,MPT
Mangaliyawas,MLI
Mangalore Cntl,MAQ
Mangalore Jn,MAJN
Mangaon,MNI
Mangapatnam,MUM
Mangarapatti Halt,MGPI
Mangela,MGL
Mangliya Gaon,MGG
Mangolpuri,MGLP
Mangra,MAZ
Mangrolla,MGRL
Mangudi,MAX
Manguli Choudwar Ph,MACR
Mangurjan,MXJ
Manheru,MHU
Mani Mau,MNMU
Mani Nagar,MANI
Mania,MIA
Manigachi,MGI
Manigram,MGLE
Manihari,MHI
Manik Chauri,MCF
Manikagoda,MKGD
Manikalan H,MNKN
Manikgarh,MAGH
Manikpur Jn,MKP
Manikpura Halt,MAKP
Manikui,MIK
Maninagar,MAN
Manipur Bagan,MOAR
Maniram,MIM
Maniyan,MIYN
Manjari Budruk,MJBK
Manjattidal,MCJ
Manjeshwar,MJS
Manjhagarh,MJV
Manjhauli Gram H,MJM
Manjhi,MHT
Manjhlepur,MNJR
Manjhra Purab,MJPB
Manjhwe H,MZW
Manjuri Road,MZZ
Mankapur Jn,MUR
Mankar,MNAE
Mankarai,MNY
Mankatha,MKB
Manki,MANK
Mankundu,MUU
Manmad Jn,MMR
Mannanur,MNUR
Mannargudi,MQ
Manoharabad,MOB
Manoharganj,MNJ
Manoharpur,MOU
Manopad,MOA
Manpur Jn,MPO
Manpur Nagaria,MPG
Mansa,MSZ
Manshahi,MNS
Mansi Jn,MNE
Mansingh Ka Pura,MGKP
Mansurpur,MSP
Mantapampalle,MMPL
Mantatti,MVH
Manthralayam Rd,MALM
Manu Bazar,MUBR
Manubolu,MBL
Manuguru,MUGR
Manwa H,MANW
Manwal,MNWL
Manwala Kot Bakhtu,MKBH
Manwath Road,MVO
Manyamkonda,MQN
Manzoorgarhi,MZGI
Maonda,MADA
Maradanga,MRDG
Marahra,MHA
Maraimalai Nagar Kamarajar,MMNK
Maralahalli,MZV
Maramjhiri,MJY
Marampalli,MRPL
Marandahalli,MZU
Mararikulam,MAKM
Marauda,MXA
Margherita,MRG
Marhaura,MEW
Mariahu,MAY
Mariani Jn,MXN
Marichethal,MRC
Marikal,MRKL
Marikuppam,MKM
Maripat,MIU
Mariyal Gangavadi Ha,MRLA
Mariyamanahalli,MMI
Mariyana,MRYA
Marjadwa,MRJD
Markahandi U Ht,MQQ
Markapur Road,MRK
Markona,MKO
Markundi,MKD
Maroda,MRDA
Maroli,MRL
Marpalli,MRF
Marripalem Ph,MIPM
Marshaghai Road,MSGR
Marsul,MRV
Marthipalayam,MPLM
Martur,MR
Marudur,MUQ
Marwar Bagra,MBGA
Marwar Balia,MBSK
Marwar Bhinmal,MBNL
Marwar Bithri,MBT
Marwar Chapri,MCPE
Marwar Jn,MJ
Marwar Khara,MKHR
Marwar Kori,KOF
Marwar Lohwat,MWT
Marwar Mathanya,MMY
Marwar Mundwa,MDW
Marwar Ranawas,MRWS
Marwar Ratanpura,MSQ
Marwasgram,MWJ
Masaipet,ME
Masangaon,MUO
Masani,MSE
Masaniwala,MSWA
Masarahalli,MSS
Masaudhi Court H,MDCR
Masit,MST
Maskanwa,MSW
Masnadih,MSDH
Masodha,MSOD
Masor Road,MXD
Masrakh,MHC
Massagram,MSAE
Masudan,MSDN
Masur,MSR
Mata Vaishno Devi Katra,SVDK
Matalkunta,MTV
Matari,MRQ
Matatila,MZX
Mataundh,MTH
Matera,MT
Mathabhanga,MHBA
Mathela,MTA
Matheran,MAE
Mathia Barghat H,MTBG
Mathnashipur,MTIP
Mathradam Halt,MADM
Mathur,MTUR
Mathura Cant,MRT
Mathura Jn,MTJ
Mathurapur,MUW
Matlabpur,MTB
Matmari,MTU
Matoda,MQA
Mattagajapur,MTND
Mau Aimma,MEM
Mau Jn,MAU
Mau Ranipur,MRPR
Mauhari,MZH
Maula Ali,MAUL
Maula Ali,MLY
Maur,MAUR
Maurigram,MRGM
Maval,MAA
Maveliaplaiyam,MVPM
Mavelikara,MVLK
Mavinkere,MVC
Mavli Jn,MVJ
Mavur Road,MARD
Mawai,MWAI
Mayakonda,MYK
Mayanoor,MYU
Mayapur,MAYP
Mayar,MAYR
Mayiladuturai J,MV
Maynaguri Road,MYGD
Maynapur,MYPR
Mayyanad,MYY
Mazhom,MZMA
Mccluskieganj,MGME
Mecheda,MCA
Mecheri Road,MCRD
Medak,MDAK
Medapadu,MPU
Medchal,MED
Medra,MDRA
Meenapur,MENP
Meerut Cant,MUT
Meerut City,MTC
Meghnagar,MGN
Meghrajpura,MGRP
Meham,MAHM
Mehnar Road,MNO
Mehsi,MAI
Mehuwala,MHUL
Meja Road,MJA
Mekkudi,MKY
Melakkonnakkulam,MEKM
Melalathur,MEH
Melappalaiyam,MP
Melattur,MLTR
Melmaruvattur,MLMR
Melnariyappanur,MLYR
Melpakkam Cabin,MLPM
Melpattambakkam,MBU
Melpatti,MPI
Melusar,MELH
Memari,MYM
Memrakhabad H,MMKB
Mendipathar,MNDP
Mendu H,MEU
Meralgram,MQX
Meramandolil,MRDL
Merta City,MEC
Merta Road Bypass,MTDB
Merta Road Jn,MTD
Mesra,MESR
Methai F,MEE
Methi Tikur,METR
Metpally,MTPI
Metpanjra,MER
Mettur,MTE
Metupalaiyam,MTP
Metur Dam,MTDM
Metyal Sohar,MYX
Mewa Nawada,MWE
Mezenga,MZA
Mhasavad,MWD
Mhasoda Dongar,MSDG
Mhmdvd Kheda Rd,MHD
Miagram H,MIAN
Mianpur,MNPR
Midnapore,MDN
Mighauna H,MIW
Migrendisa,MGE
Mihinpurwa,MIN
Mihrawan,MIH
Milak,MIL
Milangarh,MQG
Milavali H,MIAL
Milavittan,MVN
Minambakkam,MN
Minatchipuram,MXM
Minchnal,MNL
Mindala,MWG
Mindha,MNHA
Minjur,MJR
Minnampalli,MPLI
Mirabigha Halt,MBAH
Miraj Jn,MRJ
Miranpur Katra,MK
Mirchadhori,MCQ
Mirhakur,MIQ
Mirjan,MRJN
Mirkhal,MQL
Mirthal,MRTL
Miryalaguda,MRGA
Mirza,MRZA
Mirza Cheuki,MZC
Mirzapali,MZL
Mirzapur,MZP
Mirzapur Bachhau,MBV
Misamari,MSMI
Misrauli,MFL
Misrikh Tirath,MSTH
Misrod,MSO
Mitawal,MTI
Mitewani Ph,MTWN
Mitha,MITA
Mithapur,MTHP
Mithila Deep,MTLP
Miyagam Karjan,MYG
Miyagam Karjan Jn,MYGL
Miyana,MINA
Mobha Road,MBH
Modasa,MDSA
Modelgram,MG
Modinagar,MDNR
Modnimb,MLB
Modpur,MDPR
Modran,MON
Modukuru,MDKU
Moga,MOGA
Mohadi Prgn Lng,MHAD
Mohamadpur,MMDP
Mohammadkhera,MQE
Mohan Nagar,MNGR
Mohana,MOJ
Mohana,MOHR
Mohanlalganj,MLJ
Mohanpur,MHUR
Mohanpura H,MOPR
Mohanur,MONR
Mohapani Mal,MPML
Moharajpur,MJP
Mohari,MHF
Mohasa,MXS
Mohibullapur,MBP
Mohini Mandal,MMDL
Mohitnagar,MOP
Mohiuddinnagar,MOG
Mohiuddinpur,MUZ
Mohkhuti,MHKT
Mohol,MO
Mohope,MHPE
Mohri,MOY
Moinarband,MRBD
Mokalsar,MKSR
Mokameh Jn,MKA
Mokar Halt,MKHS
Mokhampura,MAKH
Mokhasa Kalavapudi,MVP
Mokholi,MXL
Mokhra Madina,MKMN
Molagavalli,MGV
Molakalmuru,MOMU
Molisar,MIO
Monabari,MFC
Monacherra,MNCR
Mondh,MOF
Monghyr,MGR
Monglajhora,MONJ
Monu,MANU
Mookambika Road,BYNR
Mor,MOR
Mora,MROA
Moradabad,MB
Moraiya,MORA
Morak,MKX
Moran,MOX
Moranhat,MRHT
Morappur,MAP
Morbi,MVI
Mordad Tanda,MWK
Morena,MRA
Morgram,MGAE
Mori Bera,MOI
Morinda,MRND
Morkadhana,MKDN
Morshi,MRSH
Morthad,MRTD
Morthala,MXO
Morwani,MRN
Mosur,MSU
Mota,MOTA
Mota Jadra,MQZ
Motari H,MWQ
Moterjhar,MTJR
Moth,MOTH
Moti Koral,MKRL
Moti Sadhli,MTSI
Motichur,MOTC
Motiganj,MOTG
Motihari Court,MCO
Motijheel,MTJL
Motipur,MTR
Motipura Chauki,MTPC
Motumari Jn,MTMI
Moturu,OTR
Moubund,MOBD
Mowad,MWAD
Mtyr C Tushar Mahajan,MCTM
Mudaria,MDXR
Muddalinganahalli H,MDLL
Muddanuru,MOO
Mudigubba,MGB
Mudkhed,MUE
Mudlana,MDLA
Muftiganj,MFJ
Mugad,MGD
Mugaiyur,MUY
Mugat,MGC
Mugma,MMU
Muhammadabad,MMA
Muhammadganj,MDJ
Muhammadpur,MHP
Muirpur Road,MPF
Mujnai,MJE
Mukerian,MEX
Mukhasa Parur,MKSP
Mukhtiar Balwar,MKT
Mukkali H,MUKE
Muktapur,MKPR
Mukteswarpuri Ph,MKTP
Muktsar,MKS
Mukunda Wadi H,MKDD
Mukundarayapurm,MCN
Mukuria,MFA
Mul Marora,MME
Mulacalacheruvu,MCU
Mulagunnathukavu,MGK
Mulanturutti,MNTT
Mulanur,MAR
Mulewal Khaihra,MLKH
Muli Road,MOL
Mulki,MULK
Mullanpur,MLX
Mullurcarai,MUC
Multai,MTY
Mulvad,MVD
Mumbai Central,MMCT
Munabao,MBF
Munda Gopal Ashram H,MGPA
Munderwa,MND
Mundha Pande,MPH
Mundhal Kalan,MLKN
Mundhewadi,MVE
Mundikota,MNU
Mundilyampakkam,MYP
Mundka H,MQC
Mungaiakami,MGKM
Mungaoli,MNV
Muniguda,MNGD
Munirabad,MRB
Munroturuttu,MQO
Munumaka,MUK
Mupa,MUPA
Muradi,MDF
Muradnagar,MUD
Muradpur H,MRDP
Muragacha,MGM
Murahara,MRHA
Muraitha H,MRTA
Murarai,MRR
Murarpur,MPY
Murdeshwar,MRDW
Murga Mahadev Road,MMVR
Murhari H,MUHI
Murhesi Rampur,MSRP
Murhipar,MUP
Muri,MURI
Muribahal,MRBL
Murkeongselek,MZS
Murli H,MRLI
Murliganj,MRIJ
Mursan,MSN
Murshadpur,MSDR
Murshidabad,MBB
Murtajapur,MZR
Murtiha,MUH
Murud,MRX
Murukkampuzha,MQU
Musafir Khana,MFKA
Musharwa H,MSHW
Musra,MUA
Mustabada,MBD
Mustafabad,MFB
Mustaphachak,MFCK
Mustara,MSV
Muthalamada,MMDA
Muthampatti H,MPC
Muthani,MTGE
Muttarasanallur,MTNL
Mutupet,MTT
Muzaffarnagar,MOZ
Muzaffarpur Jn,MFP
Muzzampur Nryn,MZM
Mysore Jn,MYS
N Ghaziabad,GZN
N Panakudi,NPK
Nabadwip Dham,NDAE
Nabagrarn Kankurhati,NBKH
Nabenagar Road,NBG
Nabha,NBA
Nabipur,NIU
Nacharam,NCRM
Nachinda P H,NCN
Nadaon Halt,NDON
Nadapuram Road,NAU
Nadaul,NDU
Nadbai,NBI
Nadiad Jn,ND
Nadiapur,NPU
Nadigam,NDAM
Nadikode,NDKD
Nadwan,NDW
Nagal,NGL
Nagalapalle,NPL
Nagalwancha,NVC
Naganahalli,NHY
Nagansur,NGS
Nagaon,NGAN
Nagappattinam,NGT
Nagar,NGE
Nagar Untari,NUQ
Nagardevla,NGD
Nagari,NG
Nagari,NGI
Nagaria Sadat,NRS
Nagarnabi,NGF
Nagarsol,NSL
Nagarur,NRR
Nagarwara,NWA
Nagasamudram,NGM
Nagaur,NGO
Nagavangala,NVF
Nagbhir Jn,NAB
Nagda Jn,NAD
Nager Coil Town,NJT
Nagercoil Jn,NCJ
Nagina,NGG
Nagireddipalli,NRDP
Nagjua F S,NJA
Naglatula,NGLT
Nagore,NCR
Nagothane,NGTN
Nagpur,NGP
Nagpur Road,NPRD
Nagradham Ph,NGDM
Nagrakata,NKB
Nagrigram Halt,NGIM
Nagrota,NGRT
Nagrota Suriyan,NGRS
Nagsar H,NXR
Naharkatiya,NHK
Naharlagun,NHLN
Naihati Jn,NH
Naika Road H,NARD
Naikheri,NKI
Naikot F,NIT
Naila,NIA
Nailalung,NLN
Naimisharanya,NM
Naini,NYN
Nainpur Jn,NIR
Najibabad Jn,NBD
Nakachari,NCH
Nakaha Jungle,JEA
Nakardaie,NKU
Nakkanadoddi,NKDO
Nakodar Jn,NRO
Naksalbari,NAK
Naktisemra,NKX
Nal Halt,NAL
Nalanda,NLD
Nalbari,NLV
Nalgonda,NLDA
Nalhati Jn,NHT
Nalkata,NLKT
Nalla Sopara,NSP
Nallacheruvu,NCU
Nallacheruvu East,NCE
Nallapadu,NLPD
Naloi Barwa,BVZ
Nalpur,NALR
Nalwar,NW
Namakkal,NMKL
Namanasamudram,NMN
Namburu,NBR
Namkon,NKM
Namli,NLI
Namrup,NAM
Namtiali,NMT
Nana,NANA
Nanaksar,NNKR
Nanauta,NNX
Nancherla,NLA
Nandaigajan P H,NDGJ
Nandalur,NRE
Nandani Lagunia,NNNL
Nandapur,NDPR
Nandesari,NDR
Nandganj,NDJ
Nandgaon,NGN
Nandgaon Road,NAN
Nandhakumar Ph,NDKR
Nandi H,NDY
Nandikoor,NAND
Nandiyampakkam,NPKM
Nandkhas,NDK
Nandlalee H,NDLH
Nandol Dehegam,NHM
Nandpur Bhatauli,NDBT
Nandre,NDE
Nandura,NN
Nandurbar,NDB
Nandyal,NDL
Nangal Dam,NLDM
Nangal Degrota,NDRT
Nangal Mundi,NNU
Nangal Pathani,NLQ
Nangal Rajawatan,NRWN
Nangloi,NNO
Nanguneri,NNN
Nani Baral,NBRL
Nanjangud Town,NTW
Nannilam,NNM
Nanpara Jn,NNP
Nanwan,NWN
Naojan,NJN
Napasar,NPS
Nar Town,NTN
Nara H,NARA
Naraikkinar,NRK
Naraina,NRI
Naraina Vihar,NRVR
Naraj Marthapur,NQR
Narangi,NNGE
Naranjipur,NRGR
Naranpur,NANR
Narasambudhi H,NBU
Narasapur,NS
Narasapurapupeta,NSPH
Narasaraopet,NRT
Narasinganpet,NPT
Narasingapalli,NASP
Narasinghgarh,NSGR
Narayan Pakuria Murail,NPMR
Narayanappavalasa H,NGJA
Narayanapuram,NRYP
Narayandoho,NYDO
Narayangarh,NYA
Narayanpur,NNR
Narayanpur Bazar,NPBR
Narayanpur Murli H,NRPM
Naraynpur Anant,NRPA
Nardana,NDN
Narela,NUR
Nareshwar Road,NRUR
Narganjo H,NRGO
Narhan,NRN
Nari Khetri,NRKE
Nariaoli,NOI
Narikkudi,NKK
Narimogaru,NRJ
Narindarpura,NPX
Nariyar,NRV
Narkatia Bazar H,NKBR
Narkatiaganj Jn,NKE
Narkher,NRKR
Narkopi F S,NRKP
Narmadapuram,NDPM
Narnaul,NNL
Naroda,NRD
Narpatganj,NPV
Narsinghpur,NU
Narsipatnam Rd,NRP
Narsipuram Halt,NSX
Narthamalai,NTM
Narthar H,NHX
Narwana Jn,NRW
Narwasi,NRWI
Nasik Road,NK
Nasirabad,NSD
Naskhal,NSKL
Nasrala,NAS
Natesar,NES
Nath Ganj,NGY
Nathapettai,NTT
Nathdwara,NDT
Nathnagar,NAT
Nathukheri,NKH
Nathwana,NTZ
National Police Academy Shivarampalli H,NSVP
Naugachia,NNA
Nauganwan,NGW
Naultha,NLH
Naupada Jn,NWP
Nautanwa,NTV
Navabpalem,NBM
Navade Road,NVRD
Navagadh,NUD
Navalur,NVU
Navanagar Halt,NANH
Navapur,NWU
Navipet,NVT
Navsari,NVS
Nawa City,NAC
Nawabganj Gonda H,NGB
Nawadah,NWD
Nawadih,NWDH
Nawagaon,NVG
Nawal Sahi H,NWSI
Nawalgarh,NWH
Nawalgohan,NVLN
Nawan,NAWN
Nawandgi,NAW
Nawapara Road,NPD
Nawashahr Doaba Jn,NSS
Naya Kharadia,NYK
Naya Nagar,NWC
Nayabhagirathipur Ph,NBT
Nayagaon,NYO
Nayagarh,NYG
Nayagarh Town,NYGT
Nayak Dih H,NAKD
Nayandahalli,NYH
Nayarhat,NYRH
Nayatola,NYT
Naydongri,NI
Nayudupeta,NYP
Nazarbag,NZG
Nazareth,NZT
Nazira,NZR
Nazirganj,NAZJ
Nekonda,NKD
Nekpur,NKPU
Nelamangala,NMGA
Nellaikuppam,NPM
Nellayi,NYI
Nellimaria,NML
Nellore,NLR
Nellore South,NLS
Nema H,NEMA
Nemakallu,NMLU
Nemalipuri,NLPI
Nemem,NEM
Nemilicherry H,NEC
Nemua H,NEUA
Nenpur,NEP
Neora,NEO
Neora Naddi,NOR
Nepalganj Road,NPR
Nepanagar,NPNR
Ner H,NERH
Neral,NRL
Neral Jn,NRLN
Neralakatte Halt,NRF
Nergundi,NRG
Neri,NERI
Netawal,NTWL
Neuri Halt,NUIH
New Alipurdaur,NOQ
New Amravati,NAVI
New Aryankavu,AYVN
New Ashti,NAHT
New Balarampur H,NBPH
New Baneswar,NBS
New Barauni Jn,NBJU
New Barrackpur,NBE
New Bongaigaon,NBQ
New Changrabandha,NCBD
New Cooch Behar,NCB
New Delhi,NDLS
New Dhanora,NDNR
New Domohani,NQH
New Farakka Jn,NFK
New Garh Madhupur,NGMP
New Giridih,NGRH
New Gitldada Jn,NGTG
New Gummandev,NGMN
New Guntur,NGNT
New Haflong,NHLG
New Harangajao,NHGJ
New Jalpaiguri,NJP
New Kaithal Halt,NKLE
New Karimganj,NKMG
New Loni,NLNI
New Madanpur,MPUR
New Mal Jn,NMZ
New Maynaguri,NMX
New Misamari,NMM
New Morinda,NMDA
New Nawadih,NNWH
New Ramnath Pur,RTRA
New Runnisaidpur Halt,NRSD
New Silchar,NSCL
New Sisiborgaon,NSBG
New Tinsukia Jn,NTSK
Neyamatpur H,NYM
Neyveli,NVL
Neyvilakku,NVK
Neyyattinkara,NYY
Nibhapur,NBP
Nibkarori,NBUE
Nichitpur,NPJE
Nidadavolu Jn,NDD
Nidaghatta Halt,NZH
Nidamangalam,NMJ
Nidamanuru,NDM
Nidhani,NDNI
Nidi,NIDI
Nidigallu,NDZ
Nidubrolu,NDO
Nidur,NID
Nidvanda,NDV
Nigatpur F,NTU
Nigaura,NIQ
Nigohan,NHN
Nigohi,NOH
Nihalgarh,NHH
Nihasta H,NHF
Nikursini,NSI
Nilaje,NIIJ
Nilakantheswar,NKW
Nilambazar,NLBR
Nilambur Road,NIL
Nileshwar,NLE
Nilgiri Road,NGRD
Nilokheri,NLKR
Nim Ka Thana,NMK
Nimach,NMH
Nimbahera,NBH
Nimbal,NBL
Nimbhora,NB
Nimdih,NIM
Nimiaghat,NMG
Nimkana,NIN
Nimo H,NMF
Nimpura Th Yard,NPTY
Nimshirgaon Tamdalge,NMGT
Nimtita,NILE
Nindhar Benar,NDH
Nindra,NVA
Ningala Jn,NGA
Nipani Vadgaon,NPW
Nipania,NPI
Niphad,NR
Nira,NIRA
Nirakarpur,NKP
Nirmali,NMA
Nirol,NXL
Nishangara,NSA
Nisui,NSU
Nittur,NTR
Nivari,NEW
Nivasar,NIV
Niwar,NWR
Niwas Road,NWB
Niyalish Para,NLSF
Niyazipur H,NZP
Niz Sariha,NSRH
Nizamabad,NZB
Nizampur,NIP
Nizbarganj,NBX
Nizchatia,NCA
Noadar Dhal,NRX
Noamundi,NOMD
Noapara Mahishasar,NWMS
Nobanda Ph,NOB
Noganwan,NGWN
Nohar,NHR
Nohbachhamadi,NHB
Nokha,NOK
Nokhra,NKRA
Nolbari,NOLB
Noli,NOLI
Nomoda,NMD
Nonapar F,NNPR
Nonar Halt,NON
Nonera,NNE
Nonihat,NNHT
Noorsarai,NRSI
Norla Road,NRLR
North Lakhimpur,NLP
Nosaria,NOA
Nossam,NOSM
Nowrozabad,NRZB
Nrynpur Tatwar,NNW
Nsc Bose Itwari,NITR
Nsc Bose J Gomo,GMO
Ntpc Exchange Yard,NEYT
Nua,NUA
Nuagan,NUGN
Nuagaon,NXN
Nuagaon,NXNR
Nuagaon Mayurbhanj Road,NMBR
Nudurupadu,NDPU
Nujella,NUJ
Nulenuru H,NLNR
Numaligarh,NMGY
Nungambakkam,NBK
Nunkhar,NRA
Nurabad,NUB
Nurmahal,NRM
Nurnagar H,NRNR
Nurpur Road,NUPR
Nurpura H,NPH
Nusratabad Kharkhari H,NTG
Nuzvid,NZD
Nyoli Kalan,NKN
Nyoriya Husenpur,NRY
Oating,OTN
Obaidulla Ganj,ODG
Obalapuram,OBM
Obra Dam,OBR
Obulavaripalli,OBVP
Ochira,OCR
Od,OD
Oddanchatram,ODC
Oddarahalli,ORH
Odela,OEA
Odha,ODHA
Odhaniya Chacha,OCH
Odhava,OHV
Odur,ODUR
Oel,OEL
Ohan,OHAN
Okha,OKHA
Okhla,OKA
Olakur,OLA
Olapur,OLP
Old Malda,OMLF
Old Sachdeva H,OSH
Ollur,OLR
Omalur,OML
Omkareshwar Rd,OM
Ondagram,ODM
Ongole,OGL
Onnupuram H,OPM
Ontimitta,VNM
Oodlabari,ODB
Oorgaum,OGM
Ootward,OTD
Orai,ORAI
Orchha,ORC
Ore H,OREH
Orga,ORGA
Orki H,ORKI
Orr,ORR
Orwara,ORW
Osiyan,OSN
Osra,OSRA
Otivakkam,OV
Ottakkal,OKL
Ottakovil,OTK
Ottappalam,OTP
Pabai,PAI
Pabbapuram Halt,PBAP
Pabli Khas,PQY
Pabnawajas Mahindar H,PBJM
Pachandi,PNDI
Pachar Malikpura,PCMK
Pachchakuppam,PCKM
Pachhapur,PCH
Pachor Road,PFR
Pachora Jn,PC
Pachperwa,PPW
Pachpokharia,PPK
Pachrukhi,PCK
Pachwan,PNWN
Padadhari,PDH
Padalam,PTM
Padaliya Road,PLRD
Padampur,PDF
Padapahar Jn.,PDPH
Padhegaon,PDGN
Padiya Nagla H,PAQ
Padla,PDQ
Padli,PI
Padma,PDMA
Padnur,PDNR
Padra,PDRA
Padrauna,POU
Padriganj,PNJ
Padse,PDP
Padua,PFU
Padubidri,PDD
Padugupadu,PGU
Pagara,PGA
Pagdhal,PGL
Pagidirai,PGDI
Pagla Chandi,PCX
Pahaleja,PHE
Pahara,PRE
Paharjagangaur H,PRGA
Paharpur,PRP
Paharsar,PRSR
Paimar,PMI
Paintepur F,PPE
Pajian,PJA
Pakala Jn,PAK
Pakaria Road,PKRD
Pakhajan,PKJ
Pakhna,PKNA
Pakhrauli,PKX
Pakki,PKK
Pakni,PK
Pakra,PKC
Pakur,PKR
Pala,PAAL
Palachauri,PCLI
Palaiyam I,PALM
Palakkad Jn,PGT
Palakkodu,PCV
Palakollu,PKO
Palam,PM
Palampur Hmchl,PLMX
Palana,PAE
Palani,PLNI
Palanpur Jn,PNU
Palappuram,PLPM
Palari,PUE
Palasa,PSA
Palasdari,PDI
Palasingi,PLSG
Palasner,PAL
Palat Potaram,PAPM
Palavantangal,PZA
Palayankottai,PCO
Palayasivaram,PYV
Paldhi,PLD
Palej,PLJ
Palghar,PLG
Palghat Town,PGTN
Palhawas,PLHW
Pali A,PAIL
Pali Marwar,PMY
Palia,PLA
Palia Kalan,PLK
Paliba,PBV
Paligarh H,PLGH
Palikona,POA
Palitana,PIT
Pallavaram,PV
Pallevada,PLVA
Pallippuram,PUM
Palliyadi,PYD
Palpara,PXR
Palsana,PLSN
Palsi,PLV
Palsit,PLAE
Palsora Makrawan,PSO
Palta,PTF
Palur,PALR
Palwal,PWL
Paman,PMN
Pamban Jn,PBM
Pamidi,PMD
Pampora,PMPE
Panagarh,PAN
Panangudi,PNGI
Panapakam,PAM
Panbari,PNB
Panch Pipila,PCN
Panch Rukhi,PHRH
Panchdeori Halt,PCDR
Panchgachia,PGC
Panchgram,PNGM
Panchot,PHC
Panchpatia Deoria H,PPDA
Panchra,PCR
Panchratna,PNVT
Panchtalavda Road,PCT
Pandabeswar,PAW
Pandaravadai,PDV
Pandaul,PDW
Pandavapura,PANP
Pandetola,PETA
Pandharpur,PVR
Pandhurna,PAR
Pandillapalli,PNDP
Pandoli,PMO
Pandori,PNDR
Pandrasali,PRSL
Pandu Pindara H,PPDE
Panduranga Swamy Road,PASR
Paneli Moti,PLM
Panevadi,PNV
Pangaon,PNF
Pangarshinde H,PNSD
Pangri,PJR
Panhai,PNHI
Paniahwa,PNYA
Paniajob,PJB
Paniara H,PNRA
Panihar,PNHR
Panikhaiti,PHI
Panipat Jn,PNP
Panisagar,PASG
Panitola,PNT
Panj Kosi,PJK
Panjgam,PJGM
Panjhan,PJN
Panjipara,PJP
Panjwara Road,PJLE
Panki Dham,PNKD
Panoh,PH
Panoli,PAO
Panpali,PNPL
Panpana Ph,PNPN
Panposh,PPO
Panruti,PRT
Pansar,PN
Panskura,PKU
Pantnagar,PBW
Panvel,PNVL
Panyam,PNM
Papanasam,PML
Paparera,PPEA
Papatapalli,PPY
Papinayaknahali,PKL
Pappinisseri,PPNS
Paprakund,PPKD
Paradgaon,PDG
Paradip,PRDP
Paradol,PRDL
Paradsinga Halt,PSK
Paraiya,PRY
Paraj,PAJ
Parakheda,PARH
Paramakkudi,PMK
Paramjeevar Tarajeevar,PATR
Parangipettai,PO
Paranur,PWU
Parao Mahna,PMH
Paras,PS
Parashshala,PASA
Parasia,PUX
Parasnath,PNME
Parauna,PRN
Paravur,PVU
Parbati,PRB
Parbatonia,PBB
Parbatsar,PBC
Parbhani Jn,PBN
Pardhande,PHQ
Pardi,PAD
Parewadi,PRWD
Parhana Mau,PQU
Parhihara,PIH
Paricha,PIC
Parikkal,PRKL
Parisal,PSL
Parjani H,PJY
Parkanhatti,PRKH
Parkham,PRK
Parlakimidi,PLH
Parli,PLL
Parli Vaijnath,PRLI
Parlu,PRU
Parmalkasa,PMS
Parmanand,PMQ
Parmanandpur,PMU
Parminiya H,PMYA
Paror,PRAR
Parpanangadi,PGI
Parsa,PRZ
Parsa Basuari,PRBR
Parsa Bazar,PRBZ
Parsa Kerwan Halt,PKRH
Parsa Khera,PKRA
Parsa Nagar H,PRSN
Parsa Tewari,PATI
Parsabad,PSB
Parsauni,PSZ
Parsendi,PSN
Parsipur,PRF
Parsneu,PSV
Parsoda,PSD
Parsoli,PSLI
Partabpura,PPB
Partapur,PRTP
Partur,PTU
Parvatipuram,PVP
Parvatipuram Tn,PVPT
Parvezpur,PVZ
Parwakhurd H,PRWA
Pasalapudi,PSLP
Pasivedala,PSDA
Pasraha,PSR
Pasupatikovil,PVL
Pasur,PAS
Pata,PATA
Patakottacheru,PLU
Patal Pani,PTP
Patam,PATM
Patan,PTN
Patansaongi,PTS
Patapatnam,PHM
Patara,PTRE
Patas,PAA
Patasahi,PSJ
Pataudi Road,PTRD
Patchur,PU
Patel H,PATL
Patel Nagar,PTNR
Paterhi,PEE
Pathakpur,PHX
Pathankot,PTK
Pathankot Cantt,PTKC
Pathardih Jn,PEH
Patharia,PHA
Patharkandi,PTKD
Patharkhola,PKB
Pathauli,PTLI
Pathrad,PARD
Pathrala,PTRL
Pathri,PRI
Pathsala,PBL
Patia Ph,PTAB
Patiala,PTA
Patiala Cant,PTE
Patiali,PTI
Patiladaha,PTLD
Patiyara,PTYR
Patli,PT
Patliputra,PPTA
Patna Ghat,PTG
Patna Jn,PNBE
Patna Saheb,PNC
Patohan,PTHD
Patra,PTRA
Patranga,PTH
Patrasayer Ph,PSF
Patratu,PTRU
Patsul,PTZ
Pattabiram,PAB
Pattambi,PTB
Pattan,PTTN
Pattaravakkam,PVM
Patti,PAX
Patti Rajpura H,PTRJ
Pattikkad,PKQ
Pattukottai,PKT
Patuli,PTAE
Patuwas Mehrana,PUW
Patwara,PTWA
Pauniyan,PUNA
Pauta H,PUF
Pauwara H,PUWA
Pavi,PAVI
Pavurchutram,PCM
Pawai Brohmasthan H,PWBN
Pawani Kumarpur H,PWXP
Pawapuri Road,POE
Payagpur,PDR
Payangadi,PAZ
Payli,PYI
Payradanga,PDX
Payyanur,PAY
Payyoli,PYOL
Pedakakani Halt,PDKN
Pedana,PAV
Pedapariya,PYA
Pedda Avutapale,PAVP
Peddadinne,PDNA
Peddakurapadu,PKPU
Peddanayakkanpalaiyam,PDKM
Peddapalli,PDPL
Peddasana,PDSN
Peddavadlapudi,PVD
Peddempet,PPZ
Peeplee Ka Bas,PKBS
Pehowa Road,PHWR
Pembarti,PBP
Pen,PEN
Pencharthal,PEC
Pendekallu,PDL
Pendlimarri,PDMI
Pendra Road,PND
Pendurti,PDT
Penganga,PGG
Pennada Agrhrm,PAGM
Pennadam,PNDM
Pennathur H,PNTR
Penukonda,PKD
Penumarru,PUMU
Peokol H,POKL
Peppeganj,PJ
Peralam Jn,PEM
Perambur,PER
Perambur Carriage Works,PCW
Perambur Loco Works,PEW
Perani,PEI
Perashahannur,PEU
Peravurani,PVI
Perecherla,PRCA
Pergaon,PG
Perinad,PRND
Periyakottai,PYK
Periyanaga Thumai,PRNT
Periyanaikanpalaiyam,PKM
Pernem,PERN
Persehra Mal H,PMM
Perugamani,PGN
Perundurai,PY
Perungalalattur,PRGL
Perunguzhi,PGZ
Petlad Jn,PTD
Petrapol,PTPL
Pettai,PEA
Pettaivayatalai,PLI
Peyanapalli H,PYX
Phagwara Jn,PGW
Phakhoagarm,PKGM
Phalodi Jn,PLCJ
Phaltan,PLLD
Phanda,PUD
Phaphamau Jn,PFM
Phaphund,PHD
Pharadahan H,PD
Phariha,PHY
Phephna Jn,PEP
Phesar,PES
Phiding,PDJ
Phillaur Jn,PHR
Phirangipuram,PPM
Phoop,PHOP
Phulad,FLD
Phulaguri,PUY
Phulera Jn,FL
Phuleswar,FLR
Phulpur,PLP
Phulwari Sharif,PWS
Phulwaria,PLWR
Phulwartanr,PLJE
Phursungi,FSG
Phusro,PUS
Piardoba,PBA
Pichchandar Kovil,BXS
Pichkurirdhal,PCQ
Piduguralla,PGRL
Pilamedu,PLMD
Piler,PIL
Pili Bangan,PGK
Pilibhit Jn,PBE
Pilighat,PIGT
Pilioda,PDZ
Pilkhani,PKY
Pilkhua,PKW
Pilol,PIO
Pilu Khera,PKDE
Pilwai Road,PWR
Pimpalkhuti,PMKT
Pimpar Khed,PKE
Pimpla Chaure H,PPLC
Pimpri,PMP
Pinargaria,PRGR
Pindarsi H,PDS
Pindial,PQL
Pindkepar,PQH
Pindra Road,PDRD
Pindrai,PDE
Pindwara,PDWA
Pingleshwar,PLW
Pingli,PIZ
Pingora,PNGR
Pipalda Road,POR
Pipalsana,PLS
Pipalwali Chowki,PPCK
Pipar City,PCY
Pipar Road Jn,PPR
Piparahan Halt,PPRH
Pipardahi,PED
Pipariya,PPI
Pipariya Kalan,PWK
Piparpur,PPU
Piparsand,POF
Pipiliya Road,PPS
Pipla Halt,PQA
Piplai,PPLA
Piplaj,PPF
Piplee,PLE
Pipli,PPLI
Pipli Pakhi Kalan,PKZ
Piplia,PIP
Piplod Jn,PPD
Piploda Bagla,PPG
Pipra,PPA
Pipradih,PPDI
Pipradih,PADH
Pipraich,PPC
Pipraigaon,PIA
Piprala,PFL
Pipri Dih,PPH
Pipritnan,PPTN
Pir Jhalar,PJH
Pir Umrod,PUO
Piravam Road,PVRD
Piro,PIRO
Pirpainti,PPT
Pirtala,PRTL
Pirthala Lalauda,PLT
Pirthiganj,PHV
Pirumadara H,PRM
Pirwa,PW
Piska F S,PIS
Pitambarpur,PMR
Pithapuram,PAP
Piyala Block Hut,PYLA
Pjp Road Halt,PJPR
Plassey,PLY
Pmbakvl Shandy,PBKS
Pocharam,PCZ
Podanur Jn,PTJ
Podur,PUDR
Pokharni Nrsnha,PKNS
Pokhrayan,PHN
Pokla,PKF
Pokran,POK
Pola Patthar,POX
Polireddipalem,PEL
Pollachi Jn,POY
Polur,PRL
Pondugula,PDGL
Ponduru,PDU
Ponmalai Gld Rck,GOC
Ponneri,PON
Ponpadi,POI
Poodoor H,PDO
Pophlaj,PPJ
Pora,PORA
Poradanga H,PRDG
Porbandar,PBR
Poreyahat,PYHT
Porjanpur,PRNR
Posotia,PST
Pothahi,PFT
Potheri,POTI
Pothia,POT
Potkapalli,PTKP
Potlapadu,POO
Potul,POZ
Powerkheda,PRKD
Powerpet,PRH
Prachi Road Jn,PCC
Pradhankhunta,PKA
Pragati Maidan,PGMD
Prajapati(Halt),PJPT
Pranpur Road,PQD
Prantij,PRJ
Prantik,PNE
Prasadpur H,PRSP
Prasannayanapalli,PSPY
Pratabpur H,PTPR
Pratap Bagh,PRBG
Pratap Nagar,PRTN
Pratapganj,PPV
Prayag Jn,PRG
Prayagraj Chheoki,PCOI
Prayagraj Jn,PRYJ
Prayagraj Rambagh,PRRB
Prayagraj Sangam,PYGS
Prempur,PMPR
Pritam Nagar,PRNG
Prithwirajpur,PRUR
Proddatur,PRDT
Pt Deen Dayal Upadhyay Jn,DDU
Ptnsngi Twn Hlt,PSX
Pudgam Ganeshpura,PDGP
Pudi,PUDI
Puduchatiram,PUC
Puduchatram,PCTM
Puducherry,PDY
Pudukad,PUK
Pudukkottai,PDKT
Pudunagaram,PDGM
Pugalur,PGR
Pukkiravari,PRV
Pulgaon Jn,PLO
Pulicherla,PCL
Puliyamangalam,PLMG
Pulla,PUA
Pullambadi,PMB
Pullampet,PMT
Punaichak H,PCHT
Punalur,PUU
Punarakh,PHK
Pundhag,PNW
Pundi,PUN
Pundibari,PQZ
Pundooah,PDA
Pune Jn,PUNE
Punggudi,PUG
Puniyavant,PQT
Punkunnam,PNQ
Punnapra,PNPR
Punpun,PPN
Punpun Ghat H,PNUG
Punsia,PNSA
Puntamba,PB
Punthottam,POM
Pura Halt,PAHB
Puraini,PNI
Purandarpur H,PDPR
Puranigudam,PUQ
Puranpur,PP
Purbasthali,PSAE
Puri,PURI
Purna Jn,PAU
Purnia Court,PRNC
Purnia Jn,PRNA
Purshotampur,PSPH
Purua Khera,PRKE
Purulia Jn,PRR
Purunapani,PNPI
Pusauli,PSE
Pushkar Terminus,PUHT
Pushpattur,PPTR
Pusla,PUSA
Putalapattu,PTT
Putarra,PRTR
Putlacheruvu,PCU
Putlur H,PTLR
Puttur,PUT
Puvanur,PVN
Pwn Klaknder Rd,PQN
Qadian,QDN
Qasimpur Kheri,KPKI
Quazigund,QG
Quilandi,QLD
Qutabpur,QTP
R Block H,RBHT
Rabhra Halt,RBHR
Radha Balampur,RDV
Radhagaon,RDF
Radhakishorepur,RQP
Radhakund,RAKD
Radhamohanpur,RDU
Radhanpur,RDHP
Radhikapur,RDP
Rae Bareli Jn,RBL
Rafiganj,RFJ
Rafinagar F,RFR
Rafleshwar,RF
Ragaul,RGU
Raghavapuram,RGPM
Raghogarh,RGG
Raghopur,RGV
Raghouli,RGLI
Raghubans Nagar,RBN
Raghunathbari,RGX
Raghunathgarh,RGNH
Raghunathpalli,RGP
Raghunathpur,RCTC
Raghunathpur,RPR
Raghuraj Singh,RRS
Raha,RAHA
Rahama,RHMA
Rahatwas,RTWS
Rahenbata,RNBT
Rahimabad,RBD
Rahimatpur,RMP
Rahmat Nagar,RMNR
Rahon,RHU
Rahul Road,RRE
Rahuri,RRI
Rai Singh Nagar,RSNR
Raibha,RAI
Raibojha,RBJ
Raichur,RC
Raigadh Road,RGQ
Raiganj,RGJ
Raigarh,RIG
Raika Bagh,RKB
Rail Coach Factory Kxh,RCF
Raila Road,RLR
Railey English H,RLE
Raimehatpur,MTPR
Rainagar Ph,RNGR
Raipur Haryana,RPHR
Raipur Jn,R
Rairakhol,RAIR
Rairangpur,RRP
Raiserjagir,RSJ
Raisi,RSI
Raiwala,RWL
Raj Gangpur,GP
Raj Nandgaon,RJN
Raj Pardi,RJD
Raja Bhat Khawa,RVK
Raja Ka Sahaspr,RJK
Raja Ki Mandi,RKM
Raja Talab,RTB
Rajabera,RJB
Rajagambiram,RAGM
Rajagoda,RGA
Rajajan Halt,RJJN
Rajaldesar,RJR
Rajalukah,RJLK
Rajamundry,RJY
Rajanagar,RJA
Rajankunti,RNN
Rajapalayam,RJPM
Rajapatti,RPV
Rajapur,RJAP
Rajapur Road,RAJP
Rajath Garh,RJGR
Rajawari,RJI
Rajbandh,RBH
Rajdhanwar,DNWR
Rajendra Pul,RJO
Rajendranagar,RJQ
Rajevadi,RJW
Rajgarh,RHG
Rajghat Narora,RG
Rajghat Ph,RGT
Rajgir,RGD
Rajgram,RJG
Rajhura,RHR
Rajim,RIM
Rajiv Nagar H,RVN
Rajiyasar,RJS
Rajkharsawan Jn,RKSN
Rajkiawas,RKZ
Rajkot Jn,RJT
Rajla,RJLA
Rajlu Garhi,RUG
Rajmahal,RJL
Rajmalpur Road H,RJMP
Rajmane,RM
Rajnagar K H,RJAK
Rajoli,ROL
Rajosi,ROS
Rajpipla,RAJ
Rajpura Jn,RPJ
Rajsitapur,RJC
Rajsunakhala,RSKA
Rajula City,RJU
Rajula Jn,RLA
Rakesh Bagh Halt,RHBH
Rakha Mines,RHE
Rakhi,RHI
Rakhitpur,RKJE
Rakhiyal,RKH
Ram Bishanpur,RBQ
Ram Chaura Road,RMC
Ram Dayalu Nagar,RD
Ram Nagar J K,RMJK
Ramachandrapur,RCP
Ramachandrapuram,RBCS
Ramaipur H,RAMR
Ramakona,RMO
Ramakunda Halt,RIBP
Raman,RMN
Ramanagaram,RMGM
Ramanand Tewary H,RNTE
Ramanathapuram,RMD
Ramannapet,RMNP
Ramanujampalli H,RLX
Ramapuram,RAM
Ramaraju Palli,RRJ
Ramavarappadu,RMV
Rambha,RBA
Rambhaddarpur,RBZ
Rambhawan H,RPWN
Ramchaura H,RCRA
Ramdas,RDS
Ramdevra,RDRA
Rameshwar Nagar H,RSWN
Rameswaram,RMM
Ramganga,RGB
Ramganj,RMGJ
Ramganj Mandi,RMA
Ramgarh,RAH
Ramgarh Cant,RMT
Ramgarhwa,RGH
Ramghat H,RMBG
Ramgiri,RGI
Ramgovindsingh Mahuli H,RSMN
Ramgundam,RDM
Ramkanali Jn,RKI
Ramkola,RKL
Ramkot,RAK
Ramna,RMF
Ramnagar,RMR
Ramnagar Bengal,RMRB
Ramnathpur,RTR
Rampahari,RMPH
Ramparda,RA
Rampur,RMU
Rampur Bazar,RMPB
Rampur Dumra,RDUM
Rampur H,RMPR
Rampur Hat,RPH
Rampur Maniharan,RPMN
Rampur Mp,RAPU
Rampura Beri,RMB
Rampura Phul,PUL
Rampuri,RAMP
Ramrajatala,RMJ
Ramrupnagar H,RRNH
Ramsagar,RSG
Ramsan,RXN
Ramsar,RMX
Ramsinghpur,RMSR
Ramtek,RTK
Ramva,RAMA
Rana Bordi,RNBD
Ranaghat Jn,RHA
Ranala,RNL
Ranapratapnagar,RPZ
Ranavav,RWO
Ranchi,RNC
Ranchi Road,RRME
Randala,RLD
Randheja,RDJ
Randia Baudpur,RDBR
Rangaliting,RNGG
Rangapahar,RXR
Rangapani,RNI
Rangapara North,RPAN
Rangapuram,RGM
Rangareddy Guda,RRGA
Rangepalli,REPI
Rangiya Jn,RNY
Rangjuli,RGJI
Rangmahal,RMH
Rangtong,RTG
Rani,RANI
Rani Kamlapati,RKMP
Ranibennur,RNR
Raniganj,RNG
Ranigaon,RNGN
Ranikund Rarah,RKR
Ranipatra,RNX
Ranipur Road,RNRD
Ranital,RNTL
Raniwara,RNV
Ranjangaon Rd,RNJD
Ranjani,RNE
Rankuva,RW
Ranoli,RNO
Ranolishishu,RNIS
Ranpur,RUR
Ranpura,RNB
Ranthambhore,RNT
Ranu Pipri,RPP
Ranuj,RUJ
Ranyal Jasmiya,RCJ
Raoti,RTI
Raparla H,RPRL
Rasayani,RSYI
Rashidpura Khori,RDK
Rasipuram,RASP
Rasmara,RSM
Rasra,RSR
Rasulabad,RUB
Rasull,RES
Rasulpur,RSLR
Rasulpur Gogumau,RPGU
Rasuriya,RYS
Ratabari,RTBR
Ratan Sarai,RTU
Ratan Shahr,RSH
Ratangaon,RTGN
Ratangarh Jn,RTGH
Ratangarh Kanakwal,RKK
Ratanpur,RPUR
Ratanpura,RTP
Ratar Chhattar,RCR
Rathdhana,RDDE
Rati Ka Nagla,RKN
Ratikheda,RIKA
Ratlam Jn,RTM
Ratlam New,RTMN
Ratnagiri,RN
Ratnipora Halt,RPAP
Ratona,RTZ
Rattoke Gurdwara H,RKG
Rau,RAU
Rauli,RUL
Rautara,RWA
Rauzagaon,RZN
Ravalpalli Kalan,RPK
Ravanasamudram,RVS
Raver,RV
Ravikampadu,RVD
Ravindrakhani,RVKH
Ravtha Road,RDT
Rawania Dungar,RWJ
Rawatganj F,RJ
Rawatpur,RPO
Raxaul Jn,RXL
Ray,RAY
Raya,RAYA
Rayadrug,RDG
Rayagada,RGDA
Rayaka,RY
Rayakkottai,RYC
Rayalcheruvu,RLO
Rayanapad,RYP
Rayaru,RRU
Rayatpura,RYT
Raybag,RBG
Razaganj,RZJ
Razampeta,RJP
Rechni Road,RECH
Reddigudem,REM
Reddipalayam,RDY
Reddipalle,RPL
Regadipalli,RLL
Regupalem,REG
Rejinagar,REJ
Relangi,RLG
Rema,REMA
Ren,REN
Rengali,RGL
Renhat,RENH
Renigunta Jn,RU
Rentachintala H,RCA
Rentiya,RET
Renukut,RNQ
Renwal,RNW
Reoti,ROI
Reoti B Khera,RBK
Repalle,RAL
Retang,RTN
Rethorakalan,RAKL
Revelganj Ghat H,RVG
Rewa,REWA
Rewari,RE
Rewral,RRL
Ribada,RBR
Richha Road,RR
Richughutu,RCGT
Riddhapur,RDHR
Riga,RIGA
Rikhabdev Road,RDD
Ringas Jn,RGS
Risama,RSA
Rishikesh,RKSH
Rishikund,RIKD
Rishra,RIS
Risia,RS
Rithi,REI
Rjndr Ngr Bihar,RJPB
Rmgrh Shekhwati,RSWT
Rmkrshnaprm Gte,RKO
Rningr Jlpaigri,RQJ
Robertson,ROB
Roha,ROHA
Rohad Nagar,ROHN
Rohal Khurd,RLK
Rohana Kalan,RNA
Rohat,RT
Rohira Ghallughara H,RHW
Rohtak Jn,ROK
Romana Albel Singh,RLS
Rompalle Ph,RML
Rompicharla,RPCA
Rooma,RXM
Roorkee,RK
Rora,RORA
Roranwala,RRW
Roshan Mau H,RMW
Roshanpur,RHN
Rotegaon,RGO
Rourkela,ROU
Routhpuram Ph,RMZ
Rowriah Sdg,RWH
Rowta Bagan,RWTB
Royapuram,RPM
Roza Jn,ROZA
Rudain,RDN
Rudauli,RDL
Rudrapur City,RUPC
Rudrapur Sidcul H,RPSC
Rukadi,RKD
Rukhai Halt,RUKH
Rukhi H,RKX
Rukmapur,RMY
Rukni,RUI
Rundhi,RDE
Runija,RNJ
Runkhera,RNH
Runkuta,RNKA
Runnisaid Pur,RUSD
Rupaheli,RPI
Rupai,RPY
Rupaigaon,RUP
Rupamau,RUM
Rupasibari,RPB
Rupauli,RPLY
Rupaund,RPD
Rupbas,RBS
Rupnagar,RPAR
Rupnarayanpur,RNPR
Rupra Road,RPRD
Rupsa Jn,ROP
Rura,RURA
Rure Asal H,RRAL
Rusera Ghat,ROA
Ruthiyai,RTA
S Bhakhtiyarpur,SBV
S K Para,SKAP
S Narayan Chpla,SNC
S Venkteswrpalm,SVPM
Sabalgarh,SBL
Sabarmati Bg,SBIB
Sabarmati Jn,SBT
Sabaur,SBO
Sabdalpur Jn,SBDP
Sabira,SZZ
Sabli Road,SR
Sabroom,SBRM
Sachin,SCH
Sachiwalaya H,SCY
Sadanapura,SNA
Sadar Bazar,DSB
Sadashibapur,SSPR
Sadashivapet Rd,SSPD
Sadat,SDT
Sadda Singhwala,SSZ
Sadhoo Garh,SDY
Sadipur H,XSAD
Sadisopur,SDE
Sadulpur Jn,SDLP
Sadulshahr,SDS
Sadura,SDUA
Safdarganj,SGJ
Safedabad,SFH
Safidon,SFDE
Safilguda,SFX
Safipur,SFPR
Safrai,SFR
Sagadapata,SGDP
Sagar Jambagaru,SRF
Sagarakatte,STE
Sagardighi,SDI
Sagarpali,SVI
Sagauli Jn,SGL
Saghar Sultanpur H,SSHT
Sagma T,SAGM
Sagoni,SAO
Sagphata,SXA
Sahadai Buzurg,SDG
Sahajipur H,SHJP
Saharanpur,SRE
Sahari H,SHT
Saharsa Jn,SHC
Saharsa Kacheri H,SHKY
Saharsrakund,SHSK
Sahaspur Road Ph,SHJ
Sahatwar,STW
Sahawar Town,SWRT
Saheed Ishwar Chowdhary H,SICY
Saheed Suraj Narayan Singh H,SSNS
Saheli,SAHL
Saheri H,SAHR
Sahibabad,SBB
Sahibganj Jn,SBG
Sahibpur Kml Jn,SKJ
Sahibzada Asngr,SASN
Sahid Baba Parv Halt,SBPS
Sahid Matangini,SMTG
Sahijpur,SAHP
Sahjanwa,SWA
Sahjha H,SAJH
Sahuwala,SHWL
Sai P Nilayam,SSPN
Saidabad,SDC
Saidanwala,SWX
Saidapet,SP
Saidapur,SADP
Saidkhanpur,SYK
Saidpur Jalalabad,SPJB
Saidraja,SYJ
Saifai,SIPI
Saifee Nagar H,SFNR
Saila Khurd,SQJ
Sainagar Shirdi,SNSI
Saintala,SFC
Sainthia,SNT
Sairang,SANG
Saithal H,STH
Saiyedpur Bhitri,SYH
Saiyid Sarawan,SYWN
Sajanvar Road,SJF
Sajerpar,SJRR
Sajhauli H,SJV
Sajuma,SJM
Sakaldiha,SLD
Sakariya,SKAR
Sakharayapatna,SHYP
Sakhi Gopal,SIL
Sakhoti Tanda,SKF
Sakhpur,SKR
Sakhun,SK
Sakleshpur,SKLR
Sakri Jn,SKI
Sakrigali Jn,SLJ
Saktesgarh,SKGH
Sakti,SKT
Saktigarh,SKG
Salabad,SABD
Salagaon,SQQ
Salai Banwa,SLBN
Salaia,SLIA
Salaia,SYA
Salakati,SLKX
Salamatpur,SMT
Salanpur,SLS
Salar,SALE
Salar Khurd,SRKR
Salarpur,SLRP
Salauna,SLNA
Salawas,SZ
Salbari,SXX
Salboni,SLB
Salchapra,SCA
Salekasa,SKS
Salem Jn,SA
Salem Market,SAMT
Salem Town,SXT
Salemgarhmasani,SJSM
Salempur Halt,SPRN
Salempur Jn,SRU
Salgajhari,SLJR
Salhaitola,SHIT
Salhana,SLHA
Sali,SALI
Salichauka Road,SCKR
Salimpur Bihar,SMBH
Saliyamangalam,SMM
Salkaroad,SLKR
Salkhapur,SAF
Salmari,SRI
Salogra,SLR
Salona,SLON
Salpa,SLP
Salpura,SYL
Salur,SALR
Salwa,SAL
Samaguri,SMGR
Samakhiali B G,SIOB
Samalkha,SMK
Samalkot Jn,SLO
Samalpatti,SLY
Samar Gopalpur,SMF
Samarala,SMRL
Samarala H,SQE
Samastipur Jn,SPJ
Samaswara,SMSR
Samayanallur,SER
Samba,SMBX
Sambahal Hatim Sarai,SHTS
Sambalpur,SBP
Sambalpur City,SBPY
Sambalpur Road,SBPD
Sambhar Lake,SBR
Sambhu,SMU
Sambre,SXB
Samdhari Jn,SMR
Sameli Halt,SIHT
Samhon,SHW
Samhuta Halt,SAHT
Samlaya Jn,SMLA
Samloti,SMLT
Samnapur,SMC
Samni Jn,SAMN
Sampige Road,SPGR
Sampla,SPZ
Samsi,SM
Samudragarh,SMAE
Samudram,SMDM
Samuktala Road,SMTA
Sanahwal,SNL
Sanand,SAU
Sanapadar Halt,SAPD
Sanat Nagar,SNF
Sanawad,SWD
Sanchi,SCI
Sandai H,SNDY
Sandal Kalan,SLKN
Sandalpur,SLV
Sandila,SAN
Saneh Road,SNX
Sangaldan,SGDN
Sanganal,SGNL
Sanganapur,SNGR
Sanganer,SNGN
Sangar,SGRR
Sangaria,SGRA
Sangat,SGF
Sangli,SLI
Sangmeshwar,SGR
Sangola,SGLA
Sangrur,SAG
Sanha H,SANH
Sanhati H,SNHT
Sanichara,SAC
Saniyad,SNAD
Sanjamala,SJMA
Sanjan,SJN
Sanjarpur H,SJER
Sanjha H,SJJ
Sanjoy Gram,SJGM
Sanjuja Da Areyal H,SJDA
Sank,SANK
Sanka,SNKR
Sankara Gummanur H,SNKG
Sankarankovil,SNKL
Sankaridurg,SGE
Sankarpur,SNQ
Sankhari,SNHR
Sankheda Bahadurpur,SAK
Sanki,SANI
Sankopara,SXP
Sankra H,SNKX
Sankrail,SEL
Sankval,SKVL
Sanodiya,SFE
Sanosra,SOA
Sansarpur,SNRR
Sant Hirdaram Nagar,SHRN
Sant Road,SAT
Santaldih,SNTD
Santalpur,SNLR
Santamagulur,SAB
Santir Bazar,STRB
Santragachi Jn,SRC
Sanvatsar,SNVR
Sanverdam Chuch,SVM
Sanvrad,SVO
Sanwara H,SNRA
Saoner Jn,SONR
Saonga Halt,SZH
Saongi,SGC
Sapatgram,SPX
Sape Wamne,SAPE
Sapekhati,SPK
Saphale,SAH
Saradhna,SDH
Saragaon Road,SGRD
Saragbundia,SRBA
Saragchni,SGV
Saragipali,SRGP
Sarahula H,SAHA
Sarai,SAI
Sarai Banjara,SBJ
Sarai Bhopat,SB
Sarai Chandi,SYC
Sarai Gopal,SPGL
Sarai Harkhu,SVZ
Sarai Jagdish H,SJGH
Sarai Kansrai,SQN
Sarai Mir,SMZ
Sarai Rani,RKS
Sarangpur,SFW
Sarangpur Road,SAPR
Saraswatinagar,SRWN
Sarayan,SYU
Saraygarh,SRGR
Sarbahara,SBRA
Sardar Ballabh Bhai Patel Halt,SBBP
Sardar Patel H,SDPH
Sardar Patel Road,SDPR
Sardargarh,SRZ
Sardargram,SDGM
Sardarnagar,SANR
Sardarshahr,SRDR
Sardiha,SUA
Sareigram,SGAM
Sareri,SSR
Sarhari Halt,SHIH
Sarju,SUJ
Sarkanpur,SKNP
Sarkara,SKX
Sarkhej,SEJ
Sarkoni,SIQ
Sarla Road,SLRA
Sarmatanr,SMND
Sarna,SRM
Sarnath,SRNT
Sarobag,SRB
Sarojini Nagar,SOJ
Sarola,SRL
Sarona,SZB
Sarotra Road,SZA
Sarpeswar Ph,SPSR
Sarsawa,SSW
Sarsi,SRSI
Sarsoki,SSKI
Sarsonpuri,SPY
Sarsoo,SRSO
Sarupathar,SZR
Sarupsar Jn,SRPR
Sarvodaya H,XSAN
Sarwari,SVD
Sasalu,SLU
Sasamusa,SSU
Sasan Gir,SASG
Sasaram,SSM
Sasni,SNS
Sason,SSN
Sasthankotta,STKT
Sasvad Road,SSV
Satadhar,STDR
Satar H,SATR
Satara,STR
Satbahini,SZF
Sath Naraini,SNIE
Sathajagat,STJT
Sathi,SAHI
Sathiaon,SAA
Sathin Road,SWF
Satlana,SUT
Satna,STA
Satnali,STNL
Satnaur Badesron,SNB
Satraon F,STZ
Satrod,STD
Satsangnagar,SSNR
Sattenapalle,SAP
Sattirakkudi,SQD
Satulur,STUR
Satuna,SCO
Satur,SRT
Satyavada,STVA
Saugor,SGO
Saundal,SUAL
Saunshi,SNH
Sausar,SASR
Savalyapuram,SYM
Savanur,SVNR
Savarda,SVX
Savarkundla,SVKD
Savda,SAV
Savni,SVB
Sawai Madhopur,SWM
Sawalgi,SVG
Sawantwadi Road,SWV
Sayama,SAY
Sayan,SYN
Sbewbabudih,SBW
Sealdah,SDAH
Secunderabad Jn,SC
Sedarampattu,SDPT
Sehal H,SEW
Sehara Bazar Ph,SRBZ
Sehore,SEH
Sehramau,SW
Sekerkote,SKKE
Sekha,SEQ
Selavi,SHLV
Selenghat,SLX
Seloo Road,SLOR
Selu,SELU
Semai,SYF
Semapur,SMO
Semari,SES
Semarkheri,SRKI
Semmandappatti,SMDT
Semra,SRA
Semraon,SRMN
Senapura,SEN
Senchoa Jn,SCE
Sendra,SEU
Sendurai,SNDI
Sengottai,SCT
Sengulam,SGLM
Senji Panambakkam,SPAM
Seohara,SEO
Seonan H,SONH
Seoni,SEY
Seoraphuli,SHE
Sepon,SEPN
Seram,SEM
Serampore,SRP
Serndanur,SXR
Seroni Road,SEX
Settigunta,SF
Settihally,SET
Sevagram,SEGM
Sevaliya,SVL
Sevur,SVUR
Sevvapet Road,SVR
Sewa Nagar,SWNR
Sewapuri,SWPR
Sewar,SWAR
Seydunganallur,SDNR
Sgm Jagarlamudi,SJL
Shadhoragaon,SHDR
Shadnagar,SHNR
Shahabad,SDB
Shahabad Muhammadpur H,SMDP
Shahad,SHAD
Shahanagar Timarua,SWW
Shahbad Marknda,SHDM
Shahbaz Kuli,SBK
Shahbaznagar,SZN
Shahdol,SDL
Shaheed Jitendra Halt,SJHG
Shahganj Jn,SHG
Shahgarh,SG
Shahi,SSC
Shahid Ramphal Balhara,SRBH
Shahjahanpur,SZP
Shahjehanpur,SPN
Shahpur Patoree,SPP
Shahzad Nagar,SAR
Shaitansinghngr,STSN
Shajahanpurcort,SXK
Shajapur,SFY
Shakarnagar,SKNR
Shakti Nagar,SKTN
Shakurbasti,SSB
Shalashah Thana,SHLT
Shalimar,SHM
Sham Chaurasi,SCQ
Sham Kauria F,SMKR
Shambhupura,SMP
Shamgarh,SGZ
Shamlaji Road,SJS
Shamli,SMQL
Shamnapur,SMAP
Shampurhalli H,SPHL
Shamsabad,SSD
Shamshabad Town,SSDT
Shanidev D Bishnathganj,SBTJ
Shankapur H,SNPH
Shankar,SQK
Shankargarh,SRJ
Shankarpalli,SKP
Shankarpur Bhadaura,SKBR
Shankerpur H,SKLP
Shankrul Ph,SHKL
Shantigrama,SIGA
Shapur Jn,SHH
Sharma H,SHRM
Shasan H,SSRH
Shdspra Padmpra,SAS
Shedbal,SED
Shegaon,SEG
Sheikhpura Jn,SHK
Sheikhupur,SKW
Shelgoan H,SLGH
Shendri,SEI
Shenoli,SNE
Sheo Singh Pura,SHNX
Sheoprasadnager,SPDR
Sheopur Kalan,SOE
Sher H,SHER
Sherekan,SRKN
Sherganj H,SNZ
Shergarh,SGA
Sherpur,SEPR
Sherpur Dhipura,SPPA
Shertalai,SRTL
Shiblun H,SHBL
Shihori,SIHI
Shikara,SKY
Shikohabad Jn,SKB
Shilhauri Halt,SLHI
Shimiliaguda,SMLG
Shimla,SML
Shimoga,SME
Shimoga Town,SMET
Shindawane,SHIV
Shiroor,SHMI
Shirravde,SIW
Shirsai,SSI
Shirsoli,SS
Shirud,SHF
Shisho H,SHEO
Shiu Sagar Road,SSG
Shiupur,SOP
Shivaji Bridge,CSB
Shivajinagar,SVJR
Shivalakha,SIA
Shivanarayanpur,SVRP
Shivani,SHV
Shivnagar,SHNG
Shivni Shivapur,SVW
Shivpur Halt,SVPH
Shivpura,SVT
Shivpuri,SVPI
Shivpuri H,SPHT
Shivrampur,SWC
Shiwala Tehu H,SWT
Shoghi,SGS
Shohratgarh,SOT
Sholaka,SHLK
Sholavandan,SDN
Sholinghur,SHU
Shoranur Jn,SRR
Shravanbelagola,SBGA
Shri Amirgadh,SIM
Shri Balaji,SBLJ
Shri Bhavnath,SBHN
Shri Ganganagar,SGNR
Shri Ghasi Nagar,SHGN
Shri Karanpur,SRW
Shri Krishna Janam Asthan,SKJS
Shri Kshetra Nagjhari,NGZ
Shri Madhopur,SMPR
Shri Mahaveerji,SMVJ
Shri Makri Nath Nagar,SMNN
Shri Ramgarh,SHRG
Shri Sharda Nagar,SSNH
Shribar,SIBR
Shribdrya Lathi,SBLT
Shridham,SRID
Shrigonda Road,SGND
Shrikalyanpura,SKPA
Shrimad Dwarikapuri H,SRDW
Shrirajnagar,SAGR
Shrirangapatna,S
Shrungavarpukta,SUP
Shudnipur,SPPR
Shujaatpur,SJT
Shujalpur,SJP
Shukarullahpur H,SHX
Shyam Chak,SMCK
Shyamacharanpur Ph,SCPR
Shyamnagar,SNR
Shyampuri,SMPA
Shyamsundar Ph,SHMR
Siajuli,SWJ
Sibsagar Town,SRTN
Siddampalli,SIE
Siddapur Grama,SIDG
Siddharth Nagar,SDDN
Siddhpur,SID
Siddipet,SIPT
Sidhari H,SDHA
Sidhauli,SD
Sidhauna Rampur,SARR
Sidhirsai,SDHS
Sidhwalia,SQW
Sidhwan,SWG
Sidhwar,SDWR
Sidlaghatta,IDT
Sidmukh,SDMK
Siduli,SXD
Sigadam,SGDM
Sigsigi,SQS
Sihapar,SIPR
Siho,SIHO
Sihor Gujarat,SOJN
Sihora Road,SHR
Siju,SIJU
Sijua,SJA
Sikandarpur,SKQ
Sikandra Rao,SKA
Sikar Jn,SIKR
Sikaria H,SKRI
Sikaripara,SKIP
Sikarpai,SKPI
Sikir,SFK
Sikkal,SKK
Sikkarpur Halt,SKPR
Sikosa,SKSO
Sikroda,SKU
Sikroda Kwanri,SIKD
Sikroda Mina,SKDM
Sikta,STF
Sila Kheri,SXE
Silaiman,ILA
Silak Jhori,SZY
Silanibari,SOB
Silao,SILO
Silapathar,SPTR
Silari,SILR
Silaut,SLT
Silawar,SLWR
Silchar,SCL
Silghat Town,SHTT
Siliari,SLH
Siliguri,SGUD
Siliguri Jn,SGUJ
Siliguru Town,SGUT
Sillakkudi,SLTH
Silli,SLF
Sillipur,SPRA
Simaluguri Jn,SLGR
Simariatal,SMTL
Simariya Kajanwada,SAKA
Simbhooli,SMBL
Simen Chapari,SMCP
Simhachalam,SCM
Simhachalam North,SCMN
Simlagarh,SLG
Simraha,SMH
Simultala,STL
Simurali,SMX
Sindewahi,SYE
Sindhar,SDZ
Sindhawadar,SDD
Sindhudurg,SNDD
Sindi,SNI
Sindkheda,SNK
Sindri Marshalling Yard,SNMY
Sindri Town,SNDT
Sindriblock Hut,SDBH
Sinduria Kachari,SFZ
Sindurwa,SYW
Singanallur,SHI
Singaperumalkoil,SKL
Singapuram Road,SPRD
Singaram,SGRM
Singarayakonda,SKM
Singarpur,SNPR
Singhabad,SQB
Singhaul Halt,SHHT
Singhirampur H,SGRP
Singhpokharia,SIPA
Singhpur,SNGP
Singhpurdumra,SPDM
Singra,SNCA
Singrauli,SGRL
Singriyawan H,SGYW
Singwal,SGW
Sinhan,SYQ
Sini Jn,SINI
Sinor,SINR
Sipaya H,SPYA
Sirajnagar H,SRJN
Sirari,SRY
Siras,SRAS
Sirathu,SRO
Sird,SIRD
Sirhi Itara,SIRA
Sirhind Jn,SIR
Siripuram,SRPM
Sirjam,SRJM
Sirkazhi,SY
Sirli,SIF
Sirmuttra,SRMT
Sirnapalli H,SCP
Sirpur Kagazngr,SKZR
Sirpur Town,SRUR
Sirri,SIY
Sirsa,SSA
Sirsa Nunthar Halt,SSNT
Sirsala,SRSL
Sirsaul,SSL
Sirsi Mukhdumpur,SRMP
Sirsuphal,SSF
Siruvattur,SRVT
Sisai Gulab Rai H,SSGR
Sisarka,SSKA
Sisauna,SISN
Sisibargaon,SBGN
Sisvinhalli,SVHE
Siswa Bazar,SBZ
Sitabinj,STBJ
Sitafal Mandi,STPD
Sitafalmandi B,STDB
Sitalnagar,STNR
Sitalpur,STLR
Sitalpur Bengal,STLB
Sitamarhi,SMI
Sitanagaram,SNM
Sitapur,STP
Sitapur City,SPC
Sitapur Kuthcery Hal,STRK
Sitapuram Ph,SPRM
Sitarampur,STN
Sithalavai,SEV
Sithouli,STLI
Sitimani,SII
Siuri,SURI
Sivadi,SZV
Sivaganga,SVGA
Sivakasi,SVKS
Sivapur,SPV
Sivnar H,SIVN
Sivok,SVQ
Sivungaon,SVN
Siwaha,SWDE
Siwaith,SWE
Siwan Jn,SV
Siwan Kacheri F,SVC
Siwani,SWNI
Sleemanabad Rd,SBD
Smvt Bengaluru,SMVB
Sobhapur,SXF
Sodpur,SEP
Sogaria,SGAC
Sogra,SOGR
Sohagpur,SGP
Sohal,SOHL
Sohansra,SAWN
Sohwal,SLW
Sojat Road,SOD
Solagampatti,SGM
Solan,SOL
Solapur Jn,SUR
Solapurwadi,SPWI
Solari,SLZ
Soldevanahalli H,SDVL
Solur,SOLR
Somalapuram,SLM
Soman Katti,SMKT
Somanayakkanpti,SKPT
Somanur,SNO
Somesar,SOS
Someshwara,SMWA
Somidevipalle,SDV
Somna,SOM
Somnath,SMNH
Sompeta,SPT
Sompur Road,SOQ
Somra Bazar,SOAE
Somtane,SMNE
Son Nagar,SEB
Sona Arjunpur,SNAP
Sonachara,SSCR
Sonada,SAD
Sonadanga,SVH
Sonagir,SOR
Sonai,SYZ
Sonaili,SI
Sonakhan,SXN
Sonamukhi Ph,SONA
Sonardih,SZE
Sonasan,SNSN
Sonbarsa Kcheri,SBM
Sonbhadra,SBDR
Sondad,SNV
Sondha Road,SCN
Sondimra,SND
Sonegaon,SNN
Sonekhpur H,SPB
Sonepur,SNPU
Songadh,SGD
Soni,SONI
Sonik,SIC
Sonipat Jn,SNP
Sonipur Rupal H,SNRP
Soniyana,SNYN
Sonkhamb,SNKB
Sonma Pranpur F,SOPR
Sonpur Jn,SEE
Sonshelu,SNSL
Sontalai,SQL
Sonthaliya,SNTH
Sonua,SWR
Sonuabary,SNBR
Sonwara,SWO
Sonwarsa H,SONW
Soorothee,SRTE
Sopore,SXZM
Sorai,SORI
Sorbhog Jn,SBE
Soro,SORO
Soron,SRNK
Sorupeta,SPQ
Sravanur H,SRVN
Sri Bala Bramareshwara Jogulamba,SBBJ
Sri Dungargarh,SDGH
Sri Jhadeswar Ph,SJDR
Sri Kalahasti,KHT
Sri Venkataperumal R,SVF
Sri Vijainagar,SBNR
Srikakulam Road,CHE
Srikrishn Nagar,SKN
Srinagar,SNAR
Srinagar (Jk),SINA
Srinivasa Nagar H,SHAN
Srinivaspur,SVS
Sripani,SRPN
Sripur H,SRPU
Sriramanagar H,SRNM
Sriramnagar,SRNR
Srirampur Assam,SRPB
Srirampur P.H.,SIMR
Srirampuram,SRMR
Srirangam,SRGM
Srivaikuntam,SVV
Srivilliputtur,SVPR
Srungavruksham,SGKM
St Thomas Mount,STM
Stuartpuram,SPF
Suaheri H,SXQ
Subansiri,SUZ
Subarnamrigi,SBNM
Subedarganj,SFG
Subhagpur,SUBR
Subrahmanya Roa,SBHR
Subzi Mandi,SZM
Suchan Kotli,SHN
Suchipind H,SCPD
Sudamdih,SDMD
Sudhani,SUD
Sudhrana,SDRA
Sudiyur,SUX
Sudsar,SDF
Sugapahari,SAPT
Sugapahari Halt,SGPA
Suhsarai,SOW
Sui,SUI
Suisa,SSIA
Sujalpur P H,SJPA
Sujangarh,SUJH
Sujanpur,SJNP
Sujatapuram H,SJPM
Sujnipara,SPLE
Sujra,SUJR
Sukhasan Kothi H,SKHK
Sukhchain,SCV
Sukhisewaniyan,SUW
Sukhovi,SKHV
Sukhshena H,SKEN
Sukinda Road,SKND
Sukli,SKLI
Sukna,SN
Sukrimangela,SOY
Sukritipur,SQF
Suku,SUKU
Suladhal,SUL
Sulah Hmchl Pdh,SLHP
Sulebhavi,SBH
Sulehalli,SUH
Sulerjavalge,SLGE
Sulgare,SGRE
Sulhani,SULH
Sulikeri,SIKI
Sullurupeta,SPE
Sultanabad,STBD
Sultanganj,SGG
Sultanpur,SLN
Sultanpur Gram,SLNG
Sultanpur Kaliawas,STKW
Sultanpur Lodi,SQR
Sulur Road,SUU
Sumaoli,SMV
Sumber,SMBR
Sumer,SUMR
Summadevi,SUDV
Summer Hill,SHZ
Summit,SUM
Sumreri,SMRR
Sunak,SUC
Sunam,SFM
Sunam Udham Singh,SFMU
Sundaraperumal Koil,SPL
Sunderabad,SNBD
Sunderpur,SPBK
Sunderpur Halt,SUDR
Sundhia Mau,SDAM
Sundlak,SDLK
Sunehra,SFA
Sunehti Kharkhari H,SNKE
Sunmai H,SUNM
Supaul,SOU
Supedi,SPD
Suppalapadu,SUPP
Suprakandi,SAKD
Sur Khand Ka Kh,SZK
Sura Nussi,SRX
Suraimanpur,SIP
Suraincha H,SUIA
Surajgarh,SRGH
Surajkunda,SRJK
Surajpur Road,SJQ
Surareddipalem,SDM
Surasaraighat Jhara,SSGJ
Surat,ST
Suratgarh Jn,SOG
Surathkal,SL
Suratpura,SURP
Suravali,SRVX
Surawadi,SWLN
Sureli,SURL
Surendranagar Gate,SRGT
Surendranagar Jn,SUNR
Surendranagar Jn.,SNNR
Surer Goth,SRRG
Surera,SURR
Surgaon Banjari,SGBJ
Suriawan,SAW
Surjakamal,SJKL
Surla Road,SLRD
Surpura,SPO
Suskal,SSKL
Sutei Badagan,SBGB
Suwansa,SWS
Suwasra,SVA
Swadinpur,SDLE
Swami Paramhans,SWPS
Swamimalai,SWI
Swarupganj,SRPJ
Tada,TADA
Tadakalpudi,TPY
Tadali,TAE
Tadepalligudem,TDD
Tadipatri,TU
Tadla Pusapalli,TAA
Taduku,TDK
Tadwal,TVL
Tagdi,TID
Taherpur,THP
Tahsil Bhadra,TSD
Tahsil Fatehpur,TSF
Taiabpur,TBR
Taj Nagar,TNJR
Taj Sultanpur,TJSP
Taj Sultanpur,SLNK
Tajpur,TJP
Tajpur Dehma,TJD
Takari,TKR
Takarkhede,TKHE
Takazhi,TZH
Takha,TKHA
Takhrau H,TKRU
Takia,TQA
Takipur,TKP
Takipur Halt,TKPH
Takkolam,TKO
Takli,TKI
Takli Bhansali,TKLB
Taklimiya,TKMY
Taksal,TSL
Taku,TAKU
Talaburu,TABU
Talaivasal,TVS
Talaiyuthu,TAY
Talakal,TLKL
Talakhajuri,TLKH
Talala Jn,TAV
Talamadugu,TLMG
Talamanchi,TMC
Talanallur,TLNR
Talandu,TLO
Talap,TLL
Talara,TLRA
Talavli,TLZ
Talbahat,TBT
Talcher,TLHR
Talcher Road,TLHD
Talcher Thermal Ph,TTPT
Talchhapar,TLC
Talegaon,TGN
Talgaria,TLE
Talguppa,TLGP
Talheri Bazurg,THJ
Talit,TIT
Taljhari,TLJ
Tall Jn,TALL
Talli Saidasahu,TSS
Talmadla,TMD
Talni,TLN
Talod,TOD
Talodhi Road,TUD
Taloja Panchand,TPND
Talpur,TLPH
Talvadya,TLV
Talwa Bazar,TLB
Talwandi,TWB
Tamaraipadi,TMP
Tambaram,TBM
Tambaram Sanatorium,TBMS
Tamkuhi Road,TOI
Tamluk,TMZ
Tamna,TAO
Tamuria,TMA
Tanakallu,TKU
Tanakpur,TPU
Tanda Urmar,TDO
Tandarai,TNI
Tandavapura H,TXM
Tandur,TDU
Tandwal,TDW
Tangani,TNGN
Tangarmunda,TGM
Tangiriapal,TGRL
Tangla,TNL
Tangra,TRA
Tangrabasuli B S,TGB
Tanguturu,TNR
Tanijan,TUJ
Tankuppa,TKN
Tantpur,TPO
Tanuku,TNKU
Tanur,TA
Tapa,TAPA
Tapang,TAP
Tapasi,TOP
Tapaswinarayan Nagar H,TNNH
Tapeshwarnath D,THWM
Tappa Khajuria H,TKUR
Tapri,TPZ
Tarabari,TRBE
Taradevi,TVI
Taradgaon,TGLN
Tarakeswar,TAK
Tarana Road,TAN
Taraon,TRN
Taraori,TRR
Tarapith Road,TPF
Tarapur Jn,TRP
Taravata,TRWT
Tarchhera Baraoliran,TBL
Taregna,TEA
Targaon,TAZ
Tariasujan,TRJ
Tarighat,TRG
Tarigoppula,TGU
Tarikere,TKE
Tarlupadu,TLU
Tarn Taran,TTO
Taroki,TDOK
Taropa,TRF
Tarra Kalan,TKLN
Tarsai,TRSR
Tarsarai,TRS
Taru,TR
Tatanagar Jn,TATA
Tatasigua,TSAH
Tati,TATI
Tatibahar,TBH
Taticherla,TAC
Tatisilwai,TIS
Tattapparai,TIP
Tavargatti,TVG
Teegaon,TEO
Teghra,TGA
Teharka,TKA
Tehta,THA
Tejgadh,TJH
Tejnarayanpur Dk,TNPR
Tejpurwa H,TJW
Teka Bigha H,TKBG
Tekanwas,TKV
Tekkali Ph,TEK
Tektar F,TQR
Telam,TQM
Telaprolu,TOU
Teli,TELI
Telia,TELY
Teliamura,TLMR
Teligi,TLGI
Telo,TELO
Telta,TETA
Temburu,TMB
Tenali Jn,TEL
Teneri H,TNRI
Tenganmada,TGQ
Teni,TENI
Tenkasi Jn,TSI
Tenmalai,TML
Tenneru H,TNRU
Tentulia,TNJE
Tenua Dumaria H,TMUR
Tenya,TYAE
Terban H,TBU
Terha H,TERH
Tetelia,TTLA
Tettu,TTU
Tetulmari,TET
Thabalke,TYK
Thadi,THY
Thailik Twisa,THTW
Thaiyat Hamira,THM
Thakurbari,TKTB
Thakurganj,TKG
Thakurkuchi,TKC
Thakurtota,TKH
Thalangai,TUG
Thalassery,TLY
Thalera,THEA
Thallak,THKU
Thalwara,TLWA
Tham,THAM
Than Jn,THAN
Thana Bhawan,THBN
Thana Bhawan Town H,TBTN
Thana Bihpur Jn,THB
Thandla Rd,THDR
Thane,TNA
Thanesar City,TNDE
Thangundi,TGDE
Thanjavur,TJ
Thaparnagar,TNW
Thara,THR
Tharbitia,TB
Tharsa,TAR
Tharwai,THW
Thasra,TAS
Thathana Mithri,THMR
Thathankulam,TTQ
Thawe Jn,THE
Theh Qalandar,TQL
Thekeraguri,TGE
Therubali,THV
Thippasandra,TASA
Thiruthuraiyur,TUY
Thiruvarur Jn,TVR
Thivim,THVM
Thokur,TOK
Thondebhavi,TDV
Thonganur,TNGR
Thrisur,TCR
Thudiyalur,TDE
Thumha,TMHA
Thuria,THUR
Thuwavi,TWV
Tibi,TIBI
Tihu,TIHU
Tik,TIK
Tikamgarh,TKMG
Tikani H,TKLE
Tikaria,TKYR
Tikauli Rawatpur,TKRP
Tikekarwadi,TKWD
Tikirapal P H,TKPL
Tikiri,TKRI
Tikkotti,TKT
Tikra P H,TKRA
Tikri H,TRE
Tikunia,TQN
Tila,TILA
Tilaivilagam,TAM
Tilak Bridge,TKJ
Tilaru,TIU
Tilati,TLT
Tilaunchi,TLNH
Tilaya,TIA
Tilbhita,TBB
Tilbhum,TBX
Tilda,TLD
Tildanga,TDLE
Tilhar,TLH
Tiloniya,TL
Tilrath,TIL
Tilwara,TWL
Timarni,TBN
Timba Road,TBA
Timbarva,TBV
Timmachipuram,TIC
Timmanacherla,TIM
Timmapur,TMX
Timmapuram H,TMPM
Timtala,TMT
Tin Mile Hat,TMH
Tinai Ghat,TGT
Tindauli,TNUE
Tindharia,TDH
Tindivanam,TMV
Tingrai,TII
Tinich,TH
Tinkheda,TNH
Tinnapatti,TNT
Tinpahar Jn,TPH
Tinpheria H,TPV
Tinsukia Jn,TSK
Tipkai,TPK
Tipling,TPG
Tippapur,THPR
Tipparthi,TPPI
Tiptur,TTR
Tiraldih,TUL
Tirchrpali Fort,TP
Tirodi,TRDI
Tirora,TRO
Tiruchchirapali,TPJ
Tiruchchitrmblm,TCT
Tiruchchuli,TCH
Tiruchendur,TCN
Tiruchrpali Twn,TPTN
Tiruchrpli Plki,TPE
Tirukoilur,TRK
Tirumalairayan Pattinam H,TMPT
Tirumalpur,TMLP
Tirumangalam,TMQ
Tirumathikkunnam,TMU
Tirumayam,TYM
Tirumullaivayil,TMVL
Tirunagesvaram,TRM
Tirunellikaval,TNK
Tirunelveli Jn,TEN
Tirunelveli Town,TYT
Tiruninravur,TI
Tirunnavaya,TUA
Tirupadripulyur,TDPR
Tiruparankndrm,TDN
Tirupati,TPTY
Tirupati West H,TPW
Tirupattur Jn,TPT
Tiruppachetti,TPC
Tiruppur,TUP
Tiruppuvanam,TVN
Tirur,TIR
Tirusulam,TLM
Tiruttangal,TTL
Tiruttani,TRT
Tiruturaipundi Jn,TTP
Tiruvalam,THL
Tiruvalangadu,TO
Tiruvalla,TRVL
Tiruvallur,TRL
Tiruvannamalai,TNM
Tiruvennainallur Road,TVNL
Tiruverumbur,TRB
Tiruvidaimarudur,TDR
Tiruvizha,TRVZ
Tiruvottiyur,TVT
Tisi,TISI
Tisua,TSA
Titabar,TTB
Titagarh,TGH
Titavala,TLA
Titlagarh,TIG
Titte,TT
Titwa,TTW
Tivari,TIW
To Darjeeling,DJRZ
Todarpur,TDP
Todiyappulam,TDPM
Tohana,TUN
Tokisud,TKS
Tolahunse,THN
Tolasampatti,TOS
Tolra,TRZ
Tomka,TMKA
Tondala Gopavaram,TNGM
Tondamanpatti,TOM
Tondiarpet,TNP
Topokal,TPQ
Toppur,TPP
Topputurai,TOY
Toranagallu,TNGL
Torang,TRAN
Tori,TORI
Torniya,TORA
Totewahi,TWI
Totiyapalaiyam,TPM
Tovalai,THX
Tozhuppedu,TZD
Tribediganj,TEG
Tribeni,TBAE
Trikarpur,TKQ
Trilochan Mahdo,TLMD
Trilokpur H,TPB
Tripal,TRPL
Triupunittura,TRTR
Trivandrum Cntl,TVC
Trivandrum North,TVCN
Trivandrum Pett,TVP
Trivikaramdeo Nagar H,TKND
Tsakibanda,TKBN
Tsunduru,TSR
Tufanganj,TFGN
Tuggali,TGL
Tuglakabad,TKD
Tuiya Pani,TPNI
Tulin,THO
Tuljapur,TGP
Tulsi Ashrarn,TLAM
Tulsi Nagar H,TLGR
Tulsipur,TLR
Tulukapati,TY
Tulwara Jhil,TLI
Tumboli,TMPY
Tumkur,TK
Tummalacheruvu,TMLU
Tummanamgutta,TAT
Tumsar Road,TMR
Tumsar Town,TMS
Tundla Jn,TDL
Tundu,TNO
Tung,TUNG
Tungabhadra Dam,TBDM
Tungi H,TNGI
Tuni,TUNI
Tunia,TUX
Tupkadih,TKB
Turavur,TUVR
Turekala Road,TRKR
Turinjapuram,TJM
Turkapalli,TKPY
Turki,TUR
Turki Road,TZR
Turtipar,TTI
Tuti Melur,TME
Tuticorin,TN
Tuvvur,TUV
Tuwa,TUWA
Twining Ganj,TWG
Tyakal,TCL
Ubarni,UBN
Uchana,UCA
Uchippuli,UCP
Udagamandalam,UAM
Udai Kalan,UDKL
Udaipur City,UDZ
Udaipur Tripura,UDPU
Udaipura,UDPR
Udalguri,ULG
Udalkachar,UKR
Udasar,UDS
Udayagiri Ratnagiri Road,URGR
Udaypur Khurd H,UDKN
Udgir,UDGR
Udhna Jn,UDN
Udi Mor,UDMR
Udramsar,UMS
Udumalaippettai,UDT
Udupi,UD
Udvada,UVD
Udwant Nagar H,UWNR
Udyankheri,UDK
Ugaon,UGN
Ugar Khurd,UGR
Ugarpur,UGP
Ugna Halt,UGNA
Ugrasenpur,URPR
Ugu,UGU
Ugwe,UGWE
Ujalvav,UJ
Ujhani,UJH
Ujiarpur,UJP
Ujjain Jn,UJN
Ukai Songadh,USD
Ukhali,UKH
Ukhra,UKA
Uklana,UKN
Ukshi,UKC
Ulavapadu,UPD
Ulhasnagar,ULNR
Ulindakonda,UKD
Ullal,ULL
Ulna Bhari,ULN
Ulubaria,ULB
Ulundurpet,ULU
Umalla,UML
Umar Tali,UTA
Umardashi,UM
Umaria,UMR
Umaria Ispa Hlt,UIH
Umbargam Road,UBR
Umdanagar,UR
Umed,UMED
Umeshnagar,UMNR
Umra,UMRA
Umra Nala,ULA
Umram,UMM
Umreth,UMH
Umri,UMRI
Umroli,UOI
Una,UNA
Una Himachal,UHL
Unai Vansada Rd,UNI
Unaula,UNLA
Unawa Vasan,UVSN
Unchahar Jn,UCR
Unchaulia,UCH
Unchdih,UND
Unchhera,UHR
Unchi Bassi,UCB
Undasa Madhawpu,UDM
Undi,UNDI
Unguturu,VGT
Unhel,UNL
Unjalur,URL
Unjha,UJA
Unkal,UNK
Unknown Station,CLDB
Unnao Jn,ON
Untare Road,URD
Upleta,UA
Uppal,OPL
Uppala,UAA
Uppalavai,UPW
Uppalur,UPL
Uppugunduru,UGD
Upramal,URML
Urappakkam,UPM
Uren,UREN
Urga,URGA
Urkura,URK
Urlam,ULM
Urma,URMA
Uruli,URI
Urwan,UWAN
Usargaon,URG
Usiakhas H,USK
Usilampatti,USLP
Uska Bazar,UB
Uslapur,USL
Usmanpur,UPR
Usmanpur Dehat Halt,UPRD
Usra,USRA
Utarlai,UTL
Utarsanda,UTD
Utrahtia,UTR
Utran,URN
Utri Pura,UTP
Uttamarkovil,UKV
Uttangal Mangalam,UMG
Uttarkathani,UKE
Uttarpara,UPA
Uttukuli,UKL
V Lakshmibai Jhansi,VGLJ
Vachaspatinagar,VPH
Vadakara,BDJ
Vadal,VAL
Vadali Luter Road,VLTR
Vadalur,VLU
Vadamadura,VDM
Vadanamkurushshi,VDKS
Vadapalanji Halt,VAJ
Vadgaon,WDN
Vadgaon,VDN
Vadhvana,VAN
Vadippatti,VDP
Vadiya Devli,VDV
Vadlamannadu,VMD
Vadnagar,VDG
Vadod,VXD
Vadodara Jn,BRC
Vadtal Swamnryn,VTL
Vagdiya,VD
Vaghli,VGL
Vaghpura,VU
Vagra,VGR
Vaibhavwadi Rd,VBW
Vaikam Road,VARD
Vailapuzha,VPZ
Vaishali,VSHI
Vaitarna,VTN
Vaithisvaran Koil,VDL
Vaiyampatti,VPJ
Vakada,VH
Vakav,WKA
Valadar,VLDR
Valadi,VLDE
Valantaravai,VTV
Valapattanam,VAPM
Valappadi G Hlt,VGE
Valaramanikkam,VMM
Valathoor,VLT
Valavanur,VRA
Valha,WLH
Valivade,VV
Vallabh Vdyangr,VLYN
Vallabhnagar,VBN
Vallampadugai,VMP
Vallattoinagar,VTK
Vallikunnu,VLI
Vallivedu,VLV
Valliyur,VLY
Valmikinagar Rd,VKNR
Valsad,BL
Valtoha,WLA
Vambori,VBR
Vanchi Maniyachchi,MEJ
Vandalur,VDR
Vangaichungpao,VNGP
Vangal,VNGL
Vanganur,VRN
Vangaon,VGN
Vani Road,VNRD
Vanigonda,VLG
Vaniyambadi,VN
Vaniyambalam,VNB
Vanjipalaiyam,VNJ
Vantada Halt,VNTD
Vapi,VAPI
Varahi,VRX
Varakalpattu,VKP
Varanasi City,BCY
Varanasi Jn,BSB
Varangaon,VNA
Varediya,VRE
Varetha,VTDI
Varkala,VAK
Varnama,VRM
Vartej,VTJ
Varud,VADR
Varvala,VVA
Vasad Jn,VDA
Vasai Dabhla,VAS
Vasai Road,BSR
Vasco Da Gama,VSG
Vasind,VSD
Vastrapur,VTP
Vasundhara,VSR
Vatlur,VAT
Vatva,VTA
Vavadi Khurd,VKG
Vavaniya,WWA
Vavdi,VVD
Vavera,VVV
Vayalpad,VLD
Vayalur,VAY
Vazeer Pur,VZPH
Vedaranniyam,VDY
Vedayapalem,VDE
Vedchha,VDH
Veer,VEER
Veer Kunwar Singh Dharauli H,VKDH
Vejalka,VJK
Vejandla,VJA
Velangi,VGH
Velankanni,VLNK
Veldurti,VDI
Veli,VELI
Velippalaiyam,VXM
Vellacheruvu,VLE
Vellanur,VEL
Vellarakkad,VEK
Vellayil,VLL
Velliyanai,VEI
Vellore Cant,VLR
Vellore Town,VT
Vellur H,VER
Velpuru,VPU
Vemulapadu,VML
Vemuru,VMU
Vendodu,VDD
Vendra,VND
Venkatachalam,VKT
Venkatagiri,VKI
Venkatagirikote H,VTE
Venkatampalle,VPL
Venkatanarasimharajuvaripeta,VKZ
Venkatnagra,VKR
Venketesapuram,VKM
Ventrapragada,VPG
Vepagunta,VGA
Veppampattu,VEU
Veraval,VRL
Veravali,VRLI
Verka Jn,VKA
Verna,VEN
Vetapalemu,VTM
Vidisha,BHS
Viduraswattha,VWA
Vidyanagar,VAR
Vidyapatidham,VPDA
Vidyasagar,VDS
Vijapur,VJF
Vijay Pur,VJP
Vijayamangalam,VZ
Vijayanagar,VJR
Vijayapura,BJP
Vijayawada Jn,BZA
Vijiypur Jammu,VJPJ
Vijpadi Road,VJD
Vikarabad Jn,VKB
Vikhran Road,VKH
Vikramgarh Alot,VMA
Vikramnagar,VRG
Vikravandi,VVN
Vilad,VL
Vilavade,VID
Vilayatkalan Rd,VYK
Villianur,VI
Villivakkam,VLK
Villiyambakkam,VB
Villupuram Jn,VM
Vinaekma Halt,BNKM
Vindhyachal,BDL
Vinhere,VINH
Vinnamangalam,VGM
Vinukonda,VKN
Viramgam Jn,VG
Virani Alur,VRLR
Virapandy Road,VRPD
Virapur,VP
Virar,VR
Virarakkiyam,VRQ
Viravalli H,VRVL
Viravanallur,VVR
Viravasaram,VVM
Virbhadra,VRH
Virinchipuram,VJ
Virochannagar,VCN
Virpur,VRR
Virudunagar Jn,VPT
Visakhapatnam,VSKP
Visapur,VPR
Visavadar,VSW
Vishnupur Bathua H,VBH
Vishnupuram,VNUP
Vishrambag,VRB
Vishvamitri,VSI
Vishvamitri,VS
Visnagar,VNG
Viswanath Chrli,VNE
Viveka Vihar,VVB
Vivekanandpuri,VVKP
Vizianagram Jn,VZM
Voc Nagar,VOC
Vondh,VONB
Vriddhachalam Town,VRT
Vridhachalam Jn,VRI
Vrindaban Road,VRBD
Vrindavan,BDB
Vv Giri Halt,VVG
Vyara,VYA
Vyasa Colony,VC
Vyasanakeri,VYS
Vyasarpadi Jeeva,VJM
Vyasnagar,VYN
W R S Colony Ph,WRC
Wadakancheri,WKI
Wadegaon,WDG
Wadhwan City,WC
Wadi,WADI
Wadiaram,WDR
Wadoda,WADO
Wadrengdisa,WDA
Wadsa,WSA
Wadsinge,WDS
Wadwal Nagnath,WDLN
Waghai,WGI
Waghoda,WGA
Wagholi,WG
Wair,WAIR
Walajabad,WJ
Walajah Road Jn,WJR
Walayar,WRA
Walgaon,WLGN
Wanabar H,WKND
Wandal,WDL
Wander Jatana,WDJ
Wanegaon,WNG
Wangapalli,WP
Wani,WANI
Wankaner City,WKRC
Wankaner Jn,WKR
Wanparti Road,WPR
Wansjaliya,WSJ
Warangal,WL
Warasoni,WRI
Wardha Jn,WR
Waria,OYR
Warigaon Newada H,WRGN
Waris Aleganj,WRS
Warisganj H,WGJ
Warora,WRR
Warud Orange City,WOC
Washermanpet,WST
Washim,WHM
Washimbe,WSB
Wasud,WSD
Water Pipe,WTP
Wathar,WTR
Wayad,WAAD
Wazerganj,WZJ
Wellington,WEL
Wena,WENA
West Hill,WH
Wetalwadi,WTWI
Whitefield,WFD
Wimco Nagar,WCN
Wirur,WIRR
Wyndhamganj,WDM
Yadadri,YADD
Yadavalli,YADA
Yadgir,YG
Yadlapur,YDLP
Yadudih,YDD
Yadugram Bh,YGM
Yadvendranagar H,YDV
Yakutpura Kcg,YKA
Yalvigi,YLG
Yamuna Bdg Agra,JAB
Yamuna South Bank,JSB
Yamunanagar Jagadhri,YJUD
Yaqutganj H,YAG
Yaragoppa H,YGA
Yawarpura,YVP
Yedamangala H,YDM
Yedapalli,YDP
Yediyuru,YY
Yedshi,YSI
Yelburga,YLBA
Yelgur,YGL
Yelhanka Jn,YNK
Yeliyur,Y
Yellakaru,YLK
Yenugonda,YNG
Yeola,YL
Yermaras,YS
Yerpedu,YPD
Yerragudipad,YGD
Yerraguntla,YA
Yesvantpur Jn,YPR
Yeulkhed,YAD
Yevat,YT
Yogendra Dham H,YEAM
Yognagari Rishikesh,YNRK
Yusufpur,YFP
Zafarabad Jn,ZBD
Zahirabad,ZB
Zamania,ZNA
Zampini,ZPI
Zangalapalle,ZPL
Zarap,ZARP
Zawar,ZW
Zerpur Pali,ZP
Zindpura H,ZNP
Zorawarpura,ZPR
